review_id,order_id,product_id,rating,review_text,review_time
1,4,1157,2,Not great quality.,2022-02-01
2,7,405,4,Good value for money!,2020-03-07
3,7,487,5,"Excellent product, highly recommend!",2024-12-26
4,7,442,5,"Excellent product, highly recommend!",2021-03-18
5,7,348,4,Good value for money!,2025-09-30
6,23,1018,4,Good value for money!,2021-12-11
7,33,769,2,Not great quality.,2021-06-04
8,36,602,4,Good value for money!,2025-07-10
9,36,351,5,"Excellent product, highly recommend!",2020-05-08
10,49,501,3,Okay overall.,2023-02-12
11,50,535,5,"Excellent product, highly recommend!",2022-05-05
12,52,466,4,Good value for money!,2023-11-06
13,52,198,5,"Excellent product, highly recommend!",2021-11-15
14,52,458,5,"Excellent product, highly recommend!",2025-09-16
15,52,277,5,"Excellent product, highly recommend!",2021-12-05
16,54,177,2,Not great quality.,2021-10-02
17,54,259,4,Good value for money!,2024-09-23
18,60,458,4,Good value for money!,2022-12-10
19,60,1009,5,"Excellent product, highly recommend!",2024-09-18
20,60,284,3,Okay overall.,2025-04-03
21,60,892,5,"Excellent product, highly recommend!",2021-12-14
22,63,977,3,Okay overall.,2022-07-04
23,65,732,5,"Excellent product, highly recommend!",2020-03-27
24,67,10,5,"Excellent product, highly recommend!",2021-01-19
25,68,907,3,Okay overall.,2021-04-12
26,68,913,3,Okay overall.,2024-07-17
27,75,1171,5,"Excellent product, highly recommend!",2023-11-28
28,75,1163,3,Okay overall.,2023-12-12
29,75,1053,5,"Excellent product, highly recommend!",2020-05-06
30,75,1014,5,"Excellent product, highly recommend!",2020-02-08
31,80,973,4,Good value for money!,2023-09-16
32,84,563,5,"Excellent product, highly recommend!",2023-07-24
33,86,200,3,Okay overall.,2023-07-29
34,86,291,4,Good value for money!,2020-01-05
35,86,249,1,"Very disappointed, would not buy again.",2023-06-08
36,100,932,5,"Excellent product, highly recommend!",2022-09-14
37,100,1041,4,Good value for money!,2023-09-06
38,103,861,1,"Very disappointed, would not buy again.",2023-01-13
39,106,891,5,"Excellent product, highly recommend!",2022-09-14
40,115,855,5,"Excellent product, highly recommend!",2025-01-09
41,115,685,4,Good value for money!,2025-04-23
42,115,333,4,Good value for money!,2023-08-29
43,121,109,4,Good value for money!,2023-03-09
44,121,132,4,Good value for money!,2024-06-06
45,122,258,5,"Excellent product, highly recommend!",2023-06-17
46,130,1104,3,Okay overall.,2021-11-28
47,137,1017,5,"Excellent product, highly recommend!",2023-06-18
48,137,404,5,"Excellent product, highly recommend!",2025-08-26
49,138,1096,3,Okay overall.,2023-03-06
50,138,369,4,Good value for money!,2020-02-21
51,156,8,4,Good value for money!,2025-06-03
52,158,217,5,"Excellent product, highly recommend!",2023-01-18
53,165,942,3,Okay overall.,2020-12-20
54,166,783,4,Good value for money!,2024-02-06
55,166,769,2,Not great quality.,2024-12-03
56,170,1007,4,Good value for money!,2022-04-02
57,170,890,3,Okay overall.,2025-05-31
58,173,987,5,"Excellent product, highly recommend!",2020-06-18
59,173,514,4,Good value for money!,2024-05-04
60,174,1144,4,Good value for money!,2020-03-13
61,181,173,4,Good value for money!,2021-11-05
62,181,659,3,Okay overall.,2020-09-15
63,181,436,3,Okay overall.,2022-01-14
64,187,845,5,"Excellent product, highly recommend!",2021-02-10
65,187,728,4,Good value for money!,2022-04-18
66,188,675,3,Okay overall.,2022-07-16
67,188,879,5,"Excellent product, highly recommend!",2020-06-04
68,188,309,4,Good value for money!,2020-05-27
69,188,1022,4,Good value for money!,2023-04-05
70,191,494,5,"Excellent product, highly recommend!",2021-09-09
71,194,371,5,"Excellent product, highly recommend!",2024-04-25
72,194,563,5,"Excellent product, highly recommend!",2022-06-18
73,194,51,4,Good value for money!,2022-07-07
74,195,979,3,Okay overall.,2024-09-19
75,195,678,5,"Excellent product, highly recommend!",2024-11-01
76,195,313,5,"Excellent product, highly recommend!",2022-12-28
77,207,142,5,"Excellent product, highly recommend!",2021-06-29
78,207,653,5,"Excellent product, highly recommend!",2025-10-19
79,211,386,4,Good value for money!,2024-06-23
80,211,371,3,Okay overall.,2022-08-23
81,211,429,4,Good value for money!,2020-03-11
82,216,173,2,Not great quality.,2021-09-01
83,216,1177,4,Good value for money!,2021-11-17
84,217,1193,4,Good value for money!,2023-09-07
85,223,468,4,Good value for money!,2021-03-28
86,225,203,5,"Excellent product, highly recommend!",2022-08-21
87,233,911,3,Okay overall.,2022-03-03
88,233,896,3,Okay overall.,2023-09-24
89,244,949,3,Okay overall.,2022-12-08
90,244,981,4,Good value for money!,2024-09-11
91,261,455,4,Good value for money!,2025-09-12
92,261,971,5,"Excellent product, highly recommend!",2021-12-07
93,269,773,4,Good value for money!,2025-09-17
94,269,731,5,"Excellent product, highly recommend!",2025-03-21
95,269,748,5,"Excellent product, highly recommend!",2025-07-20
96,269,853,5,"Excellent product, highly recommend!",2025-02-04
97,276,555,2,Not great quality.,2021-03-21
98,279,1126,3,Okay overall.,2020-01-17
99,279,1099,4,Good value for money!,2025-02-21
100,283,1173,5,"Excellent product, highly recommend!",2020-05-04
101,285,457,4,Good value for money!,2023-10-25
102,300,1177,3,Okay overall.,2024-01-22
103,305,1161,3,Okay overall.,2021-06-01
104,305,535,5,"Excellent product, highly recommend!",2021-03-24
105,305,417,2,Not great quality.,2023-04-19
106,310,294,5,"Excellent product, highly recommend!",2023-10-06
107,310,244,4,Good value for money!,2023-12-05
108,325,462,4,Good value for money!,2021-06-20
109,326,596,3,Okay overall.,2020-12-29
110,328,341,4,Good value for money!,2025-08-24
111,334,1096,3,Okay overall.,2025-03-13
112,337,282,5,"Excellent product, highly recommend!",2021-04-16
113,337,1119,5,"Excellent product, highly recommend!",2023-02-17
114,337,677,1,"Very disappointed, would not buy again.",2021-12-17
115,337,997,4,Good value for money!,2022-08-28
116,338,1140,4,Good value for money!,2024-01-03
117,338,504,1,"Very disappointed, would not buy again.",2021-10-03
118,338,376,2,Not great quality.,2020-06-11
119,338,496,3,Okay overall.,2020-09-06
120,340,869,5,"Excellent product, highly recommend!",2022-06-20
121,340,381,4,Good value for money!,2023-09-28
122,340,451,2,Not great quality.,2020-08-21
123,340,271,5,"Excellent product, highly recommend!",2023-08-06
124,341,265,5,"Excellent product, highly recommend!",2022-08-04
125,341,1159,4,Good value for money!,2025-10-01
126,341,984,3,Okay overall.,2023-01-15
127,345,38,5,"Excellent product, highly recommend!",2023-06-04
128,352,1049,1,"Very disappointed, would not buy again.",2023-12-16
129,352,1098,4,Good value for money!,2023-10-20
130,361,823,5,"Excellent product, highly recommend!",2022-11-11
131,362,1077,5,"Excellent product, highly recommend!",2022-10-14
132,365,948,5,"Excellent product, highly recommend!",2020-01-25
133,365,509,5,"Excellent product, highly recommend!",2023-05-13
134,375,413,5,"Excellent product, highly recommend!",2023-01-15
135,375,891,3,Okay overall.,2023-09-07
136,376,279,5,"Excellent product, highly recommend!",2022-05-25
137,376,402,4,Good value for money!,2021-03-17
138,385,946,2,Not great quality.,2025-07-19
139,385,103,3,Okay overall.,2021-12-30
140,385,583,4,Good value for money!,2024-08-10
141,402,514,5,"Excellent product, highly recommend!",2024-07-15
142,404,314,3,Okay overall.,2022-06-02
143,410,438,4,Good value for money!,2021-10-05
144,410,196,5,"Excellent product, highly recommend!",2023-05-28
145,411,890,3,Okay overall.,2024-03-21
146,411,874,4,Good value for money!,2024-09-13
147,455,184,4,Good value for money!,2023-08-26
148,459,999,3,Okay overall.,2024-12-05
149,466,1170,3,Okay overall.,2021-09-12
150,466,446,4,Good value for money!,2022-07-25
151,481,380,4,Good value for money!,2021-10-01
152,482,557,3,Okay overall.,2022-02-05
153,482,1105,4,Good value for money!,2025-09-04
154,482,429,5,"Excellent product, highly recommend!",2023-06-24
155,497,1028,5,"Excellent product, highly recommend!",2022-04-18
156,501,1142,4,Good value for money!,2025-04-18
157,501,901,3,Okay overall.,2022-09-08
158,505,114,4,Good value for money!,2022-01-06
159,525,695,3,Okay overall.,2023-04-06
160,525,296,3,Okay overall.,2022-01-10
161,528,344,4,Good value for money!,2024-10-13
162,535,402,5,"Excellent product, highly recommend!",2024-04-19
163,537,385,1,"Very disappointed, would not buy again.",2022-01-01
164,542,498,5,"Excellent product, highly recommend!",2024-01-31
165,542,465,4,Good value for money!,2020-10-18
166,546,358,4,Good value for money!,2021-11-18
167,548,1095,2,Not great quality.,2023-07-05
168,548,967,5,"Excellent product, highly recommend!",2020-02-01
169,548,528,5,"Excellent product, highly recommend!",2024-07-16
170,553,1187,5,"Excellent product, highly recommend!",2022-09-21
171,553,191,3,Okay overall.,2024-08-24
172,554,287,4,Good value for money!,2021-07-09
173,554,333,5,"Excellent product, highly recommend!",2023-02-17
174,563,1026,3,Okay overall.,2021-09-29
175,563,1039,5,"Excellent product, highly recommend!",2021-07-20
176,566,1017,5,"Excellent product, highly recommend!",2023-01-23
177,572,510,3,Okay overall.,2022-04-05
178,572,386,4,Good value for money!,2020-06-13
179,577,731,4,Good value for money!,2024-09-15
180,577,416,3,Okay overall.,2023-12-25
181,578,950,5,"Excellent product, highly recommend!",2023-07-13
182,587,646,4,Good value for money!,2024-02-29
183,587,1086,4,Good value for money!,2021-06-06
184,615,225,3,Okay overall.,2023-06-01
185,615,492,4,Good value for money!,2021-03-12
186,615,907,4,Good value for money!,2025-02-09
187,615,828,4,Good value for money!,2024-03-24
188,620,975,3,Okay overall.,2020-12-31
189,620,978,4,Good value for money!,2020-11-08
190,620,866,5,"Excellent product, highly recommend!",2024-11-24
191,620,879,5,"Excellent product, highly recommend!",2022-11-26
192,623,1197,4,Good value for money!,2021-03-31
193,623,1035,4,Good value for money!,2021-03-04
194,629,217,4,Good value for money!,2022-12-18
195,629,528,5,"Excellent product, highly recommend!",2025-04-29
196,629,528,4,Good value for money!,2022-06-19
197,629,683,4,Good value for money!,2024-11-04
198,630,1010,5,"Excellent product, highly recommend!",2023-06-13
199,630,332,3,Okay overall.,2020-12-21
200,630,142,5,"Excellent product, highly recommend!",2024-04-10
201,637,163,5,"Excellent product, highly recommend!",2021-12-03
202,637,409,5,"Excellent product, highly recommend!",2022-03-22
203,640,493,4,Good value for money!,2022-09-05
204,640,463,3,Okay overall.,2020-04-15
205,653,1013,5,"Excellent product, highly recommend!",2022-06-02
206,660,611,4,Good value for money!,2025-07-18
207,660,312,4,Good value for money!,2023-12-21
208,664,391,5,"Excellent product, highly recommend!",2020-07-31
209,664,436,5,"Excellent product, highly recommend!",2021-11-23
210,664,402,4,Good value for money!,2023-06-18
211,664,504,4,Good value for money!,2020-03-29
212,680,1026,4,Good value for money!,2021-07-27
213,686,585,2,Not great quality.,2023-12-31
214,686,884,5,"Excellent product, highly recommend!",2025-01-29
215,686,800,4,Good value for money!,2024-10-09
216,690,908,5,"Excellent product, highly recommend!",2024-06-21
217,690,1011,1,"Very disappointed, would not buy again.",2024-01-25
218,691,809,3,Okay overall.,2022-03-17
219,692,208,3,Okay overall.,2020-06-18
220,692,114,4,Good value for money!,2025-03-31
221,695,353,5,"Excellent product, highly recommend!",2025-05-30
222,701,485,3,Okay overall.,2020-07-31
223,704,998,3,Okay overall.,2024-12-25
224,709,1115,3,Okay overall.,2024-12-24
225,709,657,5,"Excellent product, highly recommend!",2022-11-14
226,729,460,1,"Very disappointed, would not buy again.",2022-03-06
227,738,377,5,"Excellent product, highly recommend!",2022-11-20
228,753,827,4,Good value for money!,2023-02-27
229,760,921,5,"Excellent product, highly recommend!",2022-07-27
230,764,36,4,Good value for money!,2020-12-17
231,764,296,4,Good value for money!,2021-03-07
232,772,454,4,Good value for money!,2025-06-22
233,772,654,5,"Excellent product, highly recommend!",2024-08-06
234,772,557,2,Not great quality.,2021-09-03
235,772,532,5,"Excellent product, highly recommend!",2020-12-18
236,785,1080,4,Good value for money!,2024-12-12
237,804,459,5,"Excellent product, highly recommend!",2025-10-26
238,805,220,2,Not great quality.,2025-05-21
239,806,385,5,"Excellent product, highly recommend!",2024-03-16
240,806,1111,5,"Excellent product, highly recommend!",2024-01-19
241,806,406,5,"Excellent product, highly recommend!",2023-09-12
242,806,573,5,"Excellent product, highly recommend!",2020-04-18
243,808,331,3,Okay overall.,2024-11-11
244,815,268,5,"Excellent product, highly recommend!",2020-12-28
245,817,319,2,Not great quality.,2024-01-21
246,841,1115,5,"Excellent product, highly recommend!",2023-10-05
247,845,55,3,Okay overall.,2024-04-06
248,845,228,5,"Excellent product, highly recommend!",2022-02-14
249,845,981,4,Good value for money!,2020-07-07
250,846,281,2,Not great quality.,2025-01-29
251,846,338,5,"Excellent product, highly recommend!",2025-09-08
252,857,107,5,"Excellent product, highly recommend!",2020-03-28
253,861,454,4,Good value for money!,2020-09-28
254,875,910,5,"Excellent product, highly recommend!",2022-06-28
255,879,1154,4,Good value for money!,2021-05-11
256,887,1148,4,Good value for money!,2023-01-08
257,887,1086,5,"Excellent product, highly recommend!",2020-03-18
258,892,1105,5,"Excellent product, highly recommend!",2024-05-25
259,892,1176,1,"Very disappointed, would not buy again.",2022-07-14
260,892,581,4,Good value for money!,2025-07-24
261,896,392,4,Good value for money!,2022-11-14
262,896,759,5,"Excellent product, highly recommend!",2025-09-13
263,898,1175,4,Good value for money!,2023-10-05
264,900,27,4,Good value for money!,2020-01-08
265,900,1014,5,"Excellent product, highly recommend!",2024-10-06
266,913,340,4,Good value for money!,2020-02-22
267,913,271,4,Good value for money!,2024-12-20
268,913,291,5,"Excellent product, highly recommend!",2020-02-10
269,918,223,4,Good value for money!,2023-04-15
270,918,606,4,Good value for money!,2023-01-10
271,918,297,5,"Excellent product, highly recommend!",2020-09-24
272,920,671,4,Good value for money!,2022-09-27
273,920,591,3,Okay overall.,2025-05-26
274,920,1091,5,"Excellent product, highly recommend!",2023-04-19
275,939,418,3,Okay overall.,2020-09-04
276,939,493,4,Good value for money!,2024-01-24
277,941,457,4,Good value for money!,2021-05-05
278,941,482,4,Good value for money!,2022-02-28
279,952,367,4,Good value for money!,2024-01-02
280,953,414,4,Good value for money!,2025-01-09
281,955,483,3,Okay overall.,2025-06-07
282,955,434,5,"Excellent product, highly recommend!",2022-10-02
283,961,387,4,Good value for money!,2025-09-21
284,961,826,4,Good value for money!,2020-09-10
285,961,725,4,Good value for money!,2022-09-20
286,963,103,4,Good value for money!,2022-10-20
287,965,976,5,"Excellent product, highly recommend!",2023-04-17
288,965,553,3,Okay overall.,2023-12-01
289,966,744,5,"Excellent product, highly recommend!",2025-06-13
290,971,172,5,"Excellent product, highly recommend!",2020-03-21
291,972,1180,4,Good value for money!,2021-06-25
292,972,1052,5,"Excellent product, highly recommend!",2022-05-15
293,972,1029,5,"Excellent product, highly recommend!",2024-07-22
294,972,1173,4,Good value for money!,2025-03-25
295,988,708,4,Good value for money!,2022-11-06
296,992,977,4,Good value for money!,2024-08-10
297,996,92,2,Not great quality.,2023-03-22
298,998,1116,4,Good value for money!,2025-07-28
299,1006,980,4,Good value for money!,2022-05-21
300,1006,873,5,"Excellent product, highly recommend!",2025-08-05
301,1007,1150,5,"Excellent product, highly recommend!",2025-06-04
302,1008,1108,2,Not great quality.,2025-03-29
303,1021,873,3,Okay overall.,2021-04-26
304,1021,920,3,Okay overall.,2022-10-12
305,1028,776,3,Okay overall.,2022-06-07
306,1028,842,3,Okay overall.,2025-02-06
307,1028,837,5,"Excellent product, highly recommend!",2021-12-04
308,1029,1051,5,"Excellent product, highly recommend!",2021-09-26
309,1038,428,5,"Excellent product, highly recommend!",2020-09-06
310,1038,1194,4,Good value for money!,2020-11-28
311,1038,769,5,"Excellent product, highly recommend!",2025-04-19
312,1046,901,3,Okay overall.,2022-05-01
313,1046,1152,3,Okay overall.,2021-04-22
314,1046,936,4,Good value for money!,2023-03-15
315,1048,522,4,Good value for money!,2020-10-09
316,1054,983,4,Good value for money!,2021-02-19
317,1055,1007,5,"Excellent product, highly recommend!",2022-08-13
318,1060,27,4,Good value for money!,2023-01-09
319,1061,979,3,Okay overall.,2025-07-25
320,1066,483,4,Good value for money!,2021-05-29
321,1066,416,4,Good value for money!,2021-08-24
322,1066,866,4,Good value for money!,2020-11-20
323,1066,464,5,"Excellent product, highly recommend!",2022-07-16
324,1069,442,4,Good value for money!,2025-07-03
325,1078,1043,5,"Excellent product, highly recommend!",2022-10-21
326,1080,334,4,Good value for money!,2023-03-23
327,1081,477,2,Not great quality.,2024-01-27
328,1083,696,4,Good value for money!,2024-12-22
329,1087,937,5,"Excellent product, highly recommend!",2020-03-25
330,1097,909,4,Good value for money!,2020-12-12
331,1097,56,4,Good value for money!,2020-01-24
332,1097,509,3,Okay overall.,2024-06-29
333,1098,374,3,Okay overall.,2025-10-26
334,1098,417,4,Good value for money!,2020-01-05
335,1098,504,4,Good value for money!,2020-10-25
336,1101,847,4,Good value for money!,2022-02-15
337,1101,1173,3,Okay overall.,2025-08-10
338,1129,916,4,Good value for money!,2020-07-27
339,1139,231,4,Good value for money!,2020-02-07
340,1139,203,5,"Excellent product, highly recommend!",2023-12-12
341,1143,1033,4,Good value for money!,2023-07-05
342,1143,1105,4,Good value for money!,2021-04-08
343,1143,571,4,Good value for money!,2021-12-17
344,1147,824,5,"Excellent product, highly recommend!",2024-04-08
345,1147,838,4,Good value for money!,2023-02-16
346,1157,777,4,Good value for money!,2024-06-06
347,1157,782,4,Good value for money!,2020-09-16
348,1157,771,2,Not great quality.,2023-04-01
349,1157,698,5,"Excellent product, highly recommend!",2024-05-21
350,1167,103,5,"Excellent product, highly recommend!",2025-06-19
351,1167,69,5,"Excellent product, highly recommend!",2021-05-31
352,1167,107,5,"Excellent product, highly recommend!",2024-05-11
353,1169,778,4,Good value for money!,2021-09-25
354,1169,220,5,"Excellent product, highly recommend!",2023-06-12
355,1171,602,5,"Excellent product, highly recommend!",2020-07-20
356,1171,1153,4,Good value for money!,2023-12-30
357,1171,953,3,Okay overall.,2021-08-28
358,1172,634,5,"Excellent product, highly recommend!",2024-01-03
359,1172,612,4,Good value for money!,2023-07-04
360,1177,246,4,Good value for money!,2022-10-30
361,1177,1118,4,Good value for money!,2020-06-23
362,1178,649,5,"Excellent product, highly recommend!",2024-05-19
363,1178,544,4,Good value for money!,2021-07-17
364,1179,608,5,"Excellent product, highly recommend!",2022-04-07
365,1180,496,4,Good value for money!,2020-05-18
366,1192,798,3,Okay overall.,2024-01-12
367,1197,243,5,"Excellent product, highly recommend!",2021-10-07
368,1197,10,3,Okay overall.,2022-02-28
369,1197,265,5,"Excellent product, highly recommend!",2020-09-29
370,1197,425,5,"Excellent product, highly recommend!",2022-11-23
371,1198,963,3,Okay overall.,2024-07-09
372,1203,508,5,"Excellent product, highly recommend!",2020-03-13
373,1203,903,4,Good value for money!,2025-08-10
374,1211,1098,5,"Excellent product, highly recommend!",2021-10-04
375,1220,496,5,"Excellent product, highly recommend!",2024-04-26
376,1220,363,5,"Excellent product, highly recommend!",2023-08-24
377,1220,1006,4,Good value for money!,2023-10-24
378,1233,1162,1,"Very disappointed, would not buy again.",2023-08-13
379,1233,1093,3,Okay overall.,2023-12-31
380,1248,614,4,Good value for money!,2025-06-27
381,1264,511,3,Okay overall.,2022-08-03
382,1264,1155,5,"Excellent product, highly recommend!",2020-07-03
383,1264,398,3,Okay overall.,2024-01-29
384,1272,1148,4,Good value for money!,2024-12-07
385,1281,1018,2,Not great quality.,2022-03-24
386,1284,1140,5,"Excellent product, highly recommend!",2025-02-16
387,1284,813,5,"Excellent product, highly recommend!",2020-02-15
388,1285,1174,1,"Very disappointed, would not buy again.",2023-12-19
389,1285,945,5,"Excellent product, highly recommend!",2020-04-24
390,1293,1056,5,"Excellent product, highly recommend!",2024-02-09
391,1293,381,4,Good value for money!,2022-06-01
392,1293,966,2,Not great quality.,2021-04-11
393,1293,14,4,Good value for money!,2024-07-05
394,1295,505,5,"Excellent product, highly recommend!",2024-03-05
395,1302,489,3,Okay overall.,2022-09-08
396,1302,507,5,"Excellent product, highly recommend!",2021-09-19
397,1302,392,2,Not great quality.,2020-06-30
398,1302,424,4,Good value for money!,2024-06-28
399,1310,413,4,Good value for money!,2024-05-16
400,1310,267,4,Good value for money!,2021-07-09
401,1313,977,4,Good value for money!,2022-03-06
402,1313,623,4,Good value for money!,2022-07-06
403,1317,559,4,Good value for money!,2023-12-29
404,1327,1022,2,Not great quality.,2023-07-09
405,1338,743,4,Good value for money!,2023-01-24
406,1341,1180,2,Not great quality.,2025-04-09
407,1346,322,4,Good value for money!,2020-10-25
408,1346,997,5,"Excellent product, highly recommend!",2020-02-06
409,1346,775,4,Good value for money!,2023-11-26
410,1346,953,4,Good value for money!,2023-02-26
411,1362,114,3,Okay overall.,2020-01-22
412,1364,347,5,"Excellent product, highly recommend!",2021-03-06
413,1371,579,3,Okay overall.,2023-10-20
414,1371,591,4,Good value for money!,2025-04-17
415,1371,623,3,Okay overall.,2021-08-01
416,1371,548,4,Good value for money!,2020-05-10
417,1371,1016,5,"Excellent product, highly recommend!",2020-07-16
418,1371,570,5,"Excellent product, highly recommend!",2023-09-25
419,1375,479,3,Okay overall.,2020-05-13
420,1383,406,5,"Excellent product, highly recommend!",2025-03-16
421,1392,997,5,"Excellent product, highly recommend!",2025-06-28
422,1392,559,5,"Excellent product, highly recommend!",2022-09-02
423,1395,1151,4,Good value for money!,2022-03-22
424,1395,984,4,Good value for money!,2023-12-31
425,1395,1160,3,Okay overall.,2022-09-29
426,1397,511,1,"Very disappointed, would not buy again.",2021-05-09
427,1397,289,4,Good value for money!,2025-09-02
428,1397,461,5,"Excellent product, highly recommend!",2025-09-30
429,1399,382,3,Okay overall.,2020-05-20
430,1399,930,4,Good value for money!,2021-03-31
431,1411,845,5,"Excellent product, highly recommend!",2021-09-28
432,1411,1181,5,"Excellent product, highly recommend!",2020-11-16
433,1411,1086,5,"Excellent product, highly recommend!",2020-09-23
434,1411,1141,4,Good value for money!,2021-02-04
435,1413,480,2,Not great quality.,2022-05-25
436,1415,995,2,Not great quality.,2024-02-13
437,1415,1112,4,Good value for money!,2023-07-15
438,1422,1167,5,"Excellent product, highly recommend!",2023-10-29
439,1430,432,5,"Excellent product, highly recommend!",2025-03-09
440,1431,493,5,"Excellent product, highly recommend!",2024-08-08
441,1431,359,2,Not great quality.,2024-01-16
442,1433,412,4,Good value for money!,2021-08-17
443,1434,455,5,"Excellent product, highly recommend!",2024-11-07
444,1436,673,3,Okay overall.,2022-10-26
445,1460,1084,2,Not great quality.,2021-06-13
446,1460,1177,4,Good value for money!,2025-04-07
447,1478,173,2,Not great quality.,2024-02-20
448,1482,593,3,Okay overall.,2021-06-27
449,1484,1160,5,"Excellent product, highly recommend!",2022-11-29
450,1488,993,3,Okay overall.,2023-08-19
451,1488,1077,4,Good value for money!,2024-10-30
452,1488,482,4,Good value for money!,2024-10-09
453,1489,111,4,Good value for money!,2021-02-13
454,1489,9,1,"Very disappointed, would not buy again.",2021-07-07
455,1506,1150,4,Good value for money!,2021-05-12
456,1506,532,3,Okay overall.,2022-03-15
457,1512,770,4,Good value for money!,2023-06-16
458,1512,835,5,"Excellent product, highly recommend!",2021-03-25
459,1512,825,4,Good value for money!,2020-08-17
460,1520,1175,5,"Excellent product, highly recommend!",2020-03-23
461,1525,948,5,"Excellent product, highly recommend!",2021-08-06
462,1526,428,5,"Excellent product, highly recommend!",2022-12-09
463,1530,468,5,"Excellent product, highly recommend!",2021-10-04
464,1532,461,5,"Excellent product, highly recommend!",2022-09-12
465,1532,1013,3,Okay overall.,2022-06-15
466,1532,203,5,"Excellent product, highly recommend!",2022-01-18
467,1533,1023,4,Good value for money!,2020-06-02
468,1533,1086,5,"Excellent product, highly recommend!",2021-06-03
469,1533,896,5,"Excellent product, highly recommend!",2023-06-13
470,1544,1071,5,"Excellent product, highly recommend!",2021-10-29
471,1545,576,5,"Excellent product, highly recommend!",2020-12-21
472,1546,679,5,"Excellent product, highly recommend!",2023-09-04
473,1554,105,3,Okay overall.,2021-12-23
474,1555,472,5,"Excellent product, highly recommend!",2023-12-31
475,1555,386,4,Good value for money!,2021-07-19
476,1555,463,1,"Very disappointed, would not buy again.",2020-07-25
477,1558,1174,4,Good value for money!,2024-06-04
478,1558,1137,5,"Excellent product, highly recommend!",2025-08-11
479,1560,327,5,"Excellent product, highly recommend!",2025-06-02
480,1562,954,1,"Very disappointed, would not buy again.",2024-08-12
481,1562,1060,5,"Excellent product, highly recommend!",2025-10-25
482,1562,982,4,Good value for money!,2022-03-14
483,1567,678,2,Not great quality.,2022-02-21
484,1571,879,3,Okay overall.,2020-06-19
485,1571,744,5,"Excellent product, highly recommend!",2024-11-03
486,1577,805,4,Good value for money!,2020-08-10
487,1579,383,3,Okay overall.,2022-05-15
488,1579,538,5,"Excellent product, highly recommend!",2025-06-19
489,1580,787,4,Good value for money!,2021-12-28
490,1580,491,4,Good value for money!,2023-03-07
491,1580,1097,5,"Excellent product, highly recommend!",2020-06-13
492,1580,1149,4,Good value for money!,2024-10-12
493,1582,1101,4,Good value for money!,2021-12-07
494,1582,321,4,Good value for money!,2022-10-20
495,1582,241,5,"Excellent product, highly recommend!",2022-08-18
496,1604,696,3,Okay overall.,2024-07-13
497,1604,652,4,Good value for money!,2024-08-27
498,1609,734,4,Good value for money!,2025-04-12
499,1609,861,5,"Excellent product, highly recommend!",2021-02-15
500,1609,647,5,"Excellent product, highly recommend!",2022-07-31
501,1613,959,5,"Excellent product, highly recommend!",2025-01-27
502,1620,327,5,"Excellent product, highly recommend!",2023-10-10
503,1624,651,1,"Very disappointed, would not buy again.",2020-11-05
504,1625,451,5,"Excellent product, highly recommend!",2021-06-07
505,1627,944,1,"Very disappointed, would not buy again.",2020-03-18
506,1627,795,3,Okay overall.,2020-08-12
507,1627,1140,5,"Excellent product, highly recommend!",2021-10-14
508,1628,879,4,Good value for money!,2020-04-01
509,1633,670,5,"Excellent product, highly recommend!",2020-08-30
510,1647,1138,5,"Excellent product, highly recommend!",2021-08-27
511,1647,1172,3,Okay overall.,2021-12-25
512,1648,880,5,"Excellent product, highly recommend!",2022-10-01
513,1648,1013,4,Good value for money!,2021-08-27
514,1648,1022,5,"Excellent product, highly recommend!",2023-12-24
515,1662,871,4,Good value for money!,2020-02-17
516,1662,885,3,Okay overall.,2024-03-20
517,1675,389,2,Not great quality.,2020-09-06
518,1678,296,5,"Excellent product, highly recommend!",2023-07-31
519,1678,1138,5,"Excellent product, highly recommend!",2021-03-31
520,1678,219,5,"Excellent product, highly recommend!",2024-01-01
521,1684,1025,2,Not great quality.,2022-07-16
522,1685,1017,3,Okay overall.,2021-07-03
523,1685,865,4,Good value for money!,2023-09-19
524,1687,936,2,Not great quality.,2023-06-21
525,1687,705,2,Not great quality.,2020-02-18
526,1687,602,5,"Excellent product, highly recommend!",2021-09-06
527,1689,507,4,Good value for money!,2023-01-04
528,1692,366,5,"Excellent product, highly recommend!",2022-01-16
529,1692,418,5,"Excellent product, highly recommend!",2023-07-13
530,1692,474,2,Not great quality.,2025-05-03
531,1692,478,4,Good value for money!,2021-12-14
532,1692,502,5,"Excellent product, highly recommend!",2021-07-08
533,1695,487,3,Okay overall.,2025-01-14
534,1695,455,5,"Excellent product, highly recommend!",2024-05-17
535,1696,410,2,Not great quality.,2021-10-29
536,1696,517,5,"Excellent product, highly recommend!",2022-08-02
537,1698,623,5,"Excellent product, highly recommend!",2020-10-25
538,1709,372,5,"Excellent product, highly recommend!",2022-02-12
539,1709,336,5,"Excellent product, highly recommend!",2022-06-10
540,1710,104,3,Okay overall.,2021-09-09
541,1713,620,5,"Excellent product, highly recommend!",2025-01-17
542,1715,425,5,"Excellent product, highly recommend!",2022-02-03
543,1720,922,3,Okay overall.,2022-08-05
544,1724,615,4,Good value for money!,2021-10-25
545,1724,5,5,"Excellent product, highly recommend!",2025-07-23
546,1724,957,4,Good value for money!,2020-04-21
547,1728,594,5,"Excellent product, highly recommend!",2021-06-22
548,1728,362,5,"Excellent product, highly recommend!",2020-07-12
549,1737,1154,4,Good value for money!,2022-05-18
550,1743,177,3,Okay overall.,2025-06-23
551,1743,374,1,"Very disappointed, would not buy again.",2020-08-10
552,1747,366,3,Okay overall.,2022-07-20
553,1747,321,4,Good value for money!,2021-02-20
554,1747,622,5,"Excellent product, highly recommend!",2025-10-14
555,1747,496,5,"Excellent product, highly recommend!",2022-04-28
556,1753,632,1,"Very disappointed, would not buy again.",2023-07-11
557,1762,510,3,Okay overall.,2024-10-28
558,1762,425,3,Okay overall.,2022-01-02
559,1768,1028,4,Good value for money!,2024-05-27
560,1768,1159,4,Good value for money!,2022-10-19
561,1768,1191,4,Good value for money!,2021-09-01
562,1770,860,5,"Excellent product, highly recommend!",2021-04-15
563,1772,148,1,"Very disappointed, would not buy again.",2022-11-16
564,1776,636,4,Good value for money!,2023-12-08
565,1778,695,4,Good value for money!,2025-08-08
566,1779,444,3,Okay overall.,2025-09-08
567,1779,35,4,Good value for money!,2021-02-15
568,1779,1100,4,Good value for money!,2023-07-28
569,1779,1170,5,"Excellent product, highly recommend!",2024-03-21
570,1780,1081,4,Good value for money!,2021-08-08
571,1792,1004,4,Good value for money!,2021-05-04
572,1792,540,5,"Excellent product, highly recommend!",2020-01-03
573,1796,142,3,Okay overall.,2021-08-27
574,1796,94,5,"Excellent product, highly recommend!",2024-06-14
575,1796,980,4,Good value for money!,2023-08-05
576,1799,678,3,Okay overall.,2022-05-17
577,1799,699,1,"Very disappointed, would not buy again.",2021-12-26
578,1804,432,3,Okay overall.,2023-09-28
579,1806,404,4,Good value for money!,2021-12-20
580,1811,839,5,"Excellent product, highly recommend!",2023-10-25
581,1812,1036,5,"Excellent product, highly recommend!",2023-06-04
582,1812,747,4,Good value for money!,2020-06-26
583,1812,460,4,Good value for money!,2025-05-07
584,1815,1047,4,Good value for money!,2021-03-14
585,1819,1058,5,"Excellent product, highly recommend!",2025-10-06
586,1821,952,4,Good value for money!,2023-05-26
587,1824,1016,4,Good value for money!,2024-10-14
588,1829,1195,5,"Excellent product, highly recommend!",2025-07-18
589,1829,1170,1,"Very disappointed, would not buy again.",2022-01-10
590,1832,747,5,"Excellent product, highly recommend!",2020-03-25
591,1832,798,4,Good value for money!,2021-06-19
592,1835,485,5,"Excellent product, highly recommend!",2021-06-04
593,1837,218,4,Good value for money!,2022-04-22
594,1837,303,3,Okay overall.,2024-07-17
595,1839,239,3,Okay overall.,2022-10-04
596,1839,213,5,"Excellent product, highly recommend!",2020-04-22
597,1844,825,5,"Excellent product, highly recommend!",2021-01-22
598,1844,1020,2,Not great quality.,2022-03-30
599,1848,12,2,Not great quality.,2023-02-19
600,1848,442,5,"Excellent product, highly recommend!",2021-11-14
601,1848,419,5,"Excellent product, highly recommend!",2022-02-23
602,1851,1018,4,Good value for money!,2021-09-08
603,1851,155,5,"Excellent product, highly recommend!",2022-11-30
604,1851,450,2,Not great quality.,2020-05-18
605,1851,1129,5,"Excellent product, highly recommend!",2022-03-18
606,1852,1083,4,Good value for money!,2024-10-14
607,1852,1108,5,"Excellent product, highly recommend!",2024-06-03
608,1852,743,5,"Excellent product, highly recommend!",2021-06-06
609,1856,362,5,"Excellent product, highly recommend!",2025-02-01
610,1856,310,5,"Excellent product, highly recommend!",2024-06-12
611,1856,492,5,"Excellent product, highly recommend!",2023-04-24
612,1856,770,5,"Excellent product, highly recommend!",2023-10-10
613,1856,196,5,"Excellent product, highly recommend!",2022-06-08
614,1857,464,4,Good value for money!,2024-10-07
615,1859,372,3,Okay overall.,2022-02-04
616,1859,380,1,"Very disappointed, would not buy again.",2023-10-01
617,1870,765,4,Good value for money!,2021-04-18
618,1871,1166,1,"Very disappointed, would not buy again.",2021-05-14
619,1871,500,5,"Excellent product, highly recommend!",2021-02-18
620,1871,401,4,Good value for money!,2020-11-10
621,1871,358,5,"Excellent product, highly recommend!",2025-07-05
622,1871,360,3,Okay overall.,2024-08-10
623,1872,548,4,Good value for money!,2020-08-20
624,1875,1149,5,"Excellent product, highly recommend!",2021-04-07
625,1883,428,4,Good value for money!,2023-05-10
626,1901,992,4,Good value for money!,2021-09-02
627,1901,327,4,Good value for money!,2021-05-16
628,1904,1194,4,Good value for money!,2023-09-18
629,1904,970,4,Good value for money!,2022-10-20
630,1909,306,5,"Excellent product, highly recommend!",2025-02-21
631,1909,914,5,"Excellent product, highly recommend!",2023-07-15
632,1916,334,2,Not great quality.,2021-01-11
633,1916,577,5,"Excellent product, highly recommend!",2025-01-12
634,1916,275,1,"Very disappointed, would not buy again.",2025-04-30
635,1916,221,5,"Excellent product, highly recommend!",2025-08-28
636,1925,190,2,Not great quality.,2022-12-31
637,1925,671,4,Good value for money!,2022-03-31
638,1925,1085,5,"Excellent product, highly recommend!",2022-06-25
639,1925,199,3,Okay overall.,2023-03-04
640,1928,84,5,"Excellent product, highly recommend!",2023-02-22
641,1933,1043,4,Good value for money!,2021-04-29
642,1936,755,3,Okay overall.,2024-05-11
643,1944,991,3,Okay overall.,2020-01-05
644,1944,906,3,Okay overall.,2020-11-21
645,1944,52,4,Good value for money!,2020-04-24
646,1945,877,5,"Excellent product, highly recommend!",2020-02-04
647,1964,1172,2,Not great quality.,2021-08-20
648,1964,927,3,Okay overall.,2021-08-10
649,1964,662,5,"Excellent product, highly recommend!",2020-11-29
650,1967,445,3,Okay overall.,2023-04-23
651,1967,42,1,"Very disappointed, would not buy again.",2023-04-30
652,1972,1188,3,Okay overall.,2024-09-19
653,1972,1159,3,Okay overall.,2020-04-07
654,1980,14,4,Good value for money!,2021-06-10
655,1984,250,3,Okay overall.,2022-08-09
656,1988,817,1,"Very disappointed, would not buy again.",2025-03-30
657,1991,850,5,"Excellent product, highly recommend!",2021-06-04
658,1994,874,4,Good value for money!,2023-12-03
659,2013,504,5,"Excellent product, highly recommend!",2023-11-19
660,2013,373,4,Good value for money!,2021-06-28
661,2014,1030,3,Okay overall.,2024-03-06
662,2014,1189,5,"Excellent product, highly recommend!",2024-11-03
663,2014,698,5,"Excellent product, highly recommend!",2020-03-27
664,2020,1058,5,"Excellent product, highly recommend!",2021-12-12
665,2021,792,1,"Very disappointed, would not buy again.",2022-08-23
666,2026,847,4,Good value for money!,2021-05-11
667,2026,690,5,"Excellent product, highly recommend!",2021-11-14
668,2030,848,4,Good value for money!,2024-03-28
669,2030,789,5,"Excellent product, highly recommend!",2023-08-23
670,2030,899,3,Okay overall.,2020-10-24
671,2037,1141,2,Not great quality.,2024-03-18
672,2044,1099,2,Not great quality.,2021-03-14
673,2045,132,2,Not great quality.,2021-07-12
674,2045,393,3,Okay overall.,2021-03-29
675,2051,101,5,"Excellent product, highly recommend!",2024-11-16
676,2066,177,4,Good value for money!,2020-06-18
677,2066,200,3,Okay overall.,2024-01-26
678,2077,820,4,Good value for money!,2020-09-21
679,2081,42,4,Good value for money!,2024-04-16
680,2081,247,4,Good value for money!,2022-04-19
681,2081,225,5,"Excellent product, highly recommend!",2024-03-15
682,2084,884,4,Good value for money!,2021-06-20
683,2099,1171,4,Good value for money!,2021-09-16
684,2109,335,5,"Excellent product, highly recommend!",2025-06-08
685,2123,697,3,Okay overall.,2024-10-23
686,2123,360,5,"Excellent product, highly recommend!",2023-12-06
687,2125,882,4,Good value for money!,2025-06-21
688,2125,1007,3,Okay overall.,2023-10-30
689,2129,881,4,Good value for money!,2023-04-27
690,2145,680,5,"Excellent product, highly recommend!",2022-04-23
691,2145,350,5,"Excellent product, highly recommend!",2020-03-04
692,2149,1001,4,Good value for money!,2021-04-12
693,2149,1058,4,Good value for money!,2025-10-16
694,2152,310,4,Good value for money!,2024-02-14
695,2152,1059,5,"Excellent product, highly recommend!",2023-04-01
696,2171,688,4,Good value for money!,2025-08-20
697,2174,502,2,Not great quality.,2024-09-28
698,2174,368,4,Good value for money!,2022-06-13
699,2174,568,4,Good value for money!,2020-12-10
700,2186,749,1,"Very disappointed, would not buy again.",2023-01-05
701,2186,763,4,Good value for money!,2020-08-27
702,2186,1193,2,Not great quality.,2020-11-26
703,2187,1102,5,"Excellent product, highly recommend!",2022-04-28
704,2187,979,5,"Excellent product, highly recommend!",2024-02-03
705,2187,683,5,"Excellent product, highly recommend!",2021-11-23
706,2187,677,5,"Excellent product, highly recommend!",2025-05-25
707,2189,909,3,Okay overall.,2024-03-29
708,2189,1169,3,Okay overall.,2023-10-25
709,2189,967,4,Good value for money!,2025-07-29
710,2196,487,2,Not great quality.,2025-05-24
711,2196,865,4,Good value for money!,2022-04-07
712,2198,987,3,Okay overall.,2023-04-03
713,2200,91,4,Good value for money!,2021-10-31
714,2201,1152,3,Okay overall.,2021-10-02
715,2213,769,2,Not great quality.,2020-08-08
716,2214,653,5,"Excellent product, highly recommend!",2020-09-27
717,2214,483,4,Good value for money!,2021-10-11
718,2232,748,5,"Excellent product, highly recommend!",2020-07-18
719,2233,60,5,"Excellent product, highly recommend!",2020-05-02
720,2233,132,4,Good value for money!,2020-09-20
721,2235,711,4,Good value for money!,2023-10-06
722,2235,1094,5,"Excellent product, highly recommend!",2020-01-25
723,2236,748,5,"Excellent product, highly recommend!",2024-06-10
724,2237,262,3,Okay overall.,2022-02-14
725,2237,848,5,"Excellent product, highly recommend!",2021-10-20
726,2243,957,3,Okay overall.,2021-02-08
727,2245,1148,3,Okay overall.,2021-08-12
728,2245,247,5,"Excellent product, highly recommend!",2020-10-09
729,2253,282,4,Good value for money!,2024-10-01
730,2253,1028,3,Okay overall.,2023-12-11
731,2264,990,4,Good value for money!,2025-06-03
732,2264,733,4,Good value for money!,2021-07-12
733,2264,735,2,Not great quality.,2023-10-12
734,2271,47,2,Not great quality.,2022-08-19
735,2275,210,5,"Excellent product, highly recommend!",2020-06-06
736,2280,1105,5,"Excellent product, highly recommend!",2025-04-03
737,2288,219,2,Not great quality.,2020-08-21
738,2288,156,5,"Excellent product, highly recommend!",2021-09-05
739,2290,506,5,"Excellent product, highly recommend!",2022-06-01
740,2293,278,2,Not great quality.,2023-05-17
741,2293,288,4,Good value for money!,2023-01-15
742,2297,1095,5,"Excellent product, highly recommend!",2025-06-12
743,2297,871,5,"Excellent product, highly recommend!",2022-05-27
744,2303,277,2,Not great quality.,2020-10-27
745,2312,1182,3,Okay overall.,2024-08-31
746,2314,123,5,"Excellent product, highly recommend!",2022-01-16
747,2319,510,5,"Excellent product, highly recommend!",2022-10-14
748,2320,903,3,Okay overall.,2021-06-25
749,2321,1016,3,Okay overall.,2021-03-08
750,2321,679,5,"Excellent product, highly recommend!",2022-05-31
751,2323,990,3,Okay overall.,2023-09-11
752,2324,575,3,Okay overall.,2022-12-28
753,2328,793,5,"Excellent product, highly recommend!",2024-07-04
754,2332,620,2,Not great quality.,2025-05-29
755,2334,328,4,Good value for money!,2022-12-01
756,2334,940,4,Good value for money!,2022-01-23
757,2334,201,5,"Excellent product, highly recommend!",2025-09-13
758,2335,1117,5,"Excellent product, highly recommend!",2025-10-28
759,2344,989,3,Okay overall.,2021-06-08
760,2349,579,5,"Excellent product, highly recommend!",2021-11-29
761,2349,647,4,Good value for money!,2024-05-16
762,2349,381,4,Good value for money!,2020-07-28
763,2350,737,5,"Excellent product, highly recommend!",2020-09-27
764,2350,491,5,"Excellent product, highly recommend!",2022-05-29
765,2354,461,5,"Excellent product, highly recommend!",2020-09-30
766,2358,893,5,"Excellent product, highly recommend!",2022-06-21
767,2358,874,4,Good value for money!,2024-01-16
768,2365,91,3,Okay overall.,2020-11-23
769,2371,297,5,"Excellent product, highly recommend!",2023-12-19
770,2371,223,4,Good value for money!,2025-01-29
771,2373,625,3,Okay overall.,2024-01-30
772,2376,312,5,"Excellent product, highly recommend!",2021-12-31
773,2376,284,3,Okay overall.,2022-08-08
774,2377,670,5,"Excellent product, highly recommend!",2023-06-06
775,2378,1157,2,Not great quality.,2023-07-22
776,2378,206,4,Good value for money!,2022-12-31
777,2378,311,5,"Excellent product, highly recommend!",2021-12-03
778,2379,1096,4,Good value for money!,2023-12-03
779,2387,14,4,Good value for money!,2023-08-26
780,2387,178,3,Okay overall.,2021-12-14
781,2387,910,4,Good value for money!,2020-08-22
782,2387,933,5,"Excellent product, highly recommend!",2020-03-30
783,2387,857,3,Okay overall.,2022-05-26
784,2396,1191,5,"Excellent product, highly recommend!",2021-10-13
785,2399,851,4,Good value for money!,2025-06-22
786,2399,747,1,"Very disappointed, would not buy again.",2024-11-17
787,2399,802,5,"Excellent product, highly recommend!",2023-10-17
788,2399,998,5,"Excellent product, highly recommend!",2024-08-02
789,2403,446,5,"Excellent product, highly recommend!",2020-01-27
790,2403,282,3,Okay overall.,2023-08-14
791,2404,1191,4,Good value for money!,2025-04-04
792,2405,319,5,"Excellent product, highly recommend!",2020-08-22
793,2410,645,4,Good value for money!,2023-01-22
794,2414,55,4,Good value for money!,2025-07-19
795,2414,10,3,Okay overall.,2024-11-30
796,2420,977,3,Okay overall.,2025-03-20
797,2420,954,5,"Excellent product, highly recommend!",2020-09-16
798,2420,1091,3,Okay overall.,2023-10-17
799,2422,889,5,"Excellent product, highly recommend!",2022-12-10
800,2422,912,4,Good value for money!,2022-03-16
801,2430,87,5,"Excellent product, highly recommend!",2025-03-17
802,2430,980,3,Okay overall.,2022-11-25
803,2430,1053,5,"Excellent product, highly recommend!",2025-03-01
804,2433,698,5,"Excellent product, highly recommend!",2024-07-01
805,2433,944,5,"Excellent product, highly recommend!",2020-09-20
806,2435,744,4,Good value for money!,2024-01-15
807,2442,289,3,Okay overall.,2022-02-05
808,2444,488,4,Good value for money!,2023-11-27
809,2444,963,4,Good value for money!,2020-02-01
810,2444,906,4,Good value for money!,2023-08-23
811,2453,782,2,Not great quality.,2024-07-23
812,2453,834,4,Good value for money!,2024-06-05
813,2463,769,4,Good value for money!,2024-05-19
814,2463,504,3,Okay overall.,2021-09-17
815,2465,1036,5,"Excellent product, highly recommend!",2024-08-24
816,2483,1039,3,Okay overall.,2022-02-04
817,2484,282,5,"Excellent product, highly recommend!",2024-02-27
818,2484,234,3,Okay overall.,2020-06-30
819,2493,342,5,"Excellent product, highly recommend!",2020-01-21
820,2501,944,4,Good value for money!,2025-06-07
821,2501,986,5,"Excellent product, highly recommend!",2021-08-31
822,2502,228,5,"Excellent product, highly recommend!",2025-01-30
823,2507,155,4,Good value for money!,2025-10-01
824,2507,548,5,"Excellent product, highly recommend!",2024-05-09
825,2527,872,5,"Excellent product, highly recommend!",2023-09-16
826,2535,769,4,Good value for money!,2021-09-10
827,2538,249,4,Good value for money!,2021-04-30
828,2541,608,5,"Excellent product, highly recommend!",2022-04-30
829,2544,945,4,Good value for money!,2021-01-16
830,2544,353,4,Good value for money!,2025-02-06
831,2545,280,5,"Excellent product, highly recommend!",2021-07-03
832,2545,318,5,"Excellent product, highly recommend!",2023-07-23
833,2557,1102,2,Not great quality.,2021-10-22
834,2558,874,5,"Excellent product, highly recommend!",2022-08-26
835,2558,781,5,"Excellent product, highly recommend!",2024-12-14
836,2569,711,4,Good value for money!,2023-08-05
837,2569,404,4,Good value for money!,2022-06-14
838,2578,1097,3,Okay overall.,2022-02-12
839,2578,983,3,Okay overall.,2021-09-09
840,2578,1068,5,"Excellent product, highly recommend!",2024-12-19
841,2586,721,4,Good value for money!,2022-09-04
842,2601,480,4,Good value for money!,2022-06-13
843,2603,347,5,"Excellent product, highly recommend!",2024-12-05
844,2607,244,4,Good value for money!,2020-05-13
845,2607,372,3,Okay overall.,2024-06-27
846,2607,1154,3,Okay overall.,2024-08-30
847,2610,671,5,"Excellent product, highly recommend!",2020-09-26
848,2610,556,5,"Excellent product, highly recommend!",2025-08-03
849,2610,670,3,Okay overall.,2022-01-10
850,2610,632,3,Okay overall.,2023-04-27
851,2625,842,4,Good value for money!,2020-01-13
852,2629,389,5,"Excellent product, highly recommend!",2020-08-31
853,2631,810,3,Okay overall.,2025-01-19
854,2633,514,5,"Excellent product, highly recommend!",2023-07-14
855,2635,680,5,"Excellent product, highly recommend!",2020-04-04
856,2650,919,4,Good value for money!,2023-05-30
857,2650,532,4,Good value for money!,2021-07-10
858,2655,1187,4,Good value for money!,2022-09-18
859,2655,300,2,Not great quality.,2025-09-13
860,2655,444,4,Good value for money!,2025-07-28
861,2659,224,5,"Excellent product, highly recommend!",2022-11-12
862,2659,778,4,Good value for money!,2023-02-15
863,2661,802,4,Good value for money!,2020-07-06
864,2663,951,4,Good value for money!,2021-10-25
865,2670,200,5,"Excellent product, highly recommend!",2022-08-25
866,2671,769,5,"Excellent product, highly recommend!",2023-01-28
867,2671,1056,4,Good value for money!,2024-06-13
868,2671,859,4,Good value for money!,2022-05-10
869,2679,678,5,"Excellent product, highly recommend!",2022-03-07
870,2679,575,3,Okay overall.,2022-05-13
871,2701,292,4,Good value for money!,2021-01-31
872,2702,998,5,"Excellent product, highly recommend!",2025-08-07
873,2702,466,4,Good value for money!,2024-02-02
874,2702,1020,2,Not great quality.,2022-02-01
875,2704,481,4,Good value for money!,2020-05-13
876,2706,447,4,Good value for money!,2021-01-01
877,2713,258,4,Good value for money!,2022-06-07
878,2717,948,5,"Excellent product, highly recommend!",2020-07-03
879,2719,932,2,Not great quality.,2020-05-26
880,2719,939,5,"Excellent product, highly recommend!",2022-11-14
881,2719,1197,3,Okay overall.,2025-01-08
882,2724,976,3,Okay overall.,2023-01-21
883,2724,975,5,"Excellent product, highly recommend!",2021-08-16
884,2724,997,5,"Excellent product, highly recommend!",2023-04-19
885,2725,445,5,"Excellent product, highly recommend!",2024-02-26
886,2725,389,3,Okay overall.,2024-11-03
887,2725,382,1,"Very disappointed, would not buy again.",2023-11-21
888,2729,282,5,"Excellent product, highly recommend!",2022-02-11
889,2729,296,2,Not great quality.,2024-11-07
890,2730,36,4,Good value for money!,2021-05-04
891,2730,77,3,Okay overall.,2024-02-26
892,2739,777,3,Okay overall.,2021-03-28
893,2742,925,4,Good value for money!,2021-02-12
894,2743,831,3,Okay overall.,2021-02-28
895,2746,1196,3,Okay overall.,2020-08-26
896,2746,1170,4,Good value for money!,2025-02-13
897,2751,1104,5,"Excellent product, highly recommend!",2025-08-27
898,2751,360,5,"Excellent product, highly recommend!",2023-07-23
899,2754,567,5,"Excellent product, highly recommend!",2025-01-14
900,2755,564,4,Good value for money!,2022-06-10
901,2755,601,4,Good value for money!,2025-10-03
902,2755,630,4,Good value for money!,2020-04-24
903,2757,1038,4,Good value for money!,2022-09-26
904,2757,1171,4,Good value for money!,2025-08-18
905,2767,701,5,"Excellent product, highly recommend!",2025-02-23
906,2772,402,5,"Excellent product, highly recommend!",2021-11-29
907,2772,451,3,Okay overall.,2022-01-09
908,2772,412,3,Okay overall.,2020-06-20
909,2782,404,2,Not great quality.,2024-11-28
910,2783,502,4,Good value for money!,2021-05-24
911,2792,564,4,Good value for money!,2025-05-11
912,2792,368,4,Good value for money!,2024-12-19
913,2792,754,4,Good value for money!,2021-11-18
914,2793,1063,3,Okay overall.,2023-01-05
915,2795,94,5,"Excellent product, highly recommend!",2022-03-25
916,2802,628,3,Okay overall.,2022-08-19
917,2802,1021,5,"Excellent product, highly recommend!",2024-08-12
918,2802,1054,4,Good value for money!,2021-06-07
919,2812,1115,3,Okay overall.,2021-12-03
920,2817,1193,4,Good value for money!,2021-01-25
921,2823,1153,4,Good value for money!,2023-09-04
922,2823,95,3,Okay overall.,2024-10-24
923,2823,266,4,Good value for money!,2024-07-30
924,2823,241,5,"Excellent product, highly recommend!",2021-12-29
925,2824,725,5,"Excellent product, highly recommend!",2021-12-30
926,2825,1006,4,Good value for money!,2021-01-18
927,2825,947,3,Okay overall.,2024-03-02
928,2825,1015,2,Not great quality.,2022-02-08
929,2851,195,5,"Excellent product, highly recommend!",2021-01-28
930,2851,173,1,"Very disappointed, would not buy again.",2024-12-25
931,2851,1086,5,"Excellent product, highly recommend!",2025-05-22
932,2852,945,5,"Excellent product, highly recommend!",2020-09-29
933,2863,868,5,"Excellent product, highly recommend!",2020-04-29
934,2863,999,3,Okay overall.,2023-08-10
935,2863,342,5,"Excellent product, highly recommend!",2020-11-29
936,2868,1052,3,Okay overall.,2025-04-12
937,2868,1169,3,Okay overall.,2020-04-30
938,2868,374,3,Okay overall.,2024-02-21
939,2870,74,5,"Excellent product, highly recommend!",2022-11-09
940,2870,621,4,Good value for money!,2023-08-26
941,2874,770,4,Good value for money!,2024-11-18
942,2874,1173,5,"Excellent product, highly recommend!",2022-04-25
943,2874,831,5,"Excellent product, highly recommend!",2020-07-02
944,2874,716,5,"Excellent product, highly recommend!",2021-10-28
945,2875,496,4,Good value for money!,2020-09-26
946,2875,448,2,Not great quality.,2022-11-19
947,2882,323,4,Good value for money!,2025-03-30
948,2888,948,4,Good value for money!,2022-03-10
949,2890,1153,3,Okay overall.,2020-03-01
950,2890,1076,3,Okay overall.,2024-05-24
951,2890,1029,5,"Excellent product, highly recommend!",2021-02-10
952,2891,1018,4,Good value for money!,2020-08-04
953,2891,952,4,Good value for money!,2022-03-27
954,2891,1026,4,Good value for money!,2023-05-13
955,2892,469,4,Good value for money!,2023-02-23
956,2892,1013,4,Good value for money!,2024-10-04
957,2894,876,3,Okay overall.,2020-03-07
958,2901,869,5,"Excellent product, highly recommend!",2025-10-18
959,2902,323,5,"Excellent product, highly recommend!",2025-02-09
960,2902,865,3,Okay overall.,2024-10-17
961,2902,468,5,"Excellent product, highly recommend!",2023-09-05
962,2909,812,5,"Excellent product, highly recommend!",2023-07-09
963,2909,802,4,Good value for money!,2025-07-01
964,2911,273,5,"Excellent product, highly recommend!",2025-03-26
965,2911,6,5,"Excellent product, highly recommend!",2022-04-01
966,2911,114,4,Good value for money!,2025-03-02
967,2920,646,5,"Excellent product, highly recommend!",2021-02-24
968,2920,208,5,"Excellent product, highly recommend!",2024-11-13
969,2920,321,4,Good value for money!,2020-08-02
970,2920,240,3,Okay overall.,2022-06-12
971,2929,893,3,Okay overall.,2025-08-24
972,2929,901,5,"Excellent product, highly recommend!",2021-02-13
973,2929,1001,5,"Excellent product, highly recommend!",2020-10-20
974,2929,910,5,"Excellent product, highly recommend!",2022-04-14
975,2929,995,3,Okay overall.,2022-01-05
976,2932,190,2,Not great quality.,2022-08-30
977,2937,457,5,"Excellent product, highly recommend!",2020-05-13
978,2937,1112,5,"Excellent product, highly recommend!",2025-04-05
979,2937,358,4,Good value for money!,2020-09-02
980,2953,799,4,Good value for money!,2024-04-21
981,2954,266,3,Okay overall.,2024-02-04
982,2957,405,4,Good value for money!,2021-03-05
983,2957,45,5,"Excellent product, highly recommend!",2022-11-11
984,2960,424,4,Good value for money!,2025-06-01
985,2960,370,5,"Excellent product, highly recommend!",2025-01-24
986,2960,869,4,Good value for money!,2023-04-15
987,2968,1004,4,Good value for money!,2020-10-25
988,2981,21,4,Good value for money!,2023-03-05
989,2981,55,4,Good value for money!,2023-11-24
990,2981,1016,3,Okay overall.,2022-02-10
991,2981,65,4,Good value for money!,2024-02-21
992,2992,1028,3,Okay overall.,2021-12-04
993,2994,210,5,"Excellent product, highly recommend!",2021-04-24
994,2995,934,4,Good value for money!,2021-10-13
995,2995,889,1,"Very disappointed, would not buy again.",2023-06-28
996,2995,871,3,Okay overall.,2023-03-05
997,2997,840,4,Good value for money!,2023-06-02
998,2997,452,5,"Excellent product, highly recommend!",2022-09-19
999,2997,255,5,"Excellent product, highly recommend!",2021-01-12
1000,3002,491,2,Not great quality.,2021-09-09
1001,3010,36,4,Good value for money!,2023-06-01
1002,3012,985,5,"Excellent product, highly recommend!",2023-04-21
1003,3012,107,4,Good value for money!,2020-06-26
1004,3012,454,4,Good value for money!,2024-01-11
1005,3017,770,2,Not great quality.,2025-09-28
1006,3017,831,4,Good value for money!,2023-06-14
1007,3023,544,4,Good value for money!,2025-03-30
1008,3033,253,5,"Excellent product, highly recommend!",2022-06-20
1009,3033,382,4,Good value for money!,2020-07-19
1010,3034,564,4,Good value for money!,2024-02-22
1011,3034,996,5,"Excellent product, highly recommend!",2025-07-29
1012,3035,1130,5,"Excellent product, highly recommend!",2023-07-23
1013,3035,228,5,"Excellent product, highly recommend!",2022-11-27
1014,3048,367,4,Good value for money!,2024-03-28
1015,3048,434,4,Good value for money!,2025-01-05
1016,3048,393,4,Good value for money!,2023-06-06
1017,3050,440,2,Not great quality.,2025-06-16
1018,3050,1188,1,"Very disappointed, would not buy again.",2022-12-30
1019,3050,824,5,"Excellent product, highly recommend!",2022-07-24
1020,3062,1014,4,Good value for money!,2021-02-12
1021,3063,967,5,"Excellent product, highly recommend!",2021-01-26
1022,3063,601,4,Good value for money!,2021-05-13
1023,3063,890,5,"Excellent product, highly recommend!",2024-10-01
1024,3069,327,3,Okay overall.,2022-02-13
1025,3069,466,3,Okay overall.,2025-07-16
1026,3108,303,4,Good value for money!,2025-02-19
1027,3113,1081,5,"Excellent product, highly recommend!",2021-01-17
1028,3113,1161,4,Good value for money!,2020-02-16
1029,3115,1028,5,"Excellent product, highly recommend!",2024-08-11
1030,3115,850,4,Good value for money!,2020-12-26
1031,3115,1102,3,Okay overall.,2021-12-22
1032,3119,266,4,Good value for money!,2024-03-22
1033,3121,346,3,Okay overall.,2021-12-13
1034,3125,450,2,Not great quality.,2025-03-28
1035,3125,219,5,"Excellent product, highly recommend!",2024-01-26
1036,3125,292,3,Okay overall.,2024-09-29
1037,3128,817,1,"Very disappointed, would not buy again.",2023-03-06
1038,3128,730,3,Okay overall.,2023-02-06
1039,3132,969,2,Not great quality.,2022-05-21
1040,3132,706,3,Okay overall.,2021-05-05
1041,3132,715,3,Okay overall.,2022-10-06
1042,3134,1094,4,Good value for money!,2023-02-25
1043,3140,36,5,"Excellent product, highly recommend!",2021-04-01
1044,3141,215,5,"Excellent product, highly recommend!",2020-09-03
1045,3141,247,3,Okay overall.,2020-04-07
1046,3142,747,4,Good value for money!,2023-08-26
1047,3152,996,5,"Excellent product, highly recommend!",2025-05-20
1048,3152,852,5,"Excellent product, highly recommend!",2023-07-18
1049,3152,1110,5,"Excellent product, highly recommend!",2022-11-09
1050,3155,809,3,Okay overall.,2021-04-06
1051,3159,909,5,"Excellent product, highly recommend!",2023-01-15
1052,3160,1175,3,Okay overall.,2022-11-09
1053,3163,1096,3,Okay overall.,2021-03-19
1054,3184,731,4,Good value for money!,2024-12-22
1055,3190,1059,5,"Excellent product, highly recommend!",2024-10-04
1056,3193,900,5,"Excellent product, highly recommend!",2023-08-11
1057,3200,1025,4,Good value for money!,2024-05-11
1058,3200,923,4,Good value for money!,2021-02-19
1059,3200,50,5,"Excellent product, highly recommend!",2020-03-06
1060,3202,1190,5,"Excellent product, highly recommend!",2024-10-06
1061,3202,981,5,"Excellent product, highly recommend!",2020-12-21
1062,3202,1060,3,Okay overall.,2023-12-22
1063,3203,509,3,Okay overall.,2020-12-13
1064,3203,556,1,"Very disappointed, would not buy again.",2021-09-04
1065,3203,679,5,"Excellent product, highly recommend!",2025-10-26
1066,3207,410,2,Not great quality.,2025-08-19
1067,3223,650,5,"Excellent product, highly recommend!",2020-01-12
1068,3223,667,2,Not great quality.,2025-03-24
1069,3230,1057,3,Okay overall.,2024-01-17
1070,3258,37,3,Okay overall.,2020-08-08
1071,3259,456,5,"Excellent product, highly recommend!",2021-10-30
1072,3260,1182,4,Good value for money!,2024-01-22
1073,3260,992,3,Okay overall.,2025-09-12
1074,3261,365,3,Okay overall.,2025-04-10
1075,3272,1163,5,"Excellent product, highly recommend!",2020-07-28
1076,3272,1037,5,"Excellent product, highly recommend!",2023-03-11
1077,3272,271,4,Good value for money!,2024-05-24
1078,3275,1104,3,Okay overall.,2021-01-06
1079,3275,1178,4,Good value for money!,2021-08-01
1080,3275,1090,3,Okay overall.,2021-08-21
1081,3284,886,4,Good value for money!,2021-12-03
1082,3284,1095,3,Okay overall.,2021-01-16
1083,3284,754,5,"Excellent product, highly recommend!",2022-08-30
1084,3284,1173,2,Not great quality.,2023-02-01
1085,3285,924,3,Okay overall.,2024-04-08
1086,3285,875,4,Good value for money!,2021-02-03
1087,3285,491,5,"Excellent product, highly recommend!",2022-09-16
1088,3286,422,5,"Excellent product, highly recommend!",2023-10-20
1089,3286,630,4,Good value for money!,2023-09-05
1090,3289,975,4,Good value for money!,2021-04-02
1091,3295,1182,5,"Excellent product, highly recommend!",2020-03-18
1092,3295,449,4,Good value for money!,2020-05-16
1093,3300,287,4,Good value for money!,2024-09-07
1094,3300,433,5,"Excellent product, highly recommend!",2025-01-03
1095,3300,176,1,"Very disappointed, would not buy again.",2022-06-08
1096,3301,768,3,Okay overall.,2020-12-13
1097,3308,984,3,Okay overall.,2020-10-16
1098,3313,941,5,"Excellent product, highly recommend!",2025-06-30
1099,3313,963,4,Good value for money!,2023-08-19
1100,3314,1118,4,Good value for money!,2022-05-01
1101,3315,793,4,Good value for money!,2025-04-20
1102,3316,912,4,Good value for money!,2020-10-30
1103,3317,1054,4,Good value for money!,2021-11-18
1104,3317,118,4,Good value for money!,2021-04-18
1105,3318,293,4,Good value for money!,2020-03-06
1106,3319,702,4,Good value for money!,2021-01-27
1107,3325,851,4,Good value for money!,2024-01-15
1108,3329,1087,5,"Excellent product, highly recommend!",2024-12-18
1109,3338,913,4,Good value for money!,2021-08-08
1110,3338,602,4,Good value for money!,2022-02-21
1111,3338,1145,2,Not great quality.,2023-12-10
1112,3343,1021,5,"Excellent product, highly recommend!",2025-09-04
1113,3348,322,5,"Excellent product, highly recommend!",2023-06-06
1114,3349,1014,5,"Excellent product, highly recommend!",2025-04-22
1115,3354,980,4,Good value for money!,2022-10-11
1116,3354,925,3,Okay overall.,2020-12-06
1117,3358,989,3,Okay overall.,2025-04-13
1118,3358,952,4,Good value for money!,2025-10-12
1119,3361,869,5,"Excellent product, highly recommend!",2022-04-09
1120,3367,329,2,Not great quality.,2020-12-19
1121,3368,1097,4,Good value for money!,2023-02-14
1122,3373,1101,5,"Excellent product, highly recommend!",2024-09-03
1123,3374,618,5,"Excellent product, highly recommend!",2020-12-25
1124,3374,665,3,Okay overall.,2024-09-04
1125,3378,472,3,Okay overall.,2023-12-17
1126,3378,468,3,Okay overall.,2025-06-09
1127,3379,416,5,"Excellent product, highly recommend!",2024-06-14
1128,3379,816,4,Good value for money!,2023-11-07
1129,3380,476,5,"Excellent product, highly recommend!",2021-11-19
1130,3382,1095,4,Good value for money!,2021-11-17
1131,3382,916,5,"Excellent product, highly recommend!",2020-11-29
1132,3393,529,4,Good value for money!,2020-03-22
1133,3398,692,4,Good value for money!,2023-09-02
1134,3410,511,4,Good value for money!,2022-07-01
1135,3412,1020,3,Okay overall.,2023-11-03
1136,3412,424,5,"Excellent product, highly recommend!",2020-12-13
1137,3414,1115,4,Good value for money!,2025-03-20
1138,3427,251,4,Good value for money!,2022-12-03
1139,3428,1021,5,"Excellent product, highly recommend!",2024-07-18
1140,3431,1033,3,Okay overall.,2023-02-20
1141,3433,367,5,"Excellent product, highly recommend!",2024-12-21
1142,3433,1191,3,Okay overall.,2025-02-10
1143,3437,1014,3,Okay overall.,2022-04-22
1144,3437,1057,5,"Excellent product, highly recommend!",2020-05-12
1145,3446,491,4,Good value for money!,2024-09-25
1146,3446,483,5,"Excellent product, highly recommend!",2025-08-04
1147,3446,513,4,Good value for money!,2024-04-07
1148,3446,685,1,"Very disappointed, would not buy again.",2020-11-24
1149,3450,1036,3,Okay overall.,2024-11-21
1150,3450,1085,3,Okay overall.,2020-02-02
1151,3450,262,4,Good value for money!,2025-09-03
1152,3450,236,4,Good value for money!,2023-04-25
1153,3453,1140,5,"Excellent product, highly recommend!",2021-09-19
1154,3463,1159,4,Good value for money!,2025-07-24
1155,3463,753,5,"Excellent product, highly recommend!",2024-08-14
1156,3486,827,5,"Excellent product, highly recommend!",2022-04-03
1157,3486,903,3,Okay overall.,2025-06-18
1158,3486,903,5,"Excellent product, highly recommend!",2024-06-13
1159,3486,770,3,Okay overall.,2025-04-27
1160,3486,1025,4,Good value for money!,2024-06-05
1161,3494,906,1,"Very disappointed, would not buy again.",2022-09-17
1162,3494,968,3,Okay overall.,2021-07-06
1163,3496,948,4,Good value for money!,2025-02-23
1164,3496,673,2,Not great quality.,2024-04-01
1165,3496,583,2,Not great quality.,2025-03-04
1166,3500,419,5,"Excellent product, highly recommend!",2025-07-14
1167,3500,1177,4,Good value for money!,2025-06-19
1168,3504,865,5,"Excellent product, highly recommend!",2020-09-21
1169,3505,1074,3,Okay overall.,2021-01-31
1170,3505,987,2,Not great quality.,2020-04-27
1171,3505,484,4,Good value for money!,2022-10-05
1172,3506,1154,4,Good value for money!,2025-05-10
1173,3506,370,5,"Excellent product, highly recommend!",2022-02-12
1174,3508,1016,5,"Excellent product, highly recommend!",2023-12-03
1175,3508,1088,4,Good value for money!,2025-03-06
1176,3515,1011,3,Okay overall.,2025-08-25
1177,3515,1137,5,"Excellent product, highly recommend!",2020-10-07
1178,3515,792,5,"Excellent product, highly recommend!",2021-01-24
1179,3519,236,5,"Excellent product, highly recommend!",2020-05-29
1180,3522,405,2,Not great quality.,2021-03-14
1181,3529,216,4,Good value for money!,2023-07-19
1182,3532,896,3,Okay overall.,2025-09-20
1183,3532,876,5,"Excellent product, highly recommend!",2022-01-29
1184,3532,3,5,"Excellent product, highly recommend!",2024-07-08
1185,3546,1170,4,Good value for money!,2025-07-09
1186,3546,1111,4,Good value for money!,2021-09-22
1187,3548,998,5,"Excellent product, highly recommend!",2023-10-22
1188,3548,1026,4,Good value for money!,2023-12-19
1189,3548,880,4,Good value for money!,2023-02-16
1190,3552,757,5,"Excellent product, highly recommend!",2024-03-22
1191,3553,998,4,Good value for money!,2021-08-19
1192,3553,806,5,"Excellent product, highly recommend!",2025-09-11
1193,3561,447,5,"Excellent product, highly recommend!",2024-03-02
1194,3561,262,4,Good value for money!,2023-08-16
1195,3563,647,4,Good value for money!,2025-05-22
1196,3567,899,4,Good value for money!,2024-08-06
1197,3567,754,2,Not great quality.,2024-11-27
1198,3571,175,5,"Excellent product, highly recommend!",2020-08-16
1199,3571,239,5,"Excellent product, highly recommend!",2022-06-07
1200,3572,931,5,"Excellent product, highly recommend!",2023-08-14
1201,3572,902,1,"Very disappointed, would not buy again.",2021-08-28
1202,3574,1108,4,Good value for money!,2024-10-09
1203,3582,319,5,"Excellent product, highly recommend!",2025-08-14
1204,3582,797,5,"Excellent product, highly recommend!",2023-01-23
1205,3584,924,2,Not great quality.,2025-07-22
1206,3588,1138,5,"Excellent product, highly recommend!",2023-11-25
1207,3588,404,2,Not great quality.,2024-01-10
1208,3592,846,5,"Excellent product, highly recommend!",2023-02-17
1209,3593,60,5,"Excellent product, highly recommend!",2024-05-06
1210,3593,909,5,"Excellent product, highly recommend!",2025-02-21
1211,3603,10,1,"Very disappointed, would not buy again.",2021-03-07
1212,3603,506,5,"Excellent product, highly recommend!",2022-12-23
1213,3603,299,5,"Excellent product, highly recommend!",2021-10-30
1214,3604,874,4,Good value for money!,2022-09-19
1215,3614,738,4,Good value for money!,2021-07-21
1216,3617,1136,3,Okay overall.,2023-11-01
1217,3625,139,3,Okay overall.,2023-07-24
1218,3632,210,4,Good value for money!,2021-09-24
1219,3647,996,5,"Excellent product, highly recommend!",2021-03-09
1220,3647,574,4,Good value for money!,2022-09-21
1221,3647,1108,5,"Excellent product, highly recommend!",2023-04-28
1222,3652,369,5,"Excellent product, highly recommend!",2024-07-15
1223,3659,671,3,Okay overall.,2025-04-30
1224,3659,946,3,Okay overall.,2021-04-17
1225,3659,334,2,Not great quality.,2021-04-19
1226,3659,275,3,Okay overall.,2020-07-04
1227,3663,898,5,"Excellent product, highly recommend!",2022-04-05
1228,3665,719,5,"Excellent product, highly recommend!",2023-11-12
1229,3665,957,4,Good value for money!,2024-04-13
1230,3669,1162,5,"Excellent product, highly recommend!",2022-01-01
1231,3669,162,1,"Very disappointed, would not buy again.",2022-09-15
1232,3678,368,1,"Very disappointed, would not buy again.",2021-06-01
1233,3687,418,5,"Excellent product, highly recommend!",2021-08-01
1234,3687,514,5,"Excellent product, highly recommend!",2024-09-28
1235,3687,938,5,"Excellent product, highly recommend!",2021-11-26
1236,3691,623,5,"Excellent product, highly recommend!",2021-07-01
1237,3695,1104,4,Good value for money!,2022-10-06
1238,3695,899,4,Good value for money!,2020-05-07
1239,3696,60,4,Good value for money!,2023-08-29
1240,3700,96,3,Okay overall.,2021-04-26
1241,3700,142,3,Okay overall.,2023-04-09
1242,3702,294,5,"Excellent product, highly recommend!",2025-07-28
1243,3705,1131,5,"Excellent product, highly recommend!",2022-11-22
1244,3719,930,4,Good value for money!,2025-02-24
1245,3719,969,3,Okay overall.,2023-04-11
1246,3723,882,4,Good value for money!,2024-02-14
1247,3724,595,5,"Excellent product, highly recommend!",2020-03-19
1248,3729,903,5,"Excellent product, highly recommend!",2024-06-10
1249,3729,1091,4,Good value for money!,2020-05-07
1250,3729,825,2,Not great quality.,2022-09-10
1251,3733,731,2,Not great quality.,2021-10-30
1252,3739,888,5,"Excellent product, highly recommend!",2025-08-05
1253,3739,360,5,"Excellent product, highly recommend!",2022-09-25
1254,3749,488,4,Good value for money!,2023-04-10
1255,3749,84,1,"Very disappointed, would not buy again.",2024-01-24
1256,3750,1145,5,"Excellent product, highly recommend!",2022-12-09
1257,3750,973,1,"Very disappointed, would not buy again.",2025-07-19
1258,3753,1084,5,"Excellent product, highly recommend!",2024-10-25
1259,3753,1053,4,Good value for money!,2020-04-27
1260,3761,501,4,Good value for money!,2022-12-16
1261,3762,1000,4,Good value for money!,2021-08-31
1262,3762,869,5,"Excellent product, highly recommend!",2024-01-10
1263,3762,160,5,"Excellent product, highly recommend!",2023-12-30
1264,3764,776,4,Good value for money!,2021-05-12
1265,3764,850,5,"Excellent product, highly recommend!",2021-07-11
1266,3772,972,2,Not great quality.,2022-10-13
1267,3773,901,3,Okay overall.,2025-01-05
1268,3775,230,5,"Excellent product, highly recommend!",2024-10-10
1269,3775,477,5,"Excellent product, highly recommend!",2020-05-07
1270,3782,645,4,Good value for money!,2022-06-06
1271,3792,487,5,"Excellent product, highly recommend!",2023-02-26
1272,3792,807,4,Good value for money!,2022-09-04
1273,3792,1016,3,Okay overall.,2021-11-23
1274,3802,789,5,"Excellent product, highly recommend!",2022-07-27
1275,3805,508,5,"Excellent product, highly recommend!",2021-08-13
1276,3805,413,5,"Excellent product, highly recommend!",2025-07-28
1277,3808,1080,3,Okay overall.,2024-04-25
1278,3815,867,5,"Excellent product, highly recommend!",2022-08-18
1279,3824,941,3,Okay overall.,2023-02-27
1280,3834,877,3,Okay overall.,2021-10-04
1281,3835,1067,4,Good value for money!,2022-07-26
1282,3835,363,4,Good value for money!,2023-02-16
1283,3835,400,5,"Excellent product, highly recommend!",2021-10-24
1284,3851,1064,3,Okay overall.,2023-03-07
1285,3854,669,5,"Excellent product, highly recommend!",2025-05-04
1286,3863,891,3,Okay overall.,2022-12-18
1287,3867,1086,4,Good value for money!,2025-09-01
1288,3870,318,3,Okay overall.,2021-09-09
1289,3876,957,4,Good value for money!,2020-07-13
1290,3876,327,5,"Excellent product, highly recommend!",2023-10-26
1291,3880,1025,5,"Excellent product, highly recommend!",2023-08-14
1292,3880,371,5,"Excellent product, highly recommend!",2022-12-20
1293,3892,555,2,Not great quality.,2021-03-25
1294,3901,1050,5,"Excellent product, highly recommend!",2020-02-28
1295,3902,455,3,Okay overall.,2021-03-29
1296,3905,708,5,"Excellent product, highly recommend!",2023-04-15
1297,3907,1089,3,Okay overall.,2022-05-21
1298,3907,1126,5,"Excellent product, highly recommend!",2022-10-09
1299,3907,1156,4,Good value for money!,2024-10-21
1300,3909,921,5,"Excellent product, highly recommend!",2021-02-24
1301,3914,1169,2,Not great quality.,2025-01-25
1302,3923,360,4,Good value for money!,2022-04-15
1303,3924,286,2,Not great quality.,2020-07-04
1304,3924,435,4,Good value for money!,2021-09-15
1305,3926,34,4,Good value for money!,2020-12-03
1306,3926,246,5,"Excellent product, highly recommend!",2025-04-18
1307,3931,832,4,Good value for money!,2021-09-05
1308,3932,374,3,Okay overall.,2021-07-20
1309,3932,555,5,"Excellent product, highly recommend!",2024-12-03
1310,3932,620,5,"Excellent product, highly recommend!",2025-06-06
1311,3944,262,1,"Very disappointed, would not buy again.",2024-07-15
1312,3946,858,4,Good value for money!,2022-12-20
1313,3946,814,5,"Excellent product, highly recommend!",2020-04-05
1314,3953,974,4,Good value for money!,2022-02-18
1315,3967,928,5,"Excellent product, highly recommend!",2020-01-06
1316,3973,1183,5,"Excellent product, highly recommend!",2020-10-05
1317,3981,1014,4,Good value for money!,2024-01-14
1318,3981,438,5,"Excellent product, highly recommend!",2023-07-15
1319,3984,1154,3,Okay overall.,2024-01-03
1320,3987,981,5,"Excellent product, highly recommend!",2022-02-03
1321,3994,939,3,Okay overall.,2023-01-05
1322,4004,444,5,"Excellent product, highly recommend!",2021-03-22
1323,4004,251,1,"Very disappointed, would not buy again.",2020-05-13
1324,4005,891,3,Okay overall.,2020-05-27
1325,4009,631,3,Okay overall.,2023-10-16
1326,4009,995,3,Okay overall.,2024-03-05
1327,4014,1062,2,Not great quality.,2022-06-20
1328,4014,1162,4,Good value for money!,2025-01-12
1329,4014,235,4,Good value for money!,2024-05-08
1330,4014,744,4,Good value for money!,2021-11-29
1331,4019,496,4,Good value for money!,2025-10-07
1332,4024,1039,2,Not great quality.,2024-11-23
1333,4025,94,4,Good value for money!,2025-02-17
1334,4025,888,4,Good value for money!,2023-04-11
1335,4025,974,5,"Excellent product, highly recommend!",2020-08-13
1336,4027,692,2,Not great quality.,2024-08-28
1337,4033,253,4,Good value for money!,2024-03-01
1338,4034,282,3,Okay overall.,2025-07-14
1339,4035,1134,3,Okay overall.,2023-02-26
1340,4036,983,5,"Excellent product, highly recommend!",2021-10-19
1341,4036,1010,1,"Very disappointed, would not buy again.",2024-09-18
1342,4040,1169,5,"Excellent product, highly recommend!",2024-04-04
1343,4045,548,5,"Excellent product, highly recommend!",2022-01-28
1344,4045,242,5,"Excellent product, highly recommend!",2020-01-25
1345,4051,480,4,Good value for money!,2020-03-26
1346,4051,612,4,Good value for money!,2023-04-15
1347,4052,1097,2,Not great quality.,2020-12-04
1348,4052,851,3,Okay overall.,2025-03-01
1349,4052,175,5,"Excellent product, highly recommend!",2025-04-04
1350,4057,1018,3,Okay overall.,2020-05-22
1351,4057,947,5,"Excellent product, highly recommend!",2024-08-19
1352,4057,1016,4,Good value for money!,2024-10-17
1353,4065,584,5,"Excellent product, highly recommend!",2024-08-18
1354,4067,1070,2,Not great quality.,2025-08-02
1355,4073,735,4,Good value for money!,2022-07-19
1356,4074,10,5,"Excellent product, highly recommend!",2020-07-27
1357,4087,494,5,"Excellent product, highly recommend!",2024-04-15
1358,4103,1054,4,Good value for money!,2021-06-26
1359,4108,962,3,Okay overall.,2024-02-06
1360,4108,958,4,Good value for money!,2025-06-15
1361,4119,685,5,"Excellent product, highly recommend!",2020-01-24
1362,4120,983,4,Good value for money!,2022-08-17
1363,4120,458,4,Good value for money!,2023-08-02
1364,4120,1176,2,Not great quality.,2023-05-14
1365,4120,1074,3,Okay overall.,2020-12-18
1366,4120,173,5,"Excellent product, highly recommend!",2020-09-09
1367,4130,545,5,"Excellent product, highly recommend!",2025-05-17
1368,4132,692,4,Good value for money!,2020-04-22
1369,4132,670,5,"Excellent product, highly recommend!",2023-11-03
1370,4132,545,4,Good value for money!,2022-06-02
1371,4138,1018,5,"Excellent product, highly recommend!",2021-06-27
1372,4148,818,5,"Excellent product, highly recommend!",2021-05-09
1373,4150,265,5,"Excellent product, highly recommend!",2023-08-28
1374,4162,924,4,Good value for money!,2025-06-14
1375,4165,53,5,"Excellent product, highly recommend!",2022-05-05
1376,4175,457,4,Good value for money!,2020-04-30
1377,4175,371,4,Good value for money!,2021-07-21
1378,4181,249,4,Good value for money!,2024-11-05
1379,4183,451,5,"Excellent product, highly recommend!",2023-01-15
1380,4193,1194,5,"Excellent product, highly recommend!",2020-07-24
1381,4195,711,5,"Excellent product, highly recommend!",2024-10-31
1382,4195,748,5,"Excellent product, highly recommend!",2023-01-12
1383,4195,719,1,"Very disappointed, would not buy again.",2021-10-24
1384,4196,988,5,"Excellent product, highly recommend!",2025-07-09
1385,4196,708,3,Okay overall.,2024-07-20
1386,4196,917,5,"Excellent product, highly recommend!",2022-09-26
1387,4197,912,5,"Excellent product, highly recommend!",2022-01-27
1388,4197,250,3,Okay overall.,2025-10-24
1389,4199,792,2,Not great quality.,2021-05-05
1390,4199,974,5,"Excellent product, highly recommend!",2021-03-25
1391,4205,702,5,"Excellent product, highly recommend!",2023-03-05
1392,4205,686,5,"Excellent product, highly recommend!",2023-11-21
1393,4214,801,3,Okay overall.,2025-01-17
1394,4218,1133,5,"Excellent product, highly recommend!",2021-06-15
1395,4219,1180,3,Okay overall.,2021-08-17
1396,4225,964,4,Good value for money!,2024-02-18
1397,4225,1141,4,Good value for money!,2024-10-14
1398,4225,411,5,"Excellent product, highly recommend!",2023-05-18
1399,4225,861,4,Good value for money!,2022-11-25
1400,4235,409,1,"Very disappointed, would not buy again.",2022-12-24
1401,4235,408,3,Okay overall.,2024-07-18
1402,4235,933,4,Good value for money!,2022-12-15
1403,4241,1113,5,"Excellent product, highly recommend!",2022-12-10
1404,4286,933,5,"Excellent product, highly recommend!",2020-06-12
1405,4287,548,5,"Excellent product, highly recommend!",2021-01-27
1406,4300,508,3,Okay overall.,2021-09-08
1407,4300,191,3,Okay overall.,2022-06-18
1408,4304,687,5,"Excellent product, highly recommend!",2023-06-03
1409,4307,984,4,Good value for money!,2021-04-22
1410,4307,1019,5,"Excellent product, highly recommend!",2021-08-19
1411,4313,497,5,"Excellent product, highly recommend!",2020-08-15
1412,4325,1006,5,"Excellent product, highly recommend!",2025-06-04
1413,4325,407,5,"Excellent product, highly recommend!",2021-09-20
1414,4325,434,4,Good value for money!,2021-05-02
1415,4325,513,3,Okay overall.,2023-04-27
1416,4326,183,4,Good value for money!,2022-07-22
1417,4326,223,5,"Excellent product, highly recommend!",2021-01-30
1418,4332,425,3,Okay overall.,2025-10-26
1419,4332,989,2,Not great quality.,2024-06-19
1420,4338,496,5,"Excellent product, highly recommend!",2023-12-21
1421,4338,459,5,"Excellent product, highly recommend!",2021-07-28
1422,4338,880,3,Okay overall.,2020-08-14
1423,4338,470,5,"Excellent product, highly recommend!",2022-10-09
1424,4341,1039,3,Okay overall.,2023-05-14
1425,4344,1003,4,Good value for money!,2024-09-27
1426,4344,1030,4,Good value for money!,2025-02-15
1427,4344,1132,5,"Excellent product, highly recommend!",2025-09-14
1428,4346,669,5,"Excellent product, highly recommend!",2020-05-11
1429,4349,998,1,"Very disappointed, would not buy again.",2025-03-30
1430,4369,462,5,"Excellent product, highly recommend!",2024-10-29
1431,4369,1053,4,Good value for money!,2021-09-04
1432,4373,1157,4,Good value for money!,2025-04-24
1433,4375,521,5,"Excellent product, highly recommend!",2022-04-11
1434,4375,239,2,Not great quality.,2022-10-03
1435,4380,709,4,Good value for money!,2021-07-14
1436,4380,934,2,Not great quality.,2020-04-11
1437,4387,1188,3,Okay overall.,2020-10-22
1438,4390,980,3,Okay overall.,2020-03-12
1439,4390,1067,5,"Excellent product, highly recommend!",2023-06-24
1440,4391,998,5,"Excellent product, highly recommend!",2022-03-26
1441,4395,977,3,Okay overall.,2020-12-29
1442,4396,1012,1,"Very disappointed, would not buy again.",2025-07-19
1443,4396,366,3,Okay overall.,2022-06-01
1444,4398,360,5,"Excellent product, highly recommend!",2023-08-06
1445,4402,876,4,Good value for money!,2021-06-09
1446,4408,311,5,"Excellent product, highly recommend!",2022-04-09
1447,4413,231,3,Okay overall.,2022-05-09
1448,4419,922,3,Okay overall.,2020-01-25
1449,4423,827,5,"Excellent product, highly recommend!",2023-08-28
1450,4423,24,4,Good value for money!,2022-04-07
1451,4426,822,5,"Excellent product, highly recommend!",2024-12-29
1452,4440,866,3,Okay overall.,2025-07-04
1453,4445,1025,4,Good value for money!,2020-02-21
1454,4445,959,5,"Excellent product, highly recommend!",2023-11-30
1455,4445,959,3,Okay overall.,2021-04-18
1456,4453,1070,3,Okay overall.,2022-11-30
1457,4453,291,5,"Excellent product, highly recommend!",2020-04-10
1458,4453,365,5,"Excellent product, highly recommend!",2024-11-25
1459,4457,1025,3,Okay overall.,2022-07-30
1460,4461,1017,3,Okay overall.,2025-06-28
1461,4461,875,5,"Excellent product, highly recommend!",2023-02-12
1462,4465,1064,3,Okay overall.,2023-10-11
1463,4465,1108,4,Good value for money!,2022-11-18
1464,4491,625,1,"Very disappointed, would not buy again.",2024-03-10
1465,4491,578,4,Good value for money!,2024-02-03
1466,4492,507,3,Okay overall.,2025-10-07
1467,4498,698,4,Good value for money!,2025-07-29
1468,4498,778,5,"Excellent product, highly recommend!",2020-08-06
1469,4499,285,5,"Excellent product, highly recommend!",2024-07-13
1470,4499,938,5,"Excellent product, highly recommend!",2023-02-17
1471,4499,278,5,"Excellent product, highly recommend!",2020-05-07
1472,4506,970,4,Good value for money!,2025-01-18
1473,4512,999,4,Good value for money!,2022-06-20
1474,4518,612,5,"Excellent product, highly recommend!",2022-01-05
1475,4518,1186,3,Okay overall.,2023-03-12
1476,4527,1112,5,"Excellent product, highly recommend!",2022-05-25
1477,4528,352,4,Good value for money!,2020-04-10
1478,4530,216,3,Okay overall.,2024-10-16
1479,4531,405,5,"Excellent product, highly recommend!",2024-12-29
1480,4544,933,3,Okay overall.,2023-09-08
1481,4548,147,5,"Excellent product, highly recommend!",2023-04-05
1482,4554,526,4,Good value for money!,2020-03-22
1483,4555,450,5,"Excellent product, highly recommend!",2023-02-11
1484,4555,668,3,Okay overall.,2025-01-23
1485,4555,897,3,Okay overall.,2024-07-19
1486,4563,963,5,"Excellent product, highly recommend!",2022-07-08
1487,4563,585,4,Good value for money!,2022-11-11
1488,4568,742,5,"Excellent product, highly recommend!",2020-01-16
1489,4568,962,4,Good value for money!,2022-05-01
1490,4570,874,5,"Excellent product, highly recommend!",2021-10-26
1491,4573,767,5,"Excellent product, highly recommend!",2020-11-07
1492,4573,709,5,"Excellent product, highly recommend!",2025-04-16
1493,4575,852,4,Good value for money!,2021-03-17
1494,4581,946,3,Okay overall.,2020-06-21
1495,4587,835,4,Good value for money!,2024-12-26
1496,4590,686,1,"Very disappointed, would not buy again.",2023-01-26
1497,4595,1101,5,"Excellent product, highly recommend!",2021-04-07
1498,4595,1133,3,Okay overall.,2023-08-16
1499,4598,1192,4,Good value for money!,2022-06-03
1500,4607,193,5,"Excellent product, highly recommend!",2020-09-27
1501,4607,894,4,Good value for money!,2024-03-17
1502,4607,265,5,"Excellent product, highly recommend!",2021-03-25
1503,4607,1047,3,Okay overall.,2023-06-09
1504,4607,853,5,"Excellent product, highly recommend!",2022-03-01
1505,4608,622,3,Okay overall.,2022-09-25
1506,4614,416,5,"Excellent product, highly recommend!",2022-02-11
1507,4614,626,3,Okay overall.,2021-12-04
1508,4614,578,5,"Excellent product, highly recommend!",2025-05-26
1509,4626,240,2,Not great quality.,2021-05-12
1510,4626,316,5,"Excellent product, highly recommend!",2021-05-10
1511,4627,174,3,Okay overall.,2020-09-27
1512,4629,513,3,Okay overall.,2023-11-17
1513,4629,370,5,"Excellent product, highly recommend!",2023-04-05
1514,4631,478,3,Okay overall.,2021-12-15
1515,4632,479,4,Good value for money!,2024-11-19
1516,4637,818,4,Good value for money!,2023-11-09
1517,4639,891,5,"Excellent product, highly recommend!",2021-08-14
1518,4655,38,5,"Excellent product, highly recommend!",2020-09-20
1519,4655,1097,4,Good value for money!,2025-04-15
1520,4655,934,1,"Very disappointed, would not buy again.",2025-04-05
1521,4655,65,2,Not great quality.,2022-09-17
1522,4678,115,4,Good value for money!,2020-01-26
1523,4683,944,2,Not great quality.,2025-03-23
1524,4683,821,1,"Very disappointed, would not buy again.",2023-03-17
1525,4684,418,4,Good value for money!,2025-10-03
1526,4684,405,3,Okay overall.,2023-09-01
1527,4685,678,4,Good value for money!,2020-11-09
1528,4685,1082,4,Good value for money!,2023-05-09
1529,4689,214,5,"Excellent product, highly recommend!",2021-12-09
1530,4690,845,5,"Excellent product, highly recommend!",2020-11-28
1531,4694,991,3,Okay overall.,2022-03-16
1532,4696,791,4,Good value for money!,2020-12-25
1533,4696,712,5,"Excellent product, highly recommend!",2024-04-16
1534,4696,733,4,Good value for money!,2020-05-06
1535,4712,872,4,Good value for money!,2021-02-09
1536,4719,213,4,Good value for money!,2021-05-07
1537,4719,1143,1,"Very disappointed, would not buy again.",2020-10-22
1538,4721,1185,5,"Excellent product, highly recommend!",2022-05-09
1539,4721,94,3,Okay overall.,2022-10-27
1540,4721,1045,5,"Excellent product, highly recommend!",2022-02-17
1541,4723,695,5,"Excellent product, highly recommend!",2024-10-13
1542,4723,818,5,"Excellent product, highly recommend!",2021-04-07
1543,4723,795,5,"Excellent product, highly recommend!",2023-05-26
1544,4730,668,3,Okay overall.,2020-12-31
1545,4734,84,5,"Excellent product, highly recommend!",2021-01-25
1546,4734,910,3,Okay overall.,2021-09-21
1547,4756,466,2,Not great quality.,2022-09-12
1548,4756,212,4,Good value for money!,2023-07-06
1549,4756,906,5,"Excellent product, highly recommend!",2024-12-17
1550,4761,991,5,"Excellent product, highly recommend!",2020-08-17
1551,4761,1010,4,Good value for money!,2023-02-16
1552,4761,929,5,"Excellent product, highly recommend!",2025-10-03
1553,4762,358,5,"Excellent product, highly recommend!",2024-06-18
1554,4767,751,3,Okay overall.,2021-09-29
1555,4771,206,5,"Excellent product, highly recommend!",2024-09-30
1556,4774,457,4,Good value for money!,2022-11-27
1557,4774,203,5,"Excellent product, highly recommend!",2020-12-17
1558,4775,883,2,Not great quality.,2022-10-30
1559,4775,1014,5,"Excellent product, highly recommend!",2025-02-11
1560,4775,916,2,Not great quality.,2022-07-09
1561,4777,777,5,"Excellent product, highly recommend!",2020-12-09
1562,4777,543,5,"Excellent product, highly recommend!",2023-05-08
1563,4779,1108,3,Okay overall.,2025-04-04
1564,4779,929,3,Okay overall.,2025-06-16
1565,4779,1051,3,Okay overall.,2020-01-30
1566,4779,684,4,Good value for money!,2025-09-01
1567,4786,1021,3,Okay overall.,2024-09-10
1568,4786,877,4,Good value for money!,2022-08-02
1569,4786,926,1,"Very disappointed, would not buy again.",2024-11-22
1570,4805,676,3,Okay overall.,2023-11-17
1571,4810,1005,4,Good value for money!,2021-09-13
1572,4816,954,5,"Excellent product, highly recommend!",2022-07-08
1573,4816,747,4,Good value for money!,2025-07-16
1574,4818,416,5,"Excellent product, highly recommend!",2021-03-09
1575,4818,377,5,"Excellent product, highly recommend!",2023-04-10
1576,4818,379,4,Good value for money!,2024-05-05
1577,4828,952,4,Good value for money!,2022-04-19
1578,4828,495,4,Good value for money!,2023-10-25
1579,4834,961,5,"Excellent product, highly recommend!",2025-01-11
1580,4844,636,4,Good value for money!,2022-10-12
1581,4844,769,3,Okay overall.,2025-06-21
1582,4853,868,4,Good value for money!,2022-07-02
1583,4853,567,5,"Excellent product, highly recommend!",2023-05-14
1584,4860,881,5,"Excellent product, highly recommend!",2025-01-18
1585,4860,973,5,"Excellent product, highly recommend!",2020-08-17
1586,4863,877,5,"Excellent product, highly recommend!",2025-04-30
1587,4863,494,5,"Excellent product, highly recommend!",2021-04-02
1588,4867,1119,4,Good value for money!,2025-03-11
1589,4871,458,4,Good value for money!,2023-01-27
1590,4876,538,3,Okay overall.,2025-08-30
1591,4895,154,4,Good value for money!,2023-12-13
1592,4895,123,4,Good value for money!,2022-08-21
1593,4899,762,5,"Excellent product, highly recommend!",2023-04-24
1594,4913,441,3,Okay overall.,2021-06-06
1595,4914,702,3,Okay overall.,2022-09-26
1596,4914,821,4,Good value for money!,2025-02-24
1597,4914,678,5,"Excellent product, highly recommend!",2023-01-17
1598,4925,95,4,Good value for money!,2024-09-11
1599,4925,564,5,"Excellent product, highly recommend!",2023-09-06
1600,4925,1151,3,Okay overall.,2024-08-11
1601,4926,474,4,Good value for money!,2025-07-02
1602,4934,679,3,Okay overall.,2021-10-07
1603,4935,464,5,"Excellent product, highly recommend!",2021-11-10
1604,4941,863,1,"Very disappointed, would not buy again.",2020-01-16
1605,4954,665,5,"Excellent product, highly recommend!",2025-05-20
1606,4962,670,3,Okay overall.,2022-07-18
1607,4964,698,1,"Very disappointed, would not buy again.",2023-12-28
1608,4964,352,5,"Excellent product, highly recommend!",2021-09-03
1609,4964,666,5,"Excellent product, highly recommend!",2021-01-17
1610,4975,982,1,"Very disappointed, would not buy again.",2024-02-07
1611,4975,938,5,"Excellent product, highly recommend!",2020-05-20
1612,4979,360,5,"Excellent product, highly recommend!",2020-04-17
1613,4983,1106,5,"Excellent product, highly recommend!",2024-05-11
1614,4983,371,5,"Excellent product, highly recommend!",2021-02-23
1615,4983,1145,1,"Very disappointed, would not buy again.",2020-06-22
1616,4989,504,5,"Excellent product, highly recommend!",2022-12-28
1617,4989,817,5,"Excellent product, highly recommend!",2020-12-18
1618,4989,957,4,Good value for money!,2025-08-06
1619,4990,357,5,"Excellent product, highly recommend!",2021-04-11
1620,4994,1059,4,Good value for money!,2025-09-13
1621,4996,948,4,Good value for money!,2021-08-20
1622,4998,1123,4,Good value for money!,2021-04-28
1623,4998,1059,2,Not great quality.,2023-02-16
1624,5001,765,1,"Very disappointed, would not buy again.",2024-07-05
1625,5001,571,3,Okay overall.,2023-09-13
1626,5005,588,5,"Excellent product, highly recommend!",2023-02-20
1627,5006,575,5,"Excellent product, highly recommend!",2023-08-17
1628,5017,1139,2,Not great quality.,2020-11-24
1629,5017,471,4,Good value for money!,2024-09-05
1630,5020,387,2,Not great quality.,2025-10-14
1631,5020,978,5,"Excellent product, highly recommend!",2021-04-10
1632,5020,424,4,Good value for money!,2021-10-02
1633,5025,944,4,Good value for money!,2022-03-07
1634,5025,1123,3,Okay overall.,2024-09-18
1635,5026,543,2,Not great quality.,2021-03-11
1636,5026,1099,4,Good value for money!,2024-04-17
1637,5026,899,4,Good value for money!,2020-12-20
1638,5034,463,5,"Excellent product, highly recommend!",2023-03-23
1639,5039,446,3,Okay overall.,2021-04-03
1640,5043,415,5,"Excellent product, highly recommend!",2021-12-18
1641,5043,445,4,Good value for money!,2024-11-26
1642,5049,258,5,"Excellent product, highly recommend!",2023-11-27
1643,5057,1043,5,"Excellent product, highly recommend!",2020-05-03
1644,5057,438,1,"Very disappointed, would not buy again.",2022-04-27
1645,5057,1033,3,Okay overall.,2020-08-18
1646,5061,464,4,Good value for money!,2025-01-11
1647,5062,601,4,Good value for money!,2025-05-05
1648,5062,579,5,"Excellent product, highly recommend!",2023-04-16
1649,5068,731,4,Good value for money!,2025-08-26
1650,5071,330,3,Okay overall.,2024-11-19
1651,5087,1143,4,Good value for money!,2020-05-11
1652,5087,683,4,Good value for money!,2024-11-07
1653,5091,567,4,Good value for money!,2022-08-20
1654,5091,967,5,"Excellent product, highly recommend!",2020-07-12
1655,5091,198,4,Good value for money!,2021-12-19
1656,5096,891,5,"Excellent product, highly recommend!",2020-07-08
1657,5101,327,3,Okay overall.,2025-05-31
1658,5101,381,4,Good value for money!,2024-06-16
1659,5103,1178,2,Not great quality.,2024-07-29
1660,5103,1170,5,"Excellent product, highly recommend!",2025-08-16
1661,5105,60,5,"Excellent product, highly recommend!",2022-08-20
1662,5105,268,4,Good value for money!,2023-04-17
1663,5109,37,3,Okay overall.,2021-07-16
1664,5114,84,4,Good value for money!,2020-02-29
1665,5114,103,4,Good value for money!,2023-06-23
1666,5114,1031,3,Okay overall.,2025-10-03
1667,5118,298,2,Not great quality.,2024-06-23
1668,5118,208,3,Okay overall.,2022-02-23
1669,5130,1075,5,"Excellent product, highly recommend!",2024-10-11
1670,5130,1161,4,Good value for money!,2024-06-14
1671,5130,1092,2,Not great quality.,2020-06-07
1672,5130,1132,4,Good value for money!,2024-09-01
1673,5136,827,4,Good value for money!,2020-02-29
1674,5136,831,5,"Excellent product, highly recommend!",2022-09-14
1675,5139,1080,2,Not great quality.,2025-07-15
1676,5139,875,1,"Very disappointed, would not buy again.",2020-09-16
1677,5139,565,3,Okay overall.,2023-08-21
1678,5150,509,4,Good value for money!,2021-03-24
1679,5150,1050,5,"Excellent product, highly recommend!",2025-04-01
1680,5155,363,2,Not great quality.,2023-10-08
1681,5155,988,4,Good value for money!,2023-03-08
1682,5155,986,2,Not great quality.,2023-06-25
1683,5158,636,5,"Excellent product, highly recommend!",2025-03-22
1684,5158,1056,5,"Excellent product, highly recommend!",2023-05-07
1685,5158,243,3,Okay overall.,2021-03-16
1686,5159,758,5,"Excellent product, highly recommend!",2024-06-14
1687,5160,671,3,Okay overall.,2025-03-30
1688,5170,943,4,Good value for money!,2022-03-21
1689,5170,1081,5,"Excellent product, highly recommend!",2024-11-06
1690,5170,980,2,Not great quality.,2021-04-01
1691,5173,914,4,Good value for money!,2023-07-16
1692,5173,176,4,Good value for money!,2022-11-02
1693,5173,764,3,Okay overall.,2023-07-29
1694,5173,275,2,Not great quality.,2025-09-13
1695,5178,479,1,"Very disappointed, would not buy again.",2020-03-27
1696,5184,988,3,Okay overall.,2020-08-02
1697,5184,943,4,Good value for money!,2020-07-25
1698,5186,277,4,Good value for money!,2024-08-30
1699,5188,918,4,Good value for money!,2020-08-29
1700,5191,999,4,Good value for money!,2020-03-24
1701,5198,491,3,Okay overall.,2021-12-26
1702,5207,908,3,Okay overall.,2024-08-29
1703,5207,713,3,Okay overall.,2020-07-31
1704,5212,469,4,Good value for money!,2024-07-19
1705,5212,250,4,Good value for money!,2021-02-22
1706,5215,1047,4,Good value for money!,2025-07-11
1707,5215,891,5,"Excellent product, highly recommend!",2024-08-23
1708,5215,5,5,"Excellent product, highly recommend!",2023-02-04
1709,5222,1010,5,"Excellent product, highly recommend!",2020-01-12
1710,5223,94,3,Okay overall.,2024-08-22
1711,5223,139,3,Okay overall.,2025-01-27
1712,5226,1090,2,Not great quality.,2020-09-19
1713,5231,208,4,Good value for money!,2024-03-20
1714,5231,205,3,Okay overall.,2022-03-22
1715,5231,560,4,Good value for money!,2024-04-05
1716,5233,878,5,"Excellent product, highly recommend!",2024-03-19
1717,5242,1050,2,Not great quality.,2021-06-17
1718,5242,919,5,"Excellent product, highly recommend!",2022-04-15
1719,5243,647,5,"Excellent product, highly recommend!",2024-09-26
1720,5262,83,4,Good value for money!,2021-10-12
1721,5266,923,4,Good value for money!,2020-07-24
1722,5266,427,3,Okay overall.,2021-07-08
1723,5283,225,5,"Excellent product, highly recommend!",2024-03-16
1724,5297,1012,2,Not great quality.,2021-11-29
1725,5297,944,5,"Excellent product, highly recommend!",2025-03-12
1726,5305,1041,3,Okay overall.,2024-09-14
1727,5305,765,3,Okay overall.,2020-01-29
1728,5310,842,4,Good value for money!,2023-10-19
1729,5312,978,4,Good value for money!,2020-05-07
1730,5323,1152,2,Not great quality.,2022-07-10
1731,5327,1070,4,Good value for money!,2020-08-29
1732,5328,939,5,"Excellent product, highly recommend!",2024-11-03
1733,5328,1004,3,Okay overall.,2021-02-11
1734,5331,1048,4,Good value for money!,2023-12-22
1735,5339,930,3,Okay overall.,2020-01-04
1736,5339,290,4,Good value for money!,2024-07-01
1737,5340,947,3,Okay overall.,2020-12-10
1738,5341,1118,3,Okay overall.,2024-11-08
1739,5341,215,3,Okay overall.,2024-10-24
1740,5341,872,4,Good value for money!,2020-02-01
1741,5343,747,5,"Excellent product, highly recommend!",2023-03-04
1742,5343,1070,3,Okay overall.,2022-06-22
1743,5343,282,4,Good value for money!,2023-09-07
1744,5348,879,3,Okay overall.,2020-08-27
1745,5348,917,5,"Excellent product, highly recommend!",2020-04-11
1746,5349,1069,1,"Very disappointed, would not buy again.",2025-05-30
1747,5349,1081,3,Okay overall.,2025-04-16
1748,5349,1115,5,"Excellent product, highly recommend!",2025-01-28
1749,5349,1082,4,Good value for money!,2024-12-13
1750,5352,463,3,Okay overall.,2023-12-25
1751,5352,634,5,"Excellent product, highly recommend!",2025-04-08
1752,5352,107,5,"Excellent product, highly recommend!",2020-10-05
1753,5365,386,5,"Excellent product, highly recommend!",2024-06-07
1754,5369,132,5,"Excellent product, highly recommend!",2020-02-12
1755,5369,1170,2,Not great quality.,2025-01-23
1756,5369,783,5,"Excellent product, highly recommend!",2023-07-31
1757,5372,423,5,"Excellent product, highly recommend!",2021-07-21
1758,5373,1038,4,Good value for money!,2021-12-10
1759,5375,487,5,"Excellent product, highly recommend!",2022-11-02
1760,5375,1016,5,"Excellent product, highly recommend!",2024-05-13
1761,5378,1027,3,Okay overall.,2025-05-03
1762,5383,582,3,Okay overall.,2025-09-11
1763,5383,379,3,Okay overall.,2021-04-22
1764,5386,999,4,Good value for money!,2025-03-11
1765,5386,873,5,"Excellent product, highly recommend!",2023-05-16
1766,5397,866,3,Okay overall.,2024-10-29
1767,5397,1005,5,"Excellent product, highly recommend!",2020-01-25
1768,5397,947,1,"Very disappointed, would not buy again.",2023-01-19
1769,5399,150,4,Good value for money!,2022-11-26
1770,5404,183,4,Good value for money!,2020-01-25
1771,5407,365,5,"Excellent product, highly recommend!",2020-05-26
1772,5410,457,5,"Excellent product, highly recommend!",2025-03-05
1773,5410,395,4,Good value for money!,2025-04-24
1774,5414,1063,3,Okay overall.,2023-08-31
1775,5414,925,4,Good value for money!,2021-12-28
1776,5414,729,3,Okay overall.,2021-12-04
1777,5416,458,3,Okay overall.,2025-07-02
1778,5416,420,5,"Excellent product, highly recommend!",2020-10-02
1779,5419,233,4,Good value for money!,2024-03-02
1780,5421,7,5,"Excellent product, highly recommend!",2023-07-31
1781,5422,987,2,Not great quality.,2025-03-11
1782,5422,976,3,Okay overall.,2024-12-31
1783,5422,894,4,Good value for money!,2024-07-27
1784,5425,938,4,Good value for money!,2022-04-11
1785,5429,203,5,"Excellent product, highly recommend!",2022-08-06
1786,5429,183,5,"Excellent product, highly recommend!",2025-08-29
1787,5443,743,3,Okay overall.,2025-08-28
1788,5443,849,2,Not great quality.,2022-05-07
1789,5452,484,4,Good value for money!,2024-08-28
1790,5452,836,3,Okay overall.,2023-10-21
1791,5454,476,3,Okay overall.,2024-10-02
1792,5454,400,4,Good value for money!,2025-03-01
1793,5460,537,5,"Excellent product, highly recommend!",2021-05-31
1794,5464,366,4,Good value for money!,2021-03-20
1795,5464,504,5,"Excellent product, highly recommend!",2022-02-05
1796,5467,416,5,"Excellent product, highly recommend!",2025-09-21
1797,5467,377,4,Good value for money!,2023-01-19
1798,5467,460,4,Good value for money!,2021-10-31
1799,5468,848,4,Good value for money!,2023-07-30
1800,5472,1144,3,Okay overall.,2025-07-18
1801,5472,1194,5,"Excellent product, highly recommend!",2023-04-30
1802,5472,780,2,Not great quality.,2021-06-01
1803,5505,373,2,Not great quality.,2021-08-21
1804,5505,405,4,Good value for money!,2023-09-30
1805,5505,447,5,"Excellent product, highly recommend!",2024-05-04
1806,5508,253,4,Good value for money!,2023-08-28
1807,5511,765,5,"Excellent product, highly recommend!",2024-02-19
1808,5511,1170,5,"Excellent product, highly recommend!",2025-03-12
1809,5511,690,4,Good value for money!,2021-01-28
1810,5517,401,5,"Excellent product, highly recommend!",2022-11-20
1811,5527,1193,3,Okay overall.,2022-12-05
1812,5527,1037,4,Good value for money!,2021-05-13
1813,5527,424,2,Not great quality.,2022-06-25
1814,5537,103,4,Good value for money!,2024-09-29
1815,5547,694,4,Good value for money!,2023-01-07
1816,5549,870,3,Okay overall.,2024-08-06
1817,5555,1194,5,"Excellent product, highly recommend!",2022-06-16
1818,5555,1070,2,Not great quality.,2024-11-16
1819,5557,850,5,"Excellent product, highly recommend!",2022-01-26
1820,5557,921,4,Good value for money!,2024-06-12
1821,5579,436,4,Good value for money!,2024-05-11
1822,5585,1066,4,Good value for money!,2021-05-06
1823,5586,919,4,Good value for money!,2021-12-12
1824,5588,1110,5,"Excellent product, highly recommend!",2023-09-04
1825,5594,866,4,Good value for money!,2024-04-13
1826,5595,414,5,"Excellent product, highly recommend!",2020-11-23
1827,5595,439,3,Okay overall.,2021-07-06
1828,5596,792,4,Good value for money!,2022-09-17
1829,5599,668,5,"Excellent product, highly recommend!",2025-05-22
1830,5599,1043,4,Good value for money!,2022-07-21
1831,5599,575,5,"Excellent product, highly recommend!",2022-04-11
1832,5601,571,5,"Excellent product, highly recommend!",2024-07-07
1833,5601,782,1,"Very disappointed, would not buy again.",2025-02-28
1834,5618,957,5,"Excellent product, highly recommend!",2022-08-24
1835,5621,845,5,"Excellent product, highly recommend!",2021-07-15
1836,5621,1018,4,Good value for money!,2022-05-18
1837,5628,788,4,Good value for money!,2023-05-02
1838,5628,624,5,"Excellent product, highly recommend!",2025-01-24
1839,5628,460,5,"Excellent product, highly recommend!",2023-08-09
1840,5629,439,5,"Excellent product, highly recommend!",2023-10-12
1841,5629,84,5,"Excellent product, highly recommend!",2021-10-04
1842,5629,876,5,"Excellent product, highly recommend!",2021-08-02
1843,5633,1084,3,Okay overall.,2025-10-12
1844,5636,423,5,"Excellent product, highly recommend!",2023-01-12
1845,5636,293,4,Good value for money!,2024-08-24
1846,5639,797,4,Good value for money!,2021-07-24
1847,5643,270,5,"Excellent product, highly recommend!",2023-11-07
1848,5645,741,4,Good value for money!,2024-09-16
1849,5646,195,5,"Excellent product, highly recommend!",2023-01-30
1850,5646,333,4,Good value for money!,2023-02-07
1851,5660,389,3,Okay overall.,2020-06-14
1852,5660,1121,5,"Excellent product, highly recommend!",2024-02-07
1853,5660,1123,4,Good value for money!,2021-11-03
1854,5662,129,1,"Very disappointed, would not buy again.",2022-10-02
1855,5666,533,5,"Excellent product, highly recommend!",2021-02-07
1856,5669,1099,4,Good value for money!,2024-06-14
1857,5669,385,4,Good value for money!,2020-01-02
1858,5670,889,5,"Excellent product, highly recommend!",2020-09-13
1859,5672,873,1,"Very disappointed, would not buy again.",2022-10-02
1860,5672,982,5,"Excellent product, highly recommend!",2024-06-17
1861,5672,764,3,Okay overall.,2020-12-01
1862,5672,910,2,Not great quality.,2022-08-09
1863,5675,1158,5,"Excellent product, highly recommend!",2024-01-10
1864,5675,1092,5,"Excellent product, highly recommend!",2024-03-11
1865,5680,753,2,Not great quality.,2022-08-27
1866,5680,758,2,Not great quality.,2024-05-04
1867,5690,612,3,Okay overall.,2023-06-05
1868,5694,935,5,"Excellent product, highly recommend!",2025-08-13
1869,5706,1030,3,Okay overall.,2025-10-02
1870,5706,1086,5,"Excellent product, highly recommend!",2024-04-18
1871,5728,234,5,"Excellent product, highly recommend!",2021-10-07
1872,5732,522,3,Okay overall.,2024-11-03
1873,5732,1099,5,"Excellent product, highly recommend!",2025-08-29
1874,5735,556,5,"Excellent product, highly recommend!",2022-05-02
1875,5735,637,5,"Excellent product, highly recommend!",2023-09-27
1876,5738,742,5,"Excellent product, highly recommend!",2023-04-18
1877,5738,920,3,Okay overall.,2020-05-24
1878,5738,1005,5,"Excellent product, highly recommend!",2022-05-28
1879,5741,1197,4,Good value for money!,2023-11-03
1880,5741,1008,5,"Excellent product, highly recommend!",2021-12-27
1881,5741,1155,3,Okay overall.,2021-07-21
1882,5741,1039,4,Good value for money!,2020-08-31
1883,5744,1112,3,Okay overall.,2020-10-28
1884,5749,867,4,Good value for money!,2021-04-02
1885,5750,176,5,"Excellent product, highly recommend!",2022-08-07
1886,5751,373,1,"Very disappointed, would not buy again.",2024-04-27
1887,5752,422,1,"Very disappointed, would not buy again.",2022-08-27
1888,5752,549,5,"Excellent product, highly recommend!",2020-09-02
1889,5763,526,1,"Very disappointed, would not buy again.",2021-08-12
1890,5763,22,5,"Excellent product, highly recommend!",2025-10-08
1891,5765,901,5,"Excellent product, highly recommend!",2024-10-22
1892,5773,269,5,"Excellent product, highly recommend!",2024-03-06
1893,5800,1171,4,Good value for money!,2024-01-31
1894,5800,579,5,"Excellent product, highly recommend!",2024-10-26
1895,5800,352,5,"Excellent product, highly recommend!",2023-08-10
1896,5802,1043,4,Good value for money!,2022-04-29
1897,5808,1001,4,Good value for money!,2024-02-16
1898,5808,988,5,"Excellent product, highly recommend!",2025-03-07
1899,5815,581,5,"Excellent product, highly recommend!",2024-03-09
1900,5816,899,4,Good value for money!,2023-08-26
1901,5816,221,5,"Excellent product, highly recommend!",2020-09-28
1902,5816,257,1,"Very disappointed, would not buy again.",2023-03-29
1903,5817,1007,4,Good value for money!,2025-01-14
1904,5821,313,5,"Excellent product, highly recommend!",2022-02-19
1905,5821,608,4,Good value for money!,2024-03-08
1906,5822,991,4,Good value for money!,2021-12-17
1907,5822,896,4,Good value for money!,2025-09-21
1908,5822,1187,5,"Excellent product, highly recommend!",2025-07-06
1909,5822,902,5,"Excellent product, highly recommend!",2022-03-11
1910,5829,1074,2,Not great quality.,2024-07-04
1911,5829,1023,5,"Excellent product, highly recommend!",2023-10-04
1912,5829,355,5,"Excellent product, highly recommend!",2024-03-29
1913,5831,730,4,Good value for money!,2024-09-08
1914,5831,755,4,Good value for money!,2023-04-28
1915,5834,837,4,Good value for money!,2021-10-03
1916,5834,944,5,"Excellent product, highly recommend!",2021-11-26
1917,5834,257,4,Good value for money!,2023-05-17
1918,5838,364,5,"Excellent product, highly recommend!",2023-11-08
1919,5840,226,5,"Excellent product, highly recommend!",2022-06-03
1920,5840,459,4,Good value for money!,2020-01-07
1921,5843,556,3,Okay overall.,2020-10-22
1922,5843,617,5,"Excellent product, highly recommend!",2025-09-21
1923,5843,564,4,Good value for money!,2020-08-22
1924,5844,924,2,Not great quality.,2023-04-02
1925,5844,1005,5,"Excellent product, highly recommend!",2023-10-15
1926,5844,1069,4,Good value for money!,2023-10-09
1927,5845,1020,5,"Excellent product, highly recommend!",2024-09-28
1928,5849,908,3,Okay overall.,2021-08-06
1929,5849,374,5,"Excellent product, highly recommend!",2021-03-25
1930,5857,226,4,Good value for money!,2022-09-22
1931,5870,1137,4,Good value for money!,2022-06-04
1932,5872,231,4,Good value for money!,2023-07-24
1933,5874,1077,5,"Excellent product, highly recommend!",2024-03-04
1934,5875,631,3,Okay overall.,2023-02-23
1935,5878,1030,4,Good value for money!,2025-04-14
1936,5886,677,1,"Very disappointed, would not buy again.",2023-12-12
1937,5892,203,3,Okay overall.,2025-06-14
1938,5897,671,5,"Excellent product, highly recommend!",2021-12-03
1939,5897,583,1,"Very disappointed, would not buy again.",2020-03-18
1940,5897,682,5,"Excellent product, highly recommend!",2021-02-24
1941,5897,973,5,"Excellent product, highly recommend!",2025-02-17
1942,5897,531,5,"Excellent product, highly recommend!",2022-05-08
1943,5903,354,5,"Excellent product, highly recommend!",2021-05-10
1944,5908,635,4,Good value for money!,2023-07-24
1945,5908,583,4,Good value for money!,2024-07-03
1946,5908,555,1,"Very disappointed, would not buy again.",2020-10-08
1947,5928,1100,4,Good value for money!,2020-11-12
1948,5934,770,5,"Excellent product, highly recommend!",2021-05-30
1949,5934,62,3,Okay overall.,2023-12-31
1950,5943,383,5,"Excellent product, highly recommend!",2021-01-04
1951,5943,924,5,"Excellent product, highly recommend!",2020-07-01
1952,5948,638,3,Okay overall.,2025-02-20
1953,5966,418,5,"Excellent product, highly recommend!",2023-02-17
1954,5975,557,5,"Excellent product, highly recommend!",2023-05-31
1955,5975,891,5,"Excellent product, highly recommend!",2020-12-15
1956,5977,477,1,"Very disappointed, would not buy again.",2025-08-13
1957,5977,511,5,"Excellent product, highly recommend!",2020-09-07
1958,5978,1123,2,Not great quality.,2024-01-20
1959,5996,1177,4,Good value for money!,2024-06-20
1960,5998,466,4,Good value for money!,2022-05-14
1961,5998,403,5,"Excellent product, highly recommend!",2023-09-02
1962,5998,1144,3,Okay overall.,2023-02-06
1963,6001,74,4,Good value for money!,2020-11-11
1964,6001,73,5,"Excellent product, highly recommend!",2025-05-13
1965,6001,77,5,"Excellent product, highly recommend!",2023-12-09
1966,6005,757,5,"Excellent product, highly recommend!",2022-04-04
1967,6005,838,5,"Excellent product, highly recommend!",2022-07-14
1968,6005,795,5,"Excellent product, highly recommend!",2025-04-08
1969,6016,488,5,"Excellent product, highly recommend!",2021-05-01
1970,6019,910,5,"Excellent product, highly recommend!",2023-07-03
1971,6019,480,4,Good value for money!,2020-03-01
1972,6020,40,4,Good value for money!,2020-04-20
1973,6020,24,3,Okay overall.,2020-10-08
1974,6020,377,5,"Excellent product, highly recommend!",2023-03-09
1975,6021,1056,2,Not great quality.,2020-09-25
1976,6021,308,4,Good value for money!,2025-07-13
1977,6024,592,2,Not great quality.,2025-05-04
1978,6033,451,1,"Very disappointed, would not buy again.",2022-04-01
1979,6033,503,4,Good value for money!,2023-07-19
1980,6038,1196,5,"Excellent product, highly recommend!",2023-02-06
1981,6050,1089,4,Good value for money!,2021-10-10
1982,6051,601,5,"Excellent product, highly recommend!",2024-07-19
1983,6060,1129,4,Good value for money!,2020-02-26
1984,6060,1187,4,Good value for money!,2020-01-08
1985,6060,1160,5,"Excellent product, highly recommend!",2020-01-13
1986,6060,159,1,"Very disappointed, would not buy again.",2024-10-17
1987,6069,920,4,Good value for money!,2022-06-25
1988,6069,925,4,Good value for money!,2023-04-23
1989,6071,359,5,"Excellent product, highly recommend!",2023-01-10
1990,6071,504,3,Okay overall.,2024-12-09
1991,6071,426,4,Good value for money!,2024-01-10
1992,6076,1131,3,Okay overall.,2023-09-22
1993,6076,918,5,"Excellent product, highly recommend!",2025-08-16
1994,6082,1031,5,"Excellent product, highly recommend!",2023-10-18
1995,6100,234,1,"Very disappointed, would not buy again.",2020-09-10
1996,6100,37,2,Not great quality.,2022-01-20
1997,6100,889,5,"Excellent product, highly recommend!",2022-05-20
1998,6102,1121,3,Okay overall.,2024-08-08
1999,6103,1051,5,"Excellent product, highly recommend!",2022-04-25
2000,6103,1197,3,Okay overall.,2022-06-05
2001,6108,472,5,"Excellent product, highly recommend!",2020-06-06
2002,6115,839,4,Good value for money!,2022-04-28
2003,6115,741,5,"Excellent product, highly recommend!",2022-09-30
2004,6118,424,2,Not great quality.,2023-12-21
2005,6118,1034,1,"Very disappointed, would not buy again.",2024-08-30
2006,6118,679,4,Good value for money!,2022-01-04
2007,6119,832,4,Good value for money!,2022-02-27
2008,6120,1140,3,Okay overall.,2020-08-12
2009,6122,323,3,Okay overall.,2023-09-06
2010,6128,827,4,Good value for money!,2020-07-10
2011,6131,606,4,Good value for money!,2023-09-29
2012,6132,470,4,Good value for money!,2023-11-27
2013,6133,1073,3,Okay overall.,2021-10-07
2014,6137,1035,2,Not great quality.,2020-01-12
2015,6137,112,5,"Excellent product, highly recommend!",2020-12-06
2016,6140,910,4,Good value for money!,2024-04-30
2017,6140,906,3,Okay overall.,2024-01-07
2018,6150,1087,4,Good value for money!,2023-05-03
2019,6155,808,5,"Excellent product, highly recommend!",2024-05-23
2020,6155,700,5,"Excellent product, highly recommend!",2023-12-02
2021,6155,852,3,Okay overall.,2025-02-01
2022,6165,711,3,Okay overall.,2024-12-19
2023,6165,794,3,Okay overall.,2024-11-21
2024,6169,1171,4,Good value for money!,2022-07-19
2025,6171,962,5,"Excellent product, highly recommend!",2025-03-14
2026,6171,289,5,"Excellent product, highly recommend!",2022-05-11
2027,6181,377,4,Good value for money!,2022-12-25
2028,6181,104,4,Good value for money!,2024-09-28
2029,6181,534,5,"Excellent product, highly recommend!",2020-09-02
2030,6181,914,3,Okay overall.,2021-04-24
2031,6195,1123,5,"Excellent product, highly recommend!",2022-06-15
2032,6195,492,4,Good value for money!,2023-07-03
2033,6199,356,2,Not great quality.,2021-07-27
2034,6199,1074,5,"Excellent product, highly recommend!",2021-04-24
2035,6199,1172,5,"Excellent product, highly recommend!",2021-02-07
2036,6199,829,5,"Excellent product, highly recommend!",2021-07-25
2037,6200,1177,5,"Excellent product, highly recommend!",2022-12-19
2038,6205,927,4,Good value for money!,2021-07-12
2039,6205,954,3,Okay overall.,2022-08-07
2040,6211,1155,5,"Excellent product, highly recommend!",2025-05-11
2041,6216,923,4,Good value for money!,2023-11-16
2042,6220,851,3,Okay overall.,2024-10-09
2043,6220,1024,3,Okay overall.,2021-01-24
2044,6241,563,5,"Excellent product, highly recommend!",2020-12-01
2045,6241,996,3,Okay overall.,2024-10-05
2046,6241,342,2,Not great quality.,2023-01-25
2047,6241,809,5,"Excellent product, highly recommend!",2024-01-26
2048,6243,421,4,Good value for money!,2022-12-25
2049,6250,411,5,"Excellent product, highly recommend!",2023-04-01
2050,6251,917,3,Okay overall.,2021-07-11
2051,6258,1138,5,"Excellent product, highly recommend!",2020-04-21
2052,6258,1179,5,"Excellent product, highly recommend!",2021-06-12
2053,6267,866,5,"Excellent product, highly recommend!",2022-09-21
2054,6275,731,5,"Excellent product, highly recommend!",2022-07-22
2055,6275,501,5,"Excellent product, highly recommend!",2025-02-06
2056,6275,920,4,Good value for money!,2021-03-13
2057,6280,1153,5,"Excellent product, highly recommend!",2023-10-03
2058,6280,996,4,Good value for money!,2020-05-20
2059,6280,475,5,"Excellent product, highly recommend!",2025-09-04
2060,6282,1132,3,Okay overall.,2020-05-19
2061,6283,273,4,Good value for money!,2022-09-05
2062,6283,308,5,"Excellent product, highly recommend!",2021-11-15
2063,6291,335,4,Good value for money!,2025-09-08
2064,6301,300,5,"Excellent product, highly recommend!",2025-09-04
2065,6303,1096,5,"Excellent product, highly recommend!",2024-05-08
2066,6303,1133,3,Okay overall.,2020-08-12
2067,6304,890,4,Good value for money!,2024-08-25
2068,6304,95,3,Okay overall.,2024-02-21
2069,6313,617,4,Good value for money!,2021-02-05
2070,6331,231,5,"Excellent product, highly recommend!",2021-08-03
2071,6341,286,5,"Excellent product, highly recommend!",2024-03-12
2072,6344,1051,4,Good value for money!,2020-09-27
2073,6344,1142,5,"Excellent product, highly recommend!",2020-10-30
2074,6344,1035,5,"Excellent product, highly recommend!",2022-08-20
2075,6348,1036,3,Okay overall.,2021-09-21
2076,6378,772,4,Good value for money!,2025-09-30
2077,6378,789,4,Good value for money!,2020-12-24
2078,6386,719,4,Good value for money!,2023-12-29
2079,6390,217,4,Good value for money!,2024-11-06
2080,6390,1156,4,Good value for money!,2021-08-06
2081,6392,935,5,"Excellent product, highly recommend!",2020-10-05
2082,6393,1090,1,"Very disappointed, would not buy again.",2023-03-08
2083,6398,808,4,Good value for money!,2023-07-28
2084,6398,286,4,Good value for money!,2023-08-02
2085,6403,142,3,Okay overall.,2024-08-08
2086,6405,884,2,Not great quality.,2021-07-03
2087,6405,946,3,Okay overall.,2021-03-14
2088,6422,593,5,"Excellent product, highly recommend!",2022-11-01
2089,6430,564,4,Good value for money!,2023-10-17
2090,6430,866,4,Good value for money!,2022-10-01
2091,6436,418,3,Okay overall.,2020-09-07
2092,6439,935,5,"Excellent product, highly recommend!",2021-06-14
2093,6442,1178,4,Good value for money!,2020-07-13
2094,6443,669,4,Good value for money!,2024-05-17
2095,6449,1030,3,Okay overall.,2024-04-09
2096,6463,1066,5,"Excellent product, highly recommend!",2020-03-13
2097,6463,1065,5,"Excellent product, highly recommend!",2023-09-02
2098,6463,456,5,"Excellent product, highly recommend!",2021-07-27
2099,6465,1085,5,"Excellent product, highly recommend!",2021-11-07
2100,6465,675,5,"Excellent product, highly recommend!",2023-07-28
2101,6474,280,3,Okay overall.,2025-03-16
2102,6499,161,3,Okay overall.,2024-08-21
2103,6501,562,5,"Excellent product, highly recommend!",2021-04-09
2104,6509,377,2,Not great quality.,2021-09-03
2105,6513,1184,3,Okay overall.,2023-05-06
2106,6513,1054,5,"Excellent product, highly recommend!",2023-11-12
2107,6516,235,4,Good value for money!,2020-12-22
2108,6516,307,5,"Excellent product, highly recommend!",2020-06-11
2109,6516,326,5,"Excellent product, highly recommend!",2021-05-20
2110,6518,1125,4,Good value for money!,2021-10-20
2111,6518,1017,2,Not great quality.,2023-01-25
2112,6518,190,4,Good value for money!,2024-10-28
2113,6524,893,5,"Excellent product, highly recommend!",2023-06-11
2114,6524,1101,3,Okay overall.,2024-02-27
2115,6524,107,4,Good value for money!,2021-02-12
2116,6524,1109,4,Good value for money!,2021-02-08
2117,6524,1043,5,"Excellent product, highly recommend!",2025-07-17
2118,6540,736,5,"Excellent product, highly recommend!",2020-02-11
2119,6552,452,4,Good value for money!,2024-06-02
2120,6554,839,5,"Excellent product, highly recommend!",2022-09-30
2121,6558,444,2,Not great quality.,2020-10-03
2122,6558,308,4,Good value for money!,2025-03-26
2123,6567,909,4,Good value for money!,2020-03-26
2124,6583,1169,4,Good value for money!,2023-06-26
2125,6590,711,5,"Excellent product, highly recommend!",2022-01-18
2126,6591,128,5,"Excellent product, highly recommend!",2023-04-10
2127,6597,261,3,Okay overall.,2025-01-29
2128,6597,196,3,Okay overall.,2021-03-25
2129,6602,888,5,"Excellent product, highly recommend!",2021-08-03
2130,6626,57,3,Okay overall.,2024-04-01
2131,6640,142,3,Okay overall.,2025-04-25
2132,6640,1011,3,Okay overall.,2024-10-23
2133,6640,1144,3,Okay overall.,2024-07-15
2134,6646,819,3,Okay overall.,2022-03-13
2135,6652,514,3,Okay overall.,2024-03-28
2136,6655,1157,5,"Excellent product, highly recommend!",2020-12-10
2137,6655,496,2,Not great quality.,2020-08-02
2138,6655,882,5,"Excellent product, highly recommend!",2021-10-01
2139,6656,438,2,Not great quality.,2025-01-02
2140,6656,1063,2,Not great quality.,2025-04-11
2141,6660,1106,1,"Very disappointed, would not buy again.",2023-08-17
2142,6662,739,5,"Excellent product, highly recommend!",2023-03-12
2143,6663,765,4,Good value for money!,2025-04-22
2144,6666,377,3,Okay overall.,2022-10-18
2145,6670,101,5,"Excellent product, highly recommend!",2025-03-24
2146,6670,884,2,Not great quality.,2021-08-21
2147,6670,221,5,"Excellent product, highly recommend!",2020-07-02
2148,6670,402,5,"Excellent product, highly recommend!",2023-08-23
2149,6670,1155,5,"Excellent product, highly recommend!",2022-02-17
2150,6670,647,3,Okay overall.,2023-03-31
2151,6671,576,3,Okay overall.,2020-06-21
2152,6676,155,5,"Excellent product, highly recommend!",2025-03-08
2153,6679,107,5,"Excellent product, highly recommend!",2024-01-14
2154,6680,911,4,Good value for money!,2020-04-02
2155,6701,313,3,Okay overall.,2023-03-04
2156,6701,260,3,Okay overall.,2023-10-04
2157,6701,189,5,"Excellent product, highly recommend!",2023-12-22
2158,6702,444,4,Good value for money!,2020-12-08
2159,6702,825,5,"Excellent product, highly recommend!",2024-07-19
2160,6709,1111,4,Good value for money!,2021-02-02
2161,6709,55,5,"Excellent product, highly recommend!",2023-05-14
2162,6711,756,5,"Excellent product, highly recommend!",2021-02-22
2163,6711,765,5,"Excellent product, highly recommend!",2021-08-20
2164,6718,1023,4,Good value for money!,2021-11-08
2165,6718,570,3,Okay overall.,2025-05-13
2166,6718,591,4,Good value for money!,2020-01-10
2167,6718,622,1,"Very disappointed, would not buy again.",2022-02-16
2168,6727,942,5,"Excellent product, highly recommend!",2022-10-24
2169,6727,1021,4,Good value for money!,2021-01-22
2170,6727,1026,5,"Excellent product, highly recommend!",2024-08-01
2171,6738,1115,5,"Excellent product, highly recommend!",2020-04-30
2172,6741,939,5,"Excellent product, highly recommend!",2025-03-02
2173,6741,1176,1,"Very disappointed, would not buy again.",2021-05-23
2174,6776,769,5,"Excellent product, highly recommend!",2025-10-12
2175,6776,1104,2,Not great quality.,2024-05-09
2176,6776,443,4,Good value for money!,2023-06-04
2177,6787,361,2,Not great quality.,2023-07-24
2178,6787,902,5,"Excellent product, highly recommend!",2025-10-15
2179,6787,919,5,"Excellent product, highly recommend!",2022-02-17
2180,6788,284,4,Good value for money!,2020-10-09
2181,6788,1194,5,"Excellent product, highly recommend!",2023-09-10
2182,6789,322,4,Good value for money!,2025-10-24
2183,6789,216,5,"Excellent product, highly recommend!",2024-08-22
2184,6789,270,2,Not great quality.,2021-01-10
2185,6789,306,5,"Excellent product, highly recommend!",2020-07-27
2186,6792,817,5,"Excellent product, highly recommend!",2023-08-11
2187,6794,372,5,"Excellent product, highly recommend!",2025-04-15
2188,6794,496,5,"Excellent product, highly recommend!",2023-10-02
2189,6805,228,3,Okay overall.,2020-03-26
2190,6805,275,2,Not great quality.,2022-01-07
2191,6805,532,5,"Excellent product, highly recommend!",2020-12-23
2192,6809,420,5,"Excellent product, highly recommend!",2021-06-13
2193,6812,673,4,Good value for money!,2023-04-07
2194,6812,287,4,Good value for money!,2020-02-24
2195,6812,416,3,Okay overall.,2021-05-04
2196,6817,430,5,"Excellent product, highly recommend!",2024-02-21
2197,6819,493,4,Good value for money!,2025-09-07
2198,6819,968,4,Good value for money!,2020-10-30
2199,6819,848,2,Not great quality.,2022-07-26
2200,6831,103,5,"Excellent product, highly recommend!",2025-08-09
2201,6835,606,5,"Excellent product, highly recommend!",2023-10-11
2202,6835,1195,5,"Excellent product, highly recommend!",2020-08-31
2203,6835,1142,5,"Excellent product, highly recommend!",2020-05-20
2204,6835,950,1,"Very disappointed, would not buy again.",2021-12-30
2205,6842,1107,5,"Excellent product, highly recommend!",2021-06-04
2206,6842,464,5,"Excellent product, highly recommend!",2023-04-27
2207,6842,379,3,Okay overall.,2020-05-02
2208,6842,444,4,Good value for money!,2022-08-15
2209,6842,407,3,Okay overall.,2025-07-17
2210,6848,602,4,Good value for money!,2023-02-21
2211,6856,249,4,Good value for money!,2025-04-04
2212,6866,317,3,Okay overall.,2022-11-06
2213,6868,392,5,"Excellent product, highly recommend!",2020-05-28
2214,6868,800,5,"Excellent product, highly recommend!",2020-04-24
2215,6868,752,3,Okay overall.,2023-04-17
2216,6873,978,4,Good value for money!,2022-01-13
2217,6883,1187,4,Good value for money!,2020-11-23
2218,6884,620,4,Good value for money!,2023-11-26
2219,6887,455,3,Okay overall.,2023-05-10
2220,6887,884,4,Good value for money!,2020-06-13
2221,6895,684,4,Good value for money!,2023-11-24
2222,6897,1112,4,Good value for money!,2020-03-11
2223,6898,572,5,"Excellent product, highly recommend!",2024-09-06
2224,6898,620,5,"Excellent product, highly recommend!",2021-04-07
2225,6899,760,5,"Excellent product, highly recommend!",2025-01-25
2226,6899,913,1,"Very disappointed, would not buy again.",2025-05-13
2227,6906,107,5,"Excellent product, highly recommend!",2025-03-23
2228,6906,20,5,"Excellent product, highly recommend!",2025-03-23
2229,6906,7,4,Good value for money!,2024-06-05
2230,6907,692,2,Not great quality.,2023-02-11
2231,6913,219,3,Okay overall.,2025-05-11
2232,6915,881,5,"Excellent product, highly recommend!",2022-09-21
2233,6915,312,4,Good value for money!,2025-10-17
2234,6931,667,3,Okay overall.,2022-11-25
2235,6931,839,5,"Excellent product, highly recommend!",2025-01-05
2236,6938,472,5,"Excellent product, highly recommend!",2020-06-17
2237,6939,344,4,Good value for money!,2024-06-04
2238,6939,987,5,"Excellent product, highly recommend!",2020-01-31
2239,6939,177,5,"Excellent product, highly recommend!",2022-07-05
2240,6939,917,5,"Excellent product, highly recommend!",2024-03-29
2241,6939,405,5,"Excellent product, highly recommend!",2023-06-15
2242,6939,430,4,Good value for money!,2024-06-11
2243,6939,1003,5,"Excellent product, highly recommend!",2020-11-04
2244,6949,778,5,"Excellent product, highly recommend!",2020-02-01
2245,6950,542,3,Okay overall.,2020-09-19
2246,6950,593,5,"Excellent product, highly recommend!",2025-07-25
2247,6952,916,5,"Excellent product, highly recommend!",2024-06-27
2248,6952,994,4,Good value for money!,2022-07-31
2249,6954,670,5,"Excellent product, highly recommend!",2025-01-06
2250,6954,599,5,"Excellent product, highly recommend!",2023-06-24
2251,6967,1181,4,Good value for money!,2021-11-11
2252,6967,1170,2,Not great quality.,2025-08-02
2253,6968,1114,4,Good value for money!,2023-12-21
2254,6973,850,3,Okay overall.,2020-01-08
2255,6974,561,3,Okay overall.,2022-06-23
2256,6974,10,3,Okay overall.,2021-12-11
2257,6975,1157,3,Okay overall.,2025-03-05
2258,6980,591,3,Okay overall.,2020-07-14
2259,6991,84,5,"Excellent product, highly recommend!",2024-01-19
2260,6991,357,4,Good value for money!,2021-05-04
2261,6991,991,4,Good value for money!,2023-02-26
2262,6993,695,3,Okay overall.,2020-03-01
2263,7000,957,5,"Excellent product, highly recommend!",2021-01-19
2264,7006,1053,5,"Excellent product, highly recommend!",2023-07-31
2265,7006,967,5,"Excellent product, highly recommend!",2021-05-16
2266,7006,243,4,Good value for money!,2020-02-08
2267,7011,609,4,Good value for money!,2020-12-17
2268,7014,357,5,"Excellent product, highly recommend!",2023-09-20
2269,7014,423,2,Not great quality.,2022-10-18
2270,7018,804,5,"Excellent product, highly recommend!",2021-06-30
2271,7018,797,5,"Excellent product, highly recommend!",2024-07-22
2272,7023,855,5,"Excellent product, highly recommend!",2025-06-22
2273,7023,848,2,Not great quality.,2020-08-13
2274,7023,883,4,Good value for money!,2024-06-20
2275,7027,426,4,Good value for money!,2025-03-26
2276,7035,830,4,Good value for money!,2020-05-27
2277,7035,1046,2,Not great quality.,2024-01-17
2278,7038,455,5,"Excellent product, highly recommend!",2025-01-17
2279,7038,386,5,"Excellent product, highly recommend!",2021-10-08
2280,7038,416,5,"Excellent product, highly recommend!",2021-10-23
2281,7041,167,5,"Excellent product, highly recommend!",2025-05-31
2282,7041,379,4,Good value for money!,2024-09-13
2283,7041,913,5,"Excellent product, highly recommend!",2025-08-15
2284,7064,376,5,"Excellent product, highly recommend!",2021-09-08
2285,7065,1188,3,Okay overall.,2025-06-23
2286,7069,103,4,Good value for money!,2020-04-06
2287,7069,117,2,Not great quality.,2023-08-20
2288,7074,289,4,Good value for money!,2025-04-13
2289,7074,884,4,Good value for money!,2022-05-20
2290,7075,695,2,Not great quality.,2021-03-13
2291,7075,446,4,Good value for money!,2024-03-02
2292,7075,389,5,"Excellent product, highly recommend!",2020-07-28
2293,7083,967,5,"Excellent product, highly recommend!",2025-11-01
2294,7085,513,3,Okay overall.,2020-05-05
2295,7085,1130,5,"Excellent product, highly recommend!",2022-07-09
2296,7090,637,2,Not great quality.,2020-04-09
2297,7096,813,3,Okay overall.,2025-05-28
2298,7110,384,4,Good value for money!,2023-01-16
2299,7110,414,5,"Excellent product, highly recommend!",2020-06-29
2300,7115,941,1,"Very disappointed, would not buy again.",2025-06-16
2301,7116,976,5,"Excellent product, highly recommend!",2021-10-14
2302,7117,1112,5,"Excellent product, highly recommend!",2024-05-14
2303,7117,758,5,"Excellent product, highly recommend!",2023-07-28
2304,7117,761,4,Good value for money!,2024-01-08
2305,7121,362,5,"Excellent product, highly recommend!",2025-05-20
2306,7121,509,4,Good value for money!,2020-10-23
2307,7121,404,3,Okay overall.,2022-08-23
2308,7125,707,5,"Excellent product, highly recommend!",2022-11-23
2309,7125,755,3,Okay overall.,2022-08-11
2310,7125,817,1,"Very disappointed, would not buy again.",2020-09-23
2311,7127,788,4,Good value for money!,2025-04-12
2312,7127,1049,3,Okay overall.,2022-03-23
2313,7127,487,4,Good value for money!,2021-09-14
2314,7127,69,1,"Very disappointed, would not buy again.",2025-07-04
2315,7132,1081,5,"Excellent product, highly recommend!",2022-08-10
2316,7132,1144,4,Good value for money!,2020-10-22
2317,7136,437,3,Okay overall.,2025-08-07
2318,7142,1120,4,Good value for money!,2024-10-15
2319,7148,847,4,Good value for money!,2022-12-14
2320,7148,694,3,Okay overall.,2020-07-25
2321,7149,582,4,Good value for money!,2025-06-08
2322,7161,228,3,Okay overall.,2021-05-05
2323,7161,330,3,Okay overall.,2024-06-23
2324,7161,341,5,"Excellent product, highly recommend!",2021-12-24
2325,7162,282,4,Good value for money!,2021-09-29
2326,7166,44,5,"Excellent product, highly recommend!",2025-01-28
2327,7169,805,5,"Excellent product, highly recommend!",2021-08-21
2328,7184,1128,3,Okay overall.,2025-05-23
2329,7184,288,5,"Excellent product, highly recommend!",2025-06-17
2330,7184,303,3,Okay overall.,2024-01-03
2331,7210,364,5,"Excellent product, highly recommend!",2022-02-21
2332,7215,324,2,Not great quality.,2020-09-08
2333,7228,311,3,Okay overall.,2023-02-12
2334,7228,189,4,Good value for money!,2025-03-29
2335,7235,1164,3,Okay overall.,2021-05-28
2336,7239,946,4,Good value for money!,2022-04-02
2337,7243,1109,5,"Excellent product, highly recommend!",2024-02-28
2338,7250,443,4,Good value for money!,2020-03-11
2339,7264,410,5,"Excellent product, highly recommend!",2020-03-13
2340,7271,889,4,Good value for money!,2020-05-07
2341,7287,984,4,Good value for money!,2020-06-03
2342,7287,717,3,Okay overall.,2023-07-12
2343,7287,368,5,"Excellent product, highly recommend!",2025-01-02
2344,7299,1016,5,"Excellent product, highly recommend!",2024-01-02
2345,7299,909,4,Good value for money!,2021-10-21
2346,7299,862,4,Good value for money!,2025-05-09
2347,7299,991,4,Good value for money!,2023-12-02
2348,7299,934,5,"Excellent product, highly recommend!",2025-01-19
2349,7308,964,4,Good value for money!,2022-09-19
2350,7311,77,2,Not great quality.,2024-01-26
2351,7314,731,4,Good value for money!,2020-02-20
2352,7314,313,4,Good value for money!,2020-07-15
2353,7314,500,5,"Excellent product, highly recommend!",2021-01-13
2354,7314,282,3,Okay overall.,2022-04-18
2355,7318,330,5,"Excellent product, highly recommend!",2024-04-20
2356,7333,821,5,"Excellent product, highly recommend!",2020-01-19
2357,7333,220,5,"Excellent product, highly recommend!",2021-03-21
2358,7333,725,4,Good value for money!,2022-05-29
2359,7342,785,4,Good value for money!,2025-04-29
2360,7342,820,5,"Excellent product, highly recommend!",2023-08-20
2361,7345,216,5,"Excellent product, highly recommend!",2020-04-28
2362,7355,845,3,Okay overall.,2022-01-11
2363,7356,256,5,"Excellent product, highly recommend!",2020-10-29
2364,7356,215,5,"Excellent product, highly recommend!",2022-02-16
2365,7357,123,5,"Excellent product, highly recommend!",2023-03-02
2366,7362,95,4,Good value for money!,2025-09-24
2367,7365,1078,4,Good value for money!,2020-04-07
2368,7365,838,5,"Excellent product, highly recommend!",2020-02-26
2369,7366,868,1,"Very disappointed, would not buy again.",2025-08-06
2370,7366,377,4,Good value for money!,2024-01-29
2371,7367,981,4,Good value for money!,2021-02-10
2372,7367,874,4,Good value for money!,2021-10-17
2373,7379,910,4,Good value for money!,2021-05-28
2374,7379,941,5,"Excellent product, highly recommend!",2024-08-11
2375,7386,709,4,Good value for money!,2024-03-11
2376,7386,450,3,Okay overall.,2025-04-26
2377,7389,1110,5,"Excellent product, highly recommend!",2021-07-07
2378,7389,1107,4,Good value for money!,2022-03-11
2379,7389,1167,3,Okay overall.,2022-08-23
2380,7396,262,5,"Excellent product, highly recommend!",2021-05-25
2381,7398,878,3,Okay overall.,2021-12-31
2382,7398,1179,5,"Excellent product, highly recommend!",2024-09-01
2383,7398,715,4,Good value for money!,2021-11-06
2384,7398,1096,4,Good value for money!,2020-09-15
2385,7399,636,5,"Excellent product, highly recommend!",2023-08-08
2386,7399,1016,4,Good value for money!,2021-04-01
2387,7399,1049,5,"Excellent product, highly recommend!",2022-09-03
2388,7402,522,5,"Excellent product, highly recommend!",2021-12-13
2389,7404,406,5,"Excellent product, highly recommend!",2020-07-26
2390,7407,763,4,Good value for money!,2025-01-04
2391,7440,336,5,"Excellent product, highly recommend!",2025-07-28
2392,7444,1157,5,"Excellent product, highly recommend!",2024-01-09
2393,7463,1140,3,Okay overall.,2023-03-08
2394,7463,1053,3,Okay overall.,2020-12-02
2395,7476,699,3,Okay overall.,2023-07-26
2396,7479,379,5,"Excellent product, highly recommend!",2020-10-30
2397,7481,888,4,Good value for money!,2023-07-23
2398,7490,545,4,Good value for money!,2024-11-14
2399,7490,240,4,Good value for money!,2023-04-30
2400,7491,1025,5,"Excellent product, highly recommend!",2020-01-27
2401,7497,366,5,"Excellent product, highly recommend!",2023-07-08
2402,7502,65,5,"Excellent product, highly recommend!",2024-03-02
2403,7510,962,4,Good value for money!,2025-10-22
2404,7510,173,3,Okay overall.,2021-07-18
2405,7512,228,5,"Excellent product, highly recommend!",2022-01-26
2406,7513,32,4,Good value for money!,2021-03-18
2407,7514,1091,3,Okay overall.,2024-07-11
2408,7514,1099,4,Good value for money!,2023-04-16
2409,7514,1028,4,Good value for money!,2022-09-15
2410,7515,1070,4,Good value for money!,2025-08-29
2411,7520,132,2,Not great quality.,2025-06-09
2412,7522,1054,3,Okay overall.,2022-08-03
2413,7524,1156,4,Good value for money!,2023-03-05
2414,7524,1030,2,Not great quality.,2024-10-09
2415,7538,745,4,Good value for money!,2024-04-11
2416,7543,174,5,"Excellent product, highly recommend!",2023-10-18
2417,7543,249,4,Good value for money!,2020-08-28
2418,7544,992,3,Okay overall.,2023-11-16
2419,7544,953,5,"Excellent product, highly recommend!",2024-11-12
2420,7544,203,5,"Excellent product, highly recommend!",2020-05-24
2421,7546,428,5,"Excellent product, highly recommend!",2021-09-08
2422,7549,51,5,"Excellent product, highly recommend!",2020-11-09
2423,7549,134,5,"Excellent product, highly recommend!",2020-03-12
2424,7549,58,4,Good value for money!,2020-06-22
2425,7552,511,5,"Excellent product, highly recommend!",2020-06-27
2426,7561,1109,5,"Excellent product, highly recommend!",2020-11-01
2427,7564,945,5,"Excellent product, highly recommend!",2020-03-12
2428,7566,998,4,Good value for money!,2020-12-19
2429,7578,826,1,"Very disappointed, would not buy again.",2024-05-01
2430,7581,677,5,"Excellent product, highly recommend!",2024-02-05
2431,7581,986,3,Okay overall.,2025-09-04
2432,7586,538,2,Not great quality.,2024-12-24
2433,7589,623,4,Good value for money!,2022-02-25
2434,7589,24,5,"Excellent product, highly recommend!",2023-11-08
2435,7590,942,5,"Excellent product, highly recommend!",2022-01-26
2436,7596,201,5,"Excellent product, highly recommend!",2022-02-08
2437,7599,69,4,Good value for money!,2022-05-15
2438,7599,138,5,"Excellent product, highly recommend!",2024-10-15
2439,7599,1073,5,"Excellent product, highly recommend!",2022-12-25
2440,7604,371,5,"Excellent product, highly recommend!",2024-10-13
2441,7606,684,5,"Excellent product, highly recommend!",2022-01-11
2442,7622,1008,4,Good value for money!,2025-05-27
2443,7622,1082,5,"Excellent product, highly recommend!",2025-10-03
2444,7625,922,2,Not great quality.,2022-09-12
2445,7627,910,5,"Excellent product, highly recommend!",2021-11-24
2446,7627,121,2,Not great quality.,2022-08-10
2447,7628,385,4,Good value for money!,2022-05-07
2448,7628,65,5,"Excellent product, highly recommend!",2020-03-04
2449,7629,36,5,"Excellent product, highly recommend!",2023-01-04
2450,7629,1073,5,"Excellent product, highly recommend!",2024-08-14
2451,7637,458,5,"Excellent product, highly recommend!",2020-04-29
2452,7642,238,3,Okay overall.,2024-06-30
2453,7642,917,1,"Very disappointed, would not buy again.",2020-04-13
2454,7658,696,4,Good value for money!,2022-04-07
2455,7658,693,5,"Excellent product, highly recommend!",2021-11-09
2456,7658,60,5,"Excellent product, highly recommend!",2020-11-01
2457,7658,870,5,"Excellent product, highly recommend!",2025-04-26
2458,7664,260,5,"Excellent product, highly recommend!",2024-07-02
2459,7666,330,5,"Excellent product, highly recommend!",2020-02-03
2460,7669,179,5,"Excellent product, highly recommend!",2023-08-06
2461,7672,647,2,Not great quality.,2024-10-19
2462,7672,711,4,Good value for money!,2025-08-15
2463,7682,313,4,Good value for money!,2022-01-09
2464,7682,246,2,Not great quality.,2020-03-03
2465,7682,285,5,"Excellent product, highly recommend!",2021-08-05
2466,7686,971,2,Not great quality.,2020-03-31
2467,7689,1044,4,Good value for money!,2024-07-06
2468,7689,1089,5,"Excellent product, highly recommend!",2021-11-13
2469,7690,599,5,"Excellent product, highly recommend!",2025-08-21
2470,7692,374,5,"Excellent product, highly recommend!",2021-02-12
2471,7692,881,3,Okay overall.,2022-02-23
2472,7694,821,3,Okay overall.,2022-02-13
2473,7709,911,4,Good value for money!,2021-12-02
2474,7719,1062,5,"Excellent product, highly recommend!",2022-03-07
2475,7719,1076,5,"Excellent product, highly recommend!",2022-03-13
2476,7727,744,5,"Excellent product, highly recommend!",2020-01-06
2477,7745,1094,5,"Excellent product, highly recommend!",2020-04-21
2478,7745,1089,4,Good value for money!,2024-11-03
2479,7745,960,5,"Excellent product, highly recommend!",2020-10-31
2480,7745,949,2,Not great quality.,2020-07-29
2481,7748,1192,4,Good value for money!,2023-07-08
2482,7754,985,5,"Excellent product, highly recommend!",2021-05-05
2483,7754,1123,5,"Excellent product, highly recommend!",2025-06-12
2484,7758,410,5,"Excellent product, highly recommend!",2020-10-31
2485,7760,971,5,"Excellent product, highly recommend!",2025-06-09
2486,7768,792,5,"Excellent product, highly recommend!",2024-04-22
2487,7770,716,4,Good value for money!,2020-06-04
2488,7770,723,5,"Excellent product, highly recommend!",2024-10-13
2489,7772,505,1,"Very disappointed, would not buy again.",2020-07-13
2490,7772,740,5,"Excellent product, highly recommend!",2021-09-11
2491,7772,434,5,"Excellent product, highly recommend!",2020-10-25
2492,7772,721,5,"Excellent product, highly recommend!",2021-08-21
2493,7778,287,5,"Excellent product, highly recommend!",2024-10-06
2494,7778,294,5,"Excellent product, highly recommend!",2020-03-01
2495,7781,1106,5,"Excellent product, highly recommend!",2020-06-07
2496,7781,579,3,Okay overall.,2022-10-19
2497,7782,330,3,Okay overall.,2020-03-27
2498,7782,748,4,Good value for money!,2020-08-12
2499,7796,686,5,"Excellent product, highly recommend!",2025-05-10
2500,7796,698,5,"Excellent product, highly recommend!",2023-11-20
2501,7806,9,5,"Excellent product, highly recommend!",2020-07-29
2502,7807,1081,5,"Excellent product, highly recommend!",2022-08-28
2503,7807,24,4,Good value for money!,2023-10-11
2504,7824,881,4,Good value for money!,2020-11-27
2505,7835,689,2,Not great quality.,2022-09-20
2506,7840,74,3,Okay overall.,2023-08-03
2507,7848,754,5,"Excellent product, highly recommend!",2023-11-12
2508,7848,744,4,Good value for money!,2025-09-23
2509,7849,964,5,"Excellent product, highly recommend!",2021-06-25
2510,7857,842,5,"Excellent product, highly recommend!",2020-04-25
2511,7857,367,5,"Excellent product, highly recommend!",2023-08-26
2512,7857,249,5,"Excellent product, highly recommend!",2025-05-06
2513,7859,872,5,"Excellent product, highly recommend!",2021-03-22
2514,7864,630,3,Okay overall.,2020-11-23
2515,7869,68,3,Okay overall.,2021-05-28
2516,7873,1147,4,Good value for money!,2020-06-05
2517,7878,618,4,Good value for money!,2020-10-13
2518,7882,958,4,Good value for money!,2022-11-25
2519,7882,971,1,"Very disappointed, would not buy again.",2020-10-01
2520,7885,944,5,"Excellent product, highly recommend!",2022-03-08
2521,7896,1151,4,Good value for money!,2025-03-28
2522,7896,353,4,Good value for money!,2023-07-31
2523,7896,636,5,"Excellent product, highly recommend!",2024-07-28
2524,7897,1147,5,"Excellent product, highly recommend!",2022-09-17
2525,7899,856,5,"Excellent product, highly recommend!",2024-12-06
2526,7899,1127,5,"Excellent product, highly recommend!",2023-01-10
2527,7902,322,4,Good value for money!,2020-09-02
2528,7902,263,5,"Excellent product, highly recommend!",2024-11-26
2529,7903,938,4,Good value for money!,2021-06-25
2530,7903,884,5,"Excellent product, highly recommend!",2024-08-03
2531,7906,958,5,"Excellent product, highly recommend!",2023-11-18
2532,7911,937,5,"Excellent product, highly recommend!",2021-12-21
2533,7918,671,4,Good value for money!,2022-02-12
2534,7920,511,5,"Excellent product, highly recommend!",2024-03-08
2535,7927,878,4,Good value for money!,2021-01-13
2536,7932,792,5,"Excellent product, highly recommend!",2025-04-05
2537,7932,572,3,Okay overall.,2024-05-18
2538,7933,623,1,"Very disappointed, would not buy again.",2021-05-10
2539,7933,1017,4,Good value for money!,2022-04-02
2540,7933,156,4,Good value for money!,2023-01-03
2541,7933,169,4,Good value for money!,2020-04-29
2542,7934,295,4,Good value for money!,2024-08-04
2543,7934,978,4,Good value for money!,2023-06-21
2544,7936,1106,4,Good value for money!,2020-10-02
2545,7936,887,4,Good value for money!,2024-01-27
2546,7936,1138,4,Good value for money!,2022-12-24
2547,7938,870,3,Okay overall.,2022-10-30
2548,7940,379,5,"Excellent product, highly recommend!",2020-02-15
2549,7940,225,5,"Excellent product, highly recommend!",2025-01-06
2550,7940,659,3,Okay overall.,2024-09-21
2551,7954,1049,5,"Excellent product, highly recommend!",2025-09-30
2552,7954,1069,5,"Excellent product, highly recommend!",2020-12-31
2553,7954,1058,2,Not great quality.,2025-01-12
2554,7959,505,3,Okay overall.,2021-12-24
2555,7959,395,5,"Excellent product, highly recommend!",2023-09-22
2556,7959,444,3,Okay overall.,2020-12-17
2557,7960,541,4,Good value for money!,2022-11-01
2558,7966,908,4,Good value for money!,2024-10-04
2559,7967,442,5,"Excellent product, highly recommend!",2021-11-10
2560,7968,744,3,Okay overall.,2021-12-22
2561,7968,541,4,Good value for money!,2024-04-08
2562,7971,1031,4,Good value for money!,2024-04-04
2563,7971,1067,3,Okay overall.,2023-05-26
2564,7979,900,3,Okay overall.,2024-10-04
2565,7979,224,4,Good value for money!,2021-11-03
2566,7979,459,5,"Excellent product, highly recommend!",2020-02-22
2567,7991,620,5,"Excellent product, highly recommend!",2021-06-26
2568,8000,1138,4,Good value for money!,2024-06-03
2569,8001,1181,4,Good value for money!,2020-12-20
2570,8003,525,1,"Very disappointed, would not buy again.",2024-12-01
2571,8003,1171,4,Good value for money!,2022-04-04
2572,8011,662,4,Good value for money!,2024-08-08
2573,8014,846,5,"Excellent product, highly recommend!",2022-11-03
2574,8014,739,3,Okay overall.,2024-01-21
2575,8014,867,4,Good value for money!,2020-08-07
2576,8020,200,5,"Excellent product, highly recommend!",2022-07-16
2577,8029,1045,5,"Excellent product, highly recommend!",2020-02-02
2578,8029,984,4,Good value for money!,2021-08-25
2579,8046,945,4,Good value for money!,2022-04-20
2580,8047,215,3,Okay overall.,2023-04-15
2581,8056,452,3,Okay overall.,2021-12-02
2582,8057,1144,4,Good value for money!,2023-07-25
2583,8061,454,5,"Excellent product, highly recommend!",2025-04-13
2584,8062,945,5,"Excellent product, highly recommend!",2024-01-14
2585,8062,933,4,Good value for money!,2021-03-19
2586,8062,541,5,"Excellent product, highly recommend!",2024-02-16
2587,8066,1196,4,Good value for money!,2021-01-29
2588,8066,1115,3,Okay overall.,2025-05-13
2589,8066,343,4,Good value for money!,2023-04-28
2590,8066,874,4,Good value for money!,2020-12-17
2591,8066,508,4,Good value for money!,2023-04-24
2592,8069,1032,1,"Very disappointed, would not buy again.",2025-05-15
2593,8071,263,5,"Excellent product, highly recommend!",2021-07-24
2594,8071,942,5,"Excellent product, highly recommend!",2021-04-25
2595,8079,946,5,"Excellent product, highly recommend!",2023-08-14
2596,8079,932,5,"Excellent product, highly recommend!",2020-05-16
2597,8089,487,5,"Excellent product, highly recommend!",2022-09-19
2598,8089,327,5,"Excellent product, highly recommend!",2025-06-13
2599,8089,1008,4,Good value for money!,2025-03-22
2600,8092,473,4,Good value for money!,2021-04-07
2601,8092,1082,5,"Excellent product, highly recommend!",2021-10-26
2602,8092,1047,4,Good value for money!,2022-10-26
2603,8094,618,4,Good value for money!,2023-12-08
2604,8096,995,5,"Excellent product, highly recommend!",2025-05-04
2605,8097,874,4,Good value for money!,2023-04-07
2606,8097,861,4,Good value for money!,2024-11-05
2607,8097,683,3,Okay overall.,2022-03-06
2608,8097,1130,5,"Excellent product, highly recommend!",2023-01-17
2609,8099,931,5,"Excellent product, highly recommend!",2023-01-20
2610,8101,1035,5,"Excellent product, highly recommend!",2022-09-07
2611,8101,797,4,Good value for money!,2022-04-28
2612,8105,852,1,"Very disappointed, would not buy again.",2023-12-17
2613,8105,741,5,"Excellent product, highly recommend!",2021-08-08
2614,8105,189,4,Good value for money!,2022-07-10
2615,8105,565,3,Okay overall.,2023-01-07
2616,8112,1119,5,"Excellent product, highly recommend!",2022-08-19
2617,8129,943,4,Good value for money!,2021-10-27
2618,8141,1196,4,Good value for money!,2023-06-29
2619,8141,836,5,"Excellent product, highly recommend!",2021-05-23
2620,8141,479,3,Okay overall.,2022-09-30
2621,8143,356,5,"Excellent product, highly recommend!",2025-07-27
2622,8145,1094,2,Not great quality.,2025-04-25
2623,8150,1018,4,Good value for money!,2023-09-25
2624,8154,485,4,Good value for money!,2024-07-11
2625,8157,521,3,Okay overall.,2022-09-10
2626,8157,1168,5,"Excellent product, highly recommend!",2021-02-19
2627,8161,219,5,"Excellent product, highly recommend!",2025-07-18
2628,8161,984,3,Okay overall.,2020-08-10
2629,8161,839,4,Good value for money!,2025-05-25
2630,8166,1013,4,Good value for money!,2023-06-14
2631,8166,255,5,"Excellent product, highly recommend!",2022-05-07
2632,8172,65,4,Good value for money!,2022-07-01
2633,8179,1142,3,Okay overall.,2022-02-03
2634,8182,189,5,"Excellent product, highly recommend!",2025-04-10
2635,8183,453,5,"Excellent product, highly recommend!",2020-01-17
2636,8183,778,5,"Excellent product, highly recommend!",2021-05-22
2637,8183,502,3,Okay overall.,2022-06-06
2638,8184,395,5,"Excellent product, highly recommend!",2023-04-06
2639,8184,475,5,"Excellent product, highly recommend!",2020-09-25
2640,8185,1049,4,Good value for money!,2023-05-29
2641,8185,1002,5,"Excellent product, highly recommend!",2023-03-13
2642,8193,795,3,Okay overall.,2020-05-31
2643,8196,1057,4,Good value for money!,2021-12-06
2644,8199,384,4,Good value for money!,2024-12-31
2645,8199,210,4,Good value for money!,2022-09-08
2646,8199,331,5,"Excellent product, highly recommend!",2021-11-06
2647,8201,87,1,"Very disappointed, would not buy again.",2025-09-04
2648,8201,934,3,Okay overall.,2025-08-30
2649,8204,226,1,"Very disappointed, would not buy again.",2025-07-08
2650,8215,899,5,"Excellent product, highly recommend!",2024-12-25
2651,8215,858,5,"Excellent product, highly recommend!",2025-07-15
2652,8215,906,1,"Very disappointed, would not buy again.",2024-03-11
2653,8223,510,5,"Excellent product, highly recommend!",2020-04-26
2654,8225,1123,4,Good value for money!,2023-12-09
2655,8225,1171,4,Good value for money!,2020-06-14
2656,8229,620,5,"Excellent product, highly recommend!",2020-05-08
2657,8238,1148,4,Good value for money!,2024-03-18
2658,8243,154,4,Good value for money!,2020-05-10
2659,8245,1154,5,"Excellent product, highly recommend!",2020-11-30
2660,8245,1073,3,Okay overall.,2022-03-25
2661,8250,55,2,Not great quality.,2024-10-22
2662,8255,431,5,"Excellent product, highly recommend!",2022-08-16
2663,8255,506,4,Good value for money!,2025-08-16
2664,8257,1086,4,Good value for money!,2023-12-31
2665,8258,988,4,Good value for money!,2023-10-21
2666,8258,382,5,"Excellent product, highly recommend!",2023-10-28
2667,8261,1007,4,Good value for money!,2025-09-24
2668,8261,282,3,Okay overall.,2021-06-11
2669,8261,352,5,"Excellent product, highly recommend!",2022-02-20
2670,8261,768,3,Okay overall.,2025-07-28
2671,8278,547,3,Okay overall.,2021-07-14
2672,8281,1069,5,"Excellent product, highly recommend!",2025-01-16
2673,8286,709,3,Okay overall.,2023-12-02
2674,8292,1067,1,"Very disappointed, would not buy again.",2024-12-01
2675,8292,1186,4,Good value for money!,2021-02-16
2676,8301,7,5,"Excellent product, highly recommend!",2022-02-08
2677,8301,121,4,Good value for money!,2021-10-17
2678,8306,582,4,Good value for money!,2022-12-29
2679,8309,997,4,Good value for money!,2024-12-31
2680,8309,1006,4,Good value for money!,2023-03-23
2681,8309,862,2,Not great quality.,2021-06-05
2682,8311,1168,5,"Excellent product, highly recommend!",2024-04-04
2683,8312,288,5,"Excellent product, highly recommend!",2020-03-18
2684,8312,1102,4,Good value for money!,2024-07-08
2685,8313,935,3,Okay overall.,2023-12-03
2686,8313,21,1,"Very disappointed, would not buy again.",2024-10-12
2687,8322,452,3,Okay overall.,2022-04-15
2688,8330,956,4,Good value for money!,2025-02-18
2689,8330,999,4,Good value for money!,2022-04-30
2690,8330,898,4,Good value for money!,2021-09-29
2691,8331,356,5,"Excellent product, highly recommend!",2024-10-05
2692,8331,786,5,"Excellent product, highly recommend!",2021-08-13
2693,8331,801,5,"Excellent product, highly recommend!",2020-12-11
2694,8334,1070,5,"Excellent product, highly recommend!",2020-11-21
2695,8338,898,3,Okay overall.,2024-03-27
2696,8338,957,5,"Excellent product, highly recommend!",2021-11-18
2697,8342,1017,3,Okay overall.,2022-10-15
2698,8342,1173,5,"Excellent product, highly recommend!",2023-12-18
2699,8342,1022,3,Okay overall.,2023-12-12
2700,8343,1024,2,Not great quality.,2025-09-21
2701,8343,992,4,Good value for money!,2024-05-10
2702,8345,623,4,Good value for money!,2022-09-16
2703,8345,635,5,"Excellent product, highly recommend!",2023-03-23
2704,8354,505,5,"Excellent product, highly recommend!",2020-12-06
2705,8359,1108,3,Okay overall.,2021-09-18
2706,8359,910,3,Okay overall.,2020-11-12
2707,8369,858,5,"Excellent product, highly recommend!",2024-11-15
2708,8373,866,4,Good value for money!,2023-09-16
2709,8373,1007,3,Okay overall.,2025-01-21
2710,8377,385,4,Good value for money!,2020-05-28
2711,8380,1009,4,Good value for money!,2021-01-29
2712,8384,1021,2,Not great quality.,2025-01-04
2713,8397,194,5,"Excellent product, highly recommend!",2024-12-13
2714,8408,174,5,"Excellent product, highly recommend!",2024-11-04
2715,8426,875,2,Not great quality.,2025-07-23
2716,8426,806,5,"Excellent product, highly recommend!",2020-09-17
2717,8426,944,2,Not great quality.,2022-12-31
2718,8426,368,3,Okay overall.,2021-11-21
2719,8426,694,4,Good value for money!,2022-05-15
2720,8429,968,4,Good value for money!,2020-10-31
2721,8448,954,5,"Excellent product, highly recommend!",2021-12-22
2722,8449,1114,5,"Excellent product, highly recommend!",2021-07-18
2723,8458,1023,1,"Very disappointed, would not buy again.",2023-12-12
2724,8458,1098,4,Good value for money!,2024-07-06
2725,8463,250,4,Good value for money!,2021-10-17
2726,8465,573,5,"Excellent product, highly recommend!",2020-02-20
2727,8465,443,4,Good value for money!,2024-07-29
2728,8465,949,5,"Excellent product, highly recommend!",2024-06-20
2729,8470,1069,4,Good value for money!,2024-05-18
2730,8470,416,4,Good value for money!,2023-02-13
2731,8470,1033,5,"Excellent product, highly recommend!",2021-07-21
2732,8471,435,1,"Very disappointed, would not buy again.",2023-07-08
2733,8471,387,3,Okay overall.,2024-08-07
2734,8478,345,4,Good value for money!,2020-07-05
2735,8487,1054,5,"Excellent product, highly recommend!",2020-01-29
2736,8495,300,5,"Excellent product, highly recommend!",2023-04-01
2737,8495,195,2,Not great quality.,2021-12-10
2738,8495,885,5,"Excellent product, highly recommend!",2024-03-23
2739,8495,1119,4,Good value for money!,2024-09-28
2740,8507,732,5,"Excellent product, highly recommend!",2022-09-24
2741,8507,787,5,"Excellent product, highly recommend!",2020-12-14
2742,8514,101,3,Okay overall.,2021-06-29
2743,8519,104,3,Okay overall.,2023-12-13
2744,8519,762,3,Okay overall.,2025-10-16
2745,8520,566,2,Not great quality.,2020-09-17
2746,8520,820,1,"Very disappointed, would not buy again.",2024-11-23
2747,8523,1044,4,Good value for money!,2024-04-17
2748,8525,767,1,"Very disappointed, would not buy again.",2021-04-28
2749,8525,833,4,Good value for money!,2020-08-27
2750,8528,821,4,Good value for money!,2020-04-23
2751,8528,370,3,Okay overall.,2025-03-13
2752,8535,1044,5,"Excellent product, highly recommend!",2021-02-20
2753,8544,709,5,"Excellent product, highly recommend!",2020-08-17
2754,8548,588,4,Good value for money!,2025-07-28
2755,8555,921,4,Good value for money!,2020-06-26
2756,8555,770,5,"Excellent product, highly recommend!",2023-10-11
2757,8556,995,1,"Very disappointed, would not buy again.",2024-11-03
2758,8558,381,5,"Excellent product, highly recommend!",2025-10-11
2759,8579,601,2,Not great quality.,2022-03-16
2760,8579,620,5,"Excellent product, highly recommend!",2024-09-11
2761,8579,382,2,Not great quality.,2020-08-30
2762,8596,1172,5,"Excellent product, highly recommend!",2022-12-06
2763,8596,1149,4,Good value for money!,2023-08-17
2764,8597,893,3,Okay overall.,2020-09-04
2765,8597,634,4,Good value for money!,2025-06-11
2766,8600,379,5,"Excellent product, highly recommend!",2024-07-26
2767,8600,1127,5,"Excellent product, highly recommend!",2025-04-02
2768,8601,138,4,Good value for money!,2024-10-17
2769,8602,1103,4,Good value for money!,2021-08-14
2770,8610,823,4,Good value for money!,2024-09-12
2771,8610,845,5,"Excellent product, highly recommend!",2025-08-27
2772,8610,818,4,Good value for money!,2021-01-20
2773,8620,933,4,Good value for money!,2022-03-07
2774,8621,679,4,Good value for money!,2023-11-28
2775,8630,1039,4,Good value for money!,2020-05-17
2776,8630,988,4,Good value for money!,2024-04-10
2777,8631,1096,5,"Excellent product, highly recommend!",2021-08-30
2778,8642,826,5,"Excellent product, highly recommend!",2021-08-12
2779,8642,839,4,Good value for money!,2025-03-17
2780,8646,881,5,"Excellent product, highly recommend!",2021-07-17
2781,8646,275,4,Good value for money!,2024-07-28
2782,8650,347,2,Not great quality.,2020-07-25
2783,8650,603,5,"Excellent product, highly recommend!",2022-02-16
2784,8650,959,4,Good value for money!,2024-10-25
2785,8653,842,5,"Excellent product, highly recommend!",2024-03-29
2786,8654,1144,4,Good value for money!,2024-06-01
2787,8658,446,4,Good value for money!,2020-08-23
2788,8660,9,2,Not great quality.,2020-04-27
2789,8687,666,3,Okay overall.,2022-02-12
2790,8691,161,3,Okay overall.,2022-02-18
2791,8695,244,4,Good value for money!,2021-08-23
2792,8696,23,4,Good value for money!,2023-02-11
2793,8699,981,4,Good value for money!,2022-02-07
2794,8699,816,5,"Excellent product, highly recommend!",2021-02-02
2795,8700,1180,5,"Excellent product, highly recommend!",2023-03-07
2796,8701,5,4,Good value for money!,2020-04-14
2797,8701,914,4,Good value for money!,2025-07-24
2798,8705,975,4,Good value for money!,2023-09-12
2799,8705,1088,5,"Excellent product, highly recommend!",2022-02-15
2800,8718,791,5,"Excellent product, highly recommend!",2023-01-18
2801,8726,866,5,"Excellent product, highly recommend!",2024-07-04
2802,8726,1155,5,"Excellent product, highly recommend!",2023-01-19
2803,8728,437,4,Good value for money!,2021-11-30
2804,8728,418,5,"Excellent product, highly recommend!",2022-11-18
2805,8737,701,4,Good value for money!,2023-06-30
2806,8740,1000,4,Good value for money!,2020-10-14
2807,8746,572,4,Good value for money!,2022-03-10
2808,8746,603,5,"Excellent product, highly recommend!",2020-06-30
2809,8746,954,5,"Excellent product, highly recommend!",2020-12-29
2810,8749,957,2,Not great quality.,2020-06-09
2811,8749,531,3,Okay overall.,2020-06-30
2812,8749,624,5,"Excellent product, highly recommend!",2023-05-10
2813,8759,591,2,Not great quality.,2021-06-08
2814,8763,371,5,"Excellent product, highly recommend!",2024-07-07
2815,8767,479,4,Good value for money!,2025-04-22
2816,8767,199,2,Not great quality.,2025-03-11
2817,8767,437,5,"Excellent product, highly recommend!",2022-07-04
2818,8778,233,4,Good value for money!,2022-02-07
2819,8778,575,5,"Excellent product, highly recommend!",2023-05-20
2820,8781,239,3,Okay overall.,2024-05-31
2821,8781,867,4,Good value for money!,2024-03-12
2822,8782,505,5,"Excellent product, highly recommend!",2024-02-24
2823,8782,1021,3,Okay overall.,2023-02-05
2824,8790,977,4,Good value for money!,2020-02-26
2825,8790,933,5,"Excellent product, highly recommend!",2025-06-13
2826,8790,1165,5,"Excellent product, highly recommend!",2020-11-09
2827,8795,887,5,"Excellent product, highly recommend!",2023-02-23
2828,8795,1022,4,Good value for money!,2022-11-26
2829,8803,45,3,Okay overall.,2020-03-01
2830,8803,354,5,"Excellent product, highly recommend!",2023-07-19
2831,8815,506,5,"Excellent product, highly recommend!",2023-10-13
2832,8815,1037,5,"Excellent product, highly recommend!",2025-07-08
2833,8820,19,3,Okay overall.,2024-01-12
2834,8822,914,5,"Excellent product, highly recommend!",2020-11-25
2835,8822,1029,3,Okay overall.,2022-12-12
2836,8822,992,4,Good value for money!,2021-07-18
2837,8822,981,5,"Excellent product, highly recommend!",2023-03-29
2838,8828,881,4,Good value for money!,2022-12-21
2839,8828,1023,3,Okay overall.,2025-02-20
2840,8834,478,5,"Excellent product, highly recommend!",2023-11-18
2841,8836,1001,5,"Excellent product, highly recommend!",2023-01-23
2842,8836,766,3,Okay overall.,2024-12-21
2843,8842,1067,4,Good value for money!,2021-04-22
2844,8844,974,4,Good value for money!,2022-08-02
2845,8845,485,4,Good value for money!,2022-01-17
2846,8847,982,3,Okay overall.,2024-01-19
2847,8856,513,5,"Excellent product, highly recommend!",2022-08-07
2848,8862,654,3,Okay overall.,2022-03-29
2849,8862,395,4,Good value for money!,2025-01-14
2850,8864,732,4,Good value for money!,2020-01-02
2851,8880,771,4,Good value for money!,2024-11-09
2852,8880,1051,5,"Excellent product, highly recommend!",2020-07-10
2853,8880,1068,5,"Excellent product, highly recommend!",2023-12-28
2854,8880,1037,4,Good value for money!,2024-04-22
2855,8881,462,2,Not great quality.,2023-01-25
2856,8881,697,4,Good value for money!,2021-01-21
2857,8881,811,3,Okay overall.,2021-10-03
2858,8884,963,3,Okay overall.,2023-05-20
2859,8887,305,5,"Excellent product, highly recommend!",2025-03-15
2860,8890,1092,3,Okay overall.,2025-07-09
2861,8890,715,5,"Excellent product, highly recommend!",2022-10-28
2862,8894,1186,4,Good value for money!,2024-10-26
2863,8894,1161,3,Okay overall.,2022-10-02
2864,8896,868,4,Good value for money!,2024-02-16
2865,8896,169,5,"Excellent product, highly recommend!",2022-03-21
2866,8896,103,4,Good value for money!,2022-08-24
2867,8899,1009,1,"Very disappointed, would not buy again.",2021-08-11
2868,8901,36,2,Not great quality.,2023-05-27
2869,8904,797,2,Not great quality.,2024-12-04
2870,8908,1063,5,"Excellent product, highly recommend!",2025-04-04
2871,8908,471,5,"Excellent product, highly recommend!",2024-05-16
2872,8913,981,4,Good value for money!,2021-04-30
2873,8913,458,4,Good value for money!,2022-08-28
2874,8932,1114,2,Not great quality.,2024-06-11
2875,8932,1145,3,Okay overall.,2023-10-24
2876,8939,92,5,"Excellent product, highly recommend!",2021-01-12
2877,8941,264,4,Good value for money!,2024-08-19
2878,8943,967,3,Okay overall.,2023-12-30
2879,8943,1190,4,Good value for money!,2022-05-04
2880,8943,1039,2,Not great quality.,2025-05-06
2881,8946,435,1,"Very disappointed, would not buy again.",2022-03-13
2882,8946,376,5,"Excellent product, highly recommend!",2024-08-08
2883,8946,984,4,Good value for money!,2020-07-05
2884,8947,1151,5,"Excellent product, highly recommend!",2023-05-30
2885,8947,485,4,Good value for money!,2021-09-05
2886,8954,910,5,"Excellent product, highly recommend!",2024-09-18
2887,8965,1191,4,Good value for money!,2025-03-12
2888,8965,1195,2,Not great quality.,2020-11-04
2889,8965,376,5,"Excellent product, highly recommend!",2020-11-26
2890,8968,1130,5,"Excellent product, highly recommend!",2023-10-09
2891,8968,784,5,"Excellent product, highly recommend!",2023-12-05
2892,8968,352,5,"Excellent product, highly recommend!",2024-06-18
2893,8974,697,2,Not great quality.,2021-06-05
2894,8976,661,5,"Excellent product, highly recommend!",2022-02-09
2895,8976,1058,4,Good value for money!,2022-03-16
2896,8976,487,3,Okay overall.,2022-05-22
2897,8981,623,4,Good value for money!,2024-10-02
2898,8981,680,5,"Excellent product, highly recommend!",2025-01-24
2899,8983,976,5,"Excellent product, highly recommend!",2024-05-28
2900,8984,767,4,Good value for money!,2020-11-16
2901,8989,1017,2,Not great quality.,2025-02-20
2902,8991,439,5,"Excellent product, highly recommend!",2025-05-29
2903,8991,1016,4,Good value for money!,2023-12-27
2904,8995,923,2,Not great quality.,2023-01-21
2905,8998,1187,5,"Excellent product, highly recommend!",2023-02-03
2906,9003,984,4,Good value for money!,2023-12-17
2907,9003,965,4,Good value for money!,2025-10-01
2908,9008,1029,4,Good value for money!,2020-01-17
2909,9017,1094,3,Okay overall.,2020-12-20
2910,9021,845,5,"Excellent product, highly recommend!",2024-07-15
2911,9021,714,2,Not great quality.,2024-06-16
2912,9021,877,5,"Excellent product, highly recommend!",2021-07-16
2913,9021,908,5,"Excellent product, highly recommend!",2022-06-13
2914,9033,829,4,Good value for money!,2020-11-24
2915,9034,1115,5,"Excellent product, highly recommend!",2024-09-26
2916,9034,1075,5,"Excellent product, highly recommend!",2025-02-08
2917,9034,1087,4,Good value for money!,2024-01-27
2918,9037,989,3,Okay overall.,2021-09-04
2919,9037,366,2,Not great quality.,2022-02-07
2920,9039,939,4,Good value for money!,2022-07-27
2921,9039,1005,3,Okay overall.,2021-07-17
2922,9043,328,5,"Excellent product, highly recommend!",2022-10-13
2923,9051,119,4,Good value for money!,2021-07-05
2924,9063,753,5,"Excellent product, highly recommend!",2025-05-24
2925,9065,581,3,Okay overall.,2025-07-10
2926,9065,647,4,Good value for money!,2020-04-24
2927,9083,123,4,Good value for money!,2025-02-12
2928,9093,174,4,Good value for money!,2024-02-09
2929,9098,1006,4,Good value for money!,2023-09-11
2930,9100,273,3,Okay overall.,2024-12-25
2931,9100,374,2,Not great quality.,2020-07-18
2932,9100,893,5,"Excellent product, highly recommend!",2025-02-20
2933,9100,334,4,Good value for money!,2023-02-15
2934,9110,603,5,"Excellent product, highly recommend!",2022-04-18
2935,9110,37,4,Good value for money!,2022-11-18
2936,9112,1082,3,Okay overall.,2023-02-16
2937,9113,288,4,Good value for money!,2022-12-21
2938,9117,983,5,"Excellent product, highly recommend!",2021-03-05
2939,9130,611,4,Good value for money!,2022-12-28
2940,9164,538,3,Okay overall.,2021-03-15
2941,9168,377,5,"Excellent product, highly recommend!",2021-12-01
2942,9168,410,4,Good value for money!,2025-03-16
2943,9168,413,2,Not great quality.,2025-06-25
2944,9178,535,3,Okay overall.,2021-11-15
2945,9178,552,5,"Excellent product, highly recommend!",2022-01-26
2946,9178,964,5,"Excellent product, highly recommend!",2023-03-14
2947,9178,526,4,Good value for money!,2024-04-19
2948,9189,282,5,"Excellent product, highly recommend!",2021-10-01
2949,9195,921,4,Good value for money!,2020-05-09
2950,9195,463,4,Good value for money!,2020-02-15
2951,9195,1094,4,Good value for money!,2024-06-17
2952,9204,540,5,"Excellent product, highly recommend!",2022-02-13
2953,9204,594,5,"Excellent product, highly recommend!",2024-02-04
2954,9215,335,4,Good value for money!,2023-01-11
2955,9216,1034,4,Good value for money!,2025-08-05
2956,9217,176,3,Okay overall.,2023-01-01
2957,9217,817,5,"Excellent product, highly recommend!",2020-03-02
2958,9217,1180,5,"Excellent product, highly recommend!",2024-06-11
2959,9217,1086,3,Okay overall.,2022-02-11
2960,9244,1188,5,"Excellent product, highly recommend!",2020-03-01
2961,9244,174,4,Good value for money!,2023-02-17
2962,9247,351,4,Good value for money!,2024-06-01
2963,9255,1118,4,Good value for money!,2020-10-10
2964,9277,1005,3,Okay overall.,2020-06-11
2965,9277,984,2,Not great quality.,2022-01-03
2966,9297,278,4,Good value for money!,2025-04-23
2967,9297,213,5,"Excellent product, highly recommend!",2023-01-11
2968,9301,899,4,Good value for money!,2021-06-25
2969,9301,990,4,Good value for money!,2024-08-26
2970,9306,234,2,Not great quality.,2022-07-27
2971,9306,1097,5,"Excellent product, highly recommend!",2024-12-19
2972,9308,1005,3,Okay overall.,2023-08-10
2973,9310,1096,4,Good value for money!,2020-04-05
2974,9310,486,4,Good value for money!,2023-11-20
2975,9310,482,4,Good value for money!,2021-03-22
2976,9310,1170,4,Good value for money!,2021-12-24
2977,9315,156,5,"Excellent product, highly recommend!",2020-01-08
2978,9317,386,3,Okay overall.,2022-01-09
2979,9317,60,4,Good value for money!,2020-11-11
2980,9317,463,2,Not great quality.,2023-11-13
2981,9318,263,4,Good value for money!,2024-01-13
2982,9318,292,4,Good value for money!,2021-06-25
2983,9318,172,4,Good value for money!,2021-07-12
2984,9328,282,5,"Excellent product, highly recommend!",2021-02-02
2985,9330,1186,5,"Excellent product, highly recommend!",2025-05-31
2986,9330,1108,5,"Excellent product, highly recommend!",2022-04-17
2987,9330,1053,3,Okay overall.,2023-02-04
2988,9332,428,3,Okay overall.,2025-03-18
2989,9332,396,5,"Excellent product, highly recommend!",2022-01-30
2990,9338,243,2,Not great quality.,2020-01-25
2991,9338,208,4,Good value for money!,2020-09-08
2992,9340,909,1,"Very disappointed, would not buy again.",2021-09-17
2993,9340,861,4,Good value for money!,2022-10-10
2994,9345,214,5,"Excellent product, highly recommend!",2021-08-17
2995,9348,1093,4,Good value for money!,2021-12-18
2996,9352,280,1,"Very disappointed, would not buy again.",2025-02-28
2997,9352,616,4,Good value for money!,2024-08-24
2998,9352,502,5,"Excellent product, highly recommend!",2025-02-26
2999,9352,900,3,Okay overall.,2025-01-27
3000,9364,945,4,Good value for money!,2025-09-18
3001,9367,401,5,"Excellent product, highly recommend!",2021-03-25
3002,9367,1087,4,Good value for money!,2025-09-08
3003,9368,686,5,"Excellent product, highly recommend!",2021-03-18
3004,9369,1083,4,Good value for money!,2023-03-02
3005,9369,1000,4,Good value for money!,2023-03-26
3006,9369,266,5,"Excellent product, highly recommend!",2023-04-15
3007,9372,1114,5,"Excellent product, highly recommend!",2024-04-16
3008,9372,1175,5,"Excellent product, highly recommend!",2021-11-01
3009,9372,1170,5,"Excellent product, highly recommend!",2021-01-28
3010,9372,467,5,"Excellent product, highly recommend!",2021-07-12
3011,9374,624,5,"Excellent product, highly recommend!",2023-04-02
3012,9377,857,5,"Excellent product, highly recommend!",2022-02-15
3013,9377,877,4,Good value for money!,2022-08-24
3014,9384,692,5,"Excellent product, highly recommend!",2021-09-28
3015,9384,543,5,"Excellent product, highly recommend!",2023-03-21
3016,9387,629,4,Good value for money!,2024-04-21
3017,9387,699,4,Good value for money!,2025-02-26
3018,9387,436,5,"Excellent product, highly recommend!",2021-03-15
3019,9387,636,3,Okay overall.,2020-03-06
3020,9399,323,5,"Excellent product, highly recommend!",2022-11-28
3021,9407,696,5,"Excellent product, highly recommend!",2022-10-02
3022,9407,713,4,Good value for money!,2024-06-16
3023,9407,804,5,"Excellent product, highly recommend!",2020-11-09
3024,9418,1075,5,"Excellent product, highly recommend!",2021-07-10
3025,9420,767,4,Good value for money!,2023-06-24
3026,9422,591,4,Good value for money!,2023-08-22
3027,9422,677,3,Okay overall.,2021-03-17
3028,9422,612,4,Good value for money!,2022-05-24
3029,9433,849,5,"Excellent product, highly recommend!",2020-01-19
3030,9439,763,3,Okay overall.,2022-11-16
3031,9441,1098,4,Good value for money!,2024-11-17
3032,9442,1020,5,"Excellent product, highly recommend!",2020-03-21
3033,9442,819,4,Good value for money!,2022-06-05
3034,9442,669,5,"Excellent product, highly recommend!",2025-01-20
3035,9454,432,3,Okay overall.,2022-05-07
3036,9460,897,4,Good value for money!,2022-11-25
3037,9463,1159,5,"Excellent product, highly recommend!",2023-05-11
3038,9463,213,4,Good value for money!,2022-02-20
3039,9469,327,4,Good value for money!,2025-07-01
3040,9473,496,3,Okay overall.,2021-05-18
3041,9475,991,5,"Excellent product, highly recommend!",2021-11-05
3042,9475,280,4,Good value for money!,2024-05-24
3043,9479,263,3,Okay overall.,2020-02-13
3044,9479,471,4,Good value for money!,2023-05-21
3045,9482,278,5,"Excellent product, highly recommend!",2021-06-26
3046,9482,312,5,"Excellent product, highly recommend!",2023-05-18
3047,9482,318,2,Not great quality.,2023-01-09
3048,9487,287,5,"Excellent product, highly recommend!",2021-12-14
3049,9492,385,4,Good value for money!,2025-07-17
3050,9492,463,5,"Excellent product, highly recommend!",2025-10-09
3051,9492,414,4,Good value for money!,2021-02-13
3052,9492,389,5,"Excellent product, highly recommend!",2021-07-07
3053,9492,381,5,"Excellent product, highly recommend!",2022-07-16
3054,9498,619,2,Not great quality.,2023-01-02
3055,9501,1097,4,Good value for money!,2020-12-18
3056,9505,669,1,"Very disappointed, would not buy again.",2021-05-26
3057,9505,579,5,"Excellent product, highly recommend!",2021-04-05
3058,9505,434,5,"Excellent product, highly recommend!",2022-08-13
3059,9511,476,4,Good value for money!,2020-08-19
3060,9514,798,5,"Excellent product, highly recommend!",2023-02-09
3061,9514,367,4,Good value for money!,2022-08-01
3062,9515,289,4,Good value for money!,2023-04-13
3063,9523,196,5,"Excellent product, highly recommend!",2020-08-22
3064,9527,817,4,Good value for money!,2024-10-04
3065,9527,1023,5,"Excellent product, highly recommend!",2022-04-30
3066,9527,229,5,"Excellent product, highly recommend!",2020-05-17
3067,9533,586,5,"Excellent product, highly recommend!",2023-04-27
3068,9533,575,4,Good value for money!,2022-11-23
3069,9533,1054,1,"Very disappointed, would not buy again.",2020-04-14
3070,9534,246,5,"Excellent product, highly recommend!",2024-03-03
3071,9551,772,5,"Excellent product, highly recommend!",2025-09-21
3072,9555,1055,4,Good value for money!,2024-09-16
3073,9557,1194,5,"Excellent product, highly recommend!",2024-07-16
3074,9562,866,4,Good value for money!,2022-01-01
3075,9562,865,3,Okay overall.,2023-03-19
3076,9565,19,4,Good value for money!,2024-06-23
3077,9578,1195,3,Okay overall.,2024-03-22
3078,9579,1159,3,Okay overall.,2020-11-20
3079,9579,939,5,"Excellent product, highly recommend!",2025-07-18
3080,9581,513,4,Good value for money!,2025-02-19
3081,9581,813,4,Good value for money!,2025-09-24
3082,9581,533,5,"Excellent product, highly recommend!",2022-08-26
3083,9583,741,1,"Very disappointed, would not buy again.",2025-06-08
3084,9583,509,4,Good value for money!,2021-04-28
3085,9583,371,5,"Excellent product, highly recommend!",2021-12-29
3086,9584,902,1,"Very disappointed, would not buy again.",2021-08-04
3087,9584,364,4,Good value for money!,2025-07-03
3088,9584,109,5,"Excellent product, highly recommend!",2021-10-07
3089,9586,1043,5,"Excellent product, highly recommend!",2021-08-27
3090,9590,1197,4,Good value for money!,2020-03-11
3091,9590,1169,5,"Excellent product, highly recommend!",2023-04-18
3092,9592,113,2,Not great quality.,2022-12-13
3093,9592,868,5,"Excellent product, highly recommend!",2021-03-22
3094,9592,857,5,"Excellent product, highly recommend!",2025-07-21
3095,9602,929,4,Good value for money!,2021-02-09
3096,9602,330,5,"Excellent product, highly recommend!",2020-09-15
3097,9604,832,1,"Very disappointed, would not buy again.",2022-12-01
3098,9608,1096,4,Good value for money!,2024-10-24
3099,9608,1180,4,Good value for money!,2020-12-15
3100,9608,257,3,Okay overall.,2025-08-26
3101,9608,278,5,"Excellent product, highly recommend!",2022-12-31
3102,9610,609,2,Not great quality.,2022-12-19
3103,9611,609,5,"Excellent product, highly recommend!",2021-11-11
3104,9611,564,4,Good value for money!,2023-06-04
3105,9611,751,3,Okay overall.,2021-08-26
3106,9614,1065,5,"Excellent product, highly recommend!",2022-04-09
3107,9614,357,3,Okay overall.,2025-09-18
3108,9614,1177,5,"Excellent product, highly recommend!",2023-09-17
3109,9618,1081,4,Good value for money!,2025-04-21
3110,9618,396,4,Good value for money!,2020-12-18
3111,9619,467,4,Good value for money!,2023-04-20
3112,9619,488,1,"Very disappointed, would not buy again.",2023-08-29
3113,9619,432,5,"Excellent product, highly recommend!",2023-02-15
3114,9621,793,5,"Excellent product, highly recommend!",2020-03-27
3115,9621,869,4,Good value for money!,2021-10-04
3116,9621,461,4,Good value for money!,2021-09-25
3117,9623,729,5,"Excellent product, highly recommend!",2022-10-13
3118,9623,707,4,Good value for money!,2025-04-08
3119,9624,9,1,"Very disappointed, would not buy again.",2020-05-09
3120,9636,37,2,Not great quality.,2024-11-16
3121,9643,815,5,"Excellent product, highly recommend!",2023-10-22
3122,9643,766,1,"Very disappointed, would not buy again.",2020-12-30
3123,9643,158,2,Not great quality.,2024-02-06
3124,9645,646,5,"Excellent product, highly recommend!",2023-03-06
3125,9645,408,4,Good value for money!,2021-02-18
3126,9645,1081,3,Okay overall.,2024-01-27
3127,9645,942,3,Okay overall.,2022-06-22
3128,9652,893,5,"Excellent product, highly recommend!",2025-03-11
3129,9652,460,2,Not great quality.,2025-05-18
3130,9652,1029,5,"Excellent product, highly recommend!",2021-05-01
3131,9652,897,4,Good value for money!,2021-12-30
3132,9654,403,4,Good value for money!,2025-02-20
3133,9657,976,3,Okay overall.,2023-06-22
3134,9657,333,5,"Excellent product, highly recommend!",2022-09-19
3135,9659,766,5,"Excellent product, highly recommend!",2023-02-16
3136,9660,1024,5,"Excellent product, highly recommend!",2020-06-23
3137,9665,449,4,Good value for money!,2025-02-06
3138,9669,785,5,"Excellent product, highly recommend!",2023-08-25
3139,9669,382,3,Okay overall.,2023-06-12
3140,9669,1116,5,"Excellent product, highly recommend!",2022-09-17
3141,9670,1114,3,Okay overall.,2024-06-30
3142,9677,1160,5,"Excellent product, highly recommend!",2025-01-11
3143,9677,1041,4,Good value for money!,2020-01-15
3144,9677,1064,4,Good value for money!,2021-01-19
3145,9678,316,4,Good value for money!,2020-02-08
3146,9682,248,5,"Excellent product, highly recommend!",2025-06-03
3147,9693,1025,5,"Excellent product, highly recommend!",2022-11-10
3148,9693,1106,4,Good value for money!,2022-07-27
3149,9714,463,2,Not great quality.,2024-03-07
3150,9714,882,5,"Excellent product, highly recommend!",2020-04-06
3151,9728,997,3,Okay overall.,2022-07-19
3152,9733,734,5,"Excellent product, highly recommend!",2024-05-01
3153,9733,916,3,Okay overall.,2020-10-19
3154,9733,718,4,Good value for money!,2025-02-09
3155,9750,1150,3,Okay overall.,2024-07-19
3156,9750,1027,4,Good value for money!,2021-10-31
3157,9751,293,3,Okay overall.,2022-03-21
3158,9758,1042,3,Okay overall.,2021-05-13
3159,9776,606,5,"Excellent product, highly recommend!",2020-09-06
3160,9777,1114,5,"Excellent product, highly recommend!",2022-07-10
3161,9778,676,5,"Excellent product, highly recommend!",2020-08-01
3162,9790,1146,5,"Excellent product, highly recommend!",2024-07-10
3163,9791,475,2,Not great quality.,2022-09-17
3164,9800,944,5,"Excellent product, highly recommend!",2025-10-08
3165,9800,928,4,Good value for money!,2023-06-29
3166,9800,677,4,Good value for money!,2023-11-01
3167,9803,1059,5,"Excellent product, highly recommend!",2020-02-03
3168,9803,1170,4,Good value for money!,2025-06-11
3169,9803,926,4,Good value for money!,2022-03-26
3170,9803,1065,5,"Excellent product, highly recommend!",2023-07-15
3171,9803,1187,5,"Excellent product, highly recommend!",2022-03-31
3172,9804,1169,1,"Very disappointed, would not buy again.",2023-04-23
3173,9806,862,5,"Excellent product, highly recommend!",2024-05-03
3174,9812,1165,4,Good value for money!,2023-01-09
3175,9812,778,3,Okay overall.,2023-06-08
3176,9812,705,4,Good value for money!,2021-01-24
3177,9818,472,5,"Excellent product, highly recommend!",2022-05-26
3178,9818,438,5,"Excellent product, highly recommend!",2025-01-21
3179,9818,385,5,"Excellent product, highly recommend!",2024-05-17
3180,9833,422,4,Good value for money!,2024-05-10
3181,9836,1171,5,"Excellent product, highly recommend!",2025-07-02
3182,9836,919,5,"Excellent product, highly recommend!",2021-06-15
3183,9836,1175,2,Not great quality.,2023-02-20
3184,9839,562,2,Not great quality.,2020-01-19
3185,9840,31,4,Good value for money!,2021-07-17
3186,9844,733,2,Not great quality.,2021-04-18
3187,9847,438,5,"Excellent product, highly recommend!",2020-03-08
3188,9847,974,5,"Excellent product, highly recommend!",2024-08-29
3189,9847,941,5,"Excellent product, highly recommend!",2025-03-06
3190,9850,470,3,Okay overall.,2025-02-17
3191,9850,616,4,Good value for money!,2022-08-31
3192,9859,1137,3,Okay overall.,2020-02-18
3193,9859,947,5,"Excellent product, highly recommend!",2023-10-29
3194,9864,735,5,"Excellent product, highly recommend!",2022-10-05
3195,9864,782,3,Okay overall.,2021-04-21
3196,9865,1124,5,"Excellent product, highly recommend!",2020-02-08
3197,9865,1181,5,"Excellent product, highly recommend!",2025-04-26
3198,9865,1096,5,"Excellent product, highly recommend!",2023-03-08
3199,9877,363,5,"Excellent product, highly recommend!",2024-09-05
3200,9877,525,5,"Excellent product, highly recommend!",2024-07-12
3201,9880,439,5,"Excellent product, highly recommend!",2025-04-16
3202,9882,216,3,Okay overall.,2024-05-13
3203,9882,748,4,Good value for money!,2025-03-14
3204,9884,1106,5,"Excellent product, highly recommend!",2024-09-22
3205,9884,1063,4,Good value for money!,2025-07-12
3206,9884,1084,5,"Excellent product, highly recommend!",2025-05-20
3207,9886,903,5,"Excellent product, highly recommend!",2022-04-02
3208,9886,1154,2,Not great quality.,2022-12-06
3209,9886,1131,4,Good value for money!,2021-04-21
3210,9886,264,5,"Excellent product, highly recommend!",2024-07-25
3211,9887,434,4,Good value for money!,2025-05-03
3212,9894,1099,5,"Excellent product, highly recommend!",2025-02-27
3213,9902,531,3,Okay overall.,2025-01-18
3214,9902,196,3,Okay overall.,2024-10-04
3215,9902,725,4,Good value for money!,2025-10-20
3216,9904,908,5,"Excellent product, highly recommend!",2020-12-21
3217,9904,318,4,Good value for money!,2020-04-08
3218,9905,232,4,Good value for money!,2025-06-19
3219,9906,555,5,"Excellent product, highly recommend!",2025-01-30
3220,9909,1013,5,"Excellent product, highly recommend!",2024-06-13
3221,9909,953,5,"Excellent product, highly recommend!",2023-02-07
3222,9909,1187,1,"Very disappointed, would not buy again.",2025-08-28
3223,9909,894,3,Okay overall.,2023-10-07
3224,9913,864,4,Good value for money!,2020-08-19
3225,9921,1014,1,"Very disappointed, would not buy again.",2024-05-19
3226,9926,1094,3,Okay overall.,2022-01-19
3227,9926,1039,5,"Excellent product, highly recommend!",2022-09-26
3228,9926,966,1,"Very disappointed, would not buy again.",2024-07-13
3229,9928,412,2,Not great quality.,2024-11-02
3230,9928,485,1,"Very disappointed, would not buy again.",2020-09-16
3231,9928,283,2,Not great quality.,2024-11-16
3232,9932,689,4,Good value for money!,2021-12-08
3233,9932,750,4,Good value for money!,2020-10-28
3234,9940,504,5,"Excellent product, highly recommend!",2024-10-14
3235,9944,671,3,Okay overall.,2020-03-15
3236,9947,959,1,"Very disappointed, would not buy again.",2020-07-16
3237,9947,291,4,Good value for money!,2023-12-25
3238,9949,1033,5,"Excellent product, highly recommend!",2020-01-25
3239,9949,1058,4,Good value for money!,2020-08-28
3240,9954,253,4,Good value for money!,2020-08-01
3241,9959,239,4,Good value for money!,2025-03-04
3242,9959,300,5,"Excellent product, highly recommend!",2022-07-27
3243,9959,336,5,"Excellent product, highly recommend!",2020-01-16
3244,9959,306,4,Good value for money!,2023-01-22
3245,9966,417,3,Okay overall.,2020-01-21
3246,9967,899,5,"Excellent product, highly recommend!",2023-12-04
3247,9967,842,3,Okay overall.,2020-06-11
3248,9973,968,4,Good value for money!,2022-06-16
3249,9976,778,3,Okay overall.,2024-10-17
3250,9976,1123,3,Okay overall.,2022-02-15
3251,9978,295,1,"Very disappointed, would not buy again.",2023-05-28
3252,9984,780,5,"Excellent product, highly recommend!",2025-08-19
3253,9984,877,4,Good value for money!,2020-06-25
3254,9986,142,4,Good value for money!,2022-03-10
3255,9989,664,2,Not great quality.,2020-03-15
3256,9996,511,4,Good value for money!,2020-02-07
3257,10004,934,5,"Excellent product, highly recommend!",2020-06-19
3258,10006,803,3,Okay overall.,2022-11-16
3259,10015,24,5,"Excellent product, highly recommend!",2025-05-30
3260,10017,772,5,"Excellent product, highly recommend!",2022-08-01
3261,10017,497,4,Good value for money!,2025-06-22
3262,10017,609,5,"Excellent product, highly recommend!",2023-02-02
3263,10017,676,5,"Excellent product, highly recommend!",2021-10-11
3264,10021,978,5,"Excellent product, highly recommend!",2021-06-26
3265,10033,1196,2,Not great quality.,2020-04-30
3266,10034,1021,5,"Excellent product, highly recommend!",2023-05-27
3267,10041,379,1,"Very disappointed, would not buy again.",2025-07-27
3268,10047,565,4,Good value for money!,2023-06-03
3269,10047,533,5,"Excellent product, highly recommend!",2023-01-05
3270,10054,849,3,Okay overall.,2022-07-23
3271,10054,1149,4,Good value for money!,2020-09-24
3272,10061,1186,5,"Excellent product, highly recommend!",2023-09-12
3273,10063,984,5,"Excellent product, highly recommend!",2023-08-07
3274,10075,653,5,"Excellent product, highly recommend!",2025-02-04
3275,10075,1192,5,"Excellent product, highly recommend!",2024-10-01
3276,10075,942,2,Not great quality.,2025-04-01
3277,10075,999,3,Okay overall.,2023-08-28
3278,10081,931,4,Good value for money!,2020-04-30
3279,10087,555,2,Not great quality.,2023-06-01
3280,10093,176,2,Not great quality.,2023-06-25
3281,10093,926,4,Good value for money!,2025-05-13
3282,10093,231,4,Good value for money!,2022-07-22
3283,10101,537,4,Good value for money!,2025-03-17
3284,10101,436,5,"Excellent product, highly recommend!",2025-05-19
3285,10101,531,4,Good value for money!,2024-04-30
3286,10116,780,1,"Very disappointed, would not buy again.",2021-04-16
3287,10119,866,5,"Excellent product, highly recommend!",2020-04-14
3288,10119,328,5,"Excellent product, highly recommend!",2022-10-22
3289,10120,854,5,"Excellent product, highly recommend!",2022-07-27
3290,10124,987,5,"Excellent product, highly recommend!",2023-04-01
3291,10124,872,5,"Excellent product, highly recommend!",2021-09-20
3292,10124,416,5,"Excellent product, highly recommend!",2023-02-28
3293,10143,1084,3,Okay overall.,2024-10-03
3294,10143,871,5,"Excellent product, highly recommend!",2023-01-13
3295,10143,31,5,"Excellent product, highly recommend!",2021-10-04
3296,10144,195,3,Okay overall.,2025-06-11
3297,10144,327,5,"Excellent product, highly recommend!",2024-01-19
3298,10146,823,1,"Very disappointed, would not buy again.",2024-09-07
3299,10146,759,4,Good value for money!,2023-03-14
3300,10146,155,3,Okay overall.,2022-08-11
3301,10147,892,2,Not great quality.,2024-07-04
3302,10147,932,4,Good value for money!,2025-07-06
3303,10161,395,4,Good value for money!,2022-01-20
3304,10161,511,4,Good value for money!,2023-08-25
3305,10162,383,5,"Excellent product, highly recommend!",2023-07-17
3306,10162,1005,2,Not great quality.,2022-05-20
3307,10167,262,5,"Excellent product, highly recommend!",2022-08-28
3308,10167,949,5,"Excellent product, highly recommend!",2020-07-26
3309,10169,190,5,"Excellent product, highly recommend!",2024-01-26
3310,10185,678,5,"Excellent product, highly recommend!",2023-12-13
3311,10192,862,3,Okay overall.,2024-07-07
3312,10194,532,4,Good value for money!,2021-09-21
3313,10194,613,5,"Excellent product, highly recommend!",2023-02-11
3314,10201,196,4,Good value for money!,2022-10-02
3315,10202,740,3,Okay overall.,2022-09-20
3316,10206,862,5,"Excellent product, highly recommend!",2020-09-14
3317,10207,693,5,"Excellent product, highly recommend!",2021-10-28
3318,10222,315,3,Okay overall.,2022-08-03
3319,10245,248,5,"Excellent product, highly recommend!",2022-03-23
3320,10246,1018,4,Good value for money!,2024-12-09
3321,10246,340,5,"Excellent product, highly recommend!",2020-12-03
3322,10246,825,4,Good value for money!,2024-04-20
3323,10250,1046,4,Good value for money!,2020-03-23
3324,10250,1070,5,"Excellent product, highly recommend!",2021-09-26
3325,10255,472,5,"Excellent product, highly recommend!",2023-04-30
3326,10255,468,3,Okay overall.,2023-03-06
3327,10258,611,4,Good value for money!,2023-10-29
3328,10262,653,5,"Excellent product, highly recommend!",2024-09-04
3329,10265,852,5,"Excellent product, highly recommend!",2021-12-07
3330,10265,869,4,Good value for money!,2022-12-25
3331,10266,288,5,"Excellent product, highly recommend!",2023-12-19
3332,10276,342,5,"Excellent product, highly recommend!",2024-09-23
3333,10279,480,4,Good value for money!,2024-01-16
3334,10279,204,5,"Excellent product, highly recommend!",2021-02-25
3335,10279,570,4,Good value for money!,2022-07-26
3336,10280,1196,5,"Excellent product, highly recommend!",2021-01-26
3337,10280,479,3,Okay overall.,2022-02-24
3338,10286,1048,1,"Very disappointed, would not buy again.",2024-02-04
3339,10286,396,5,"Excellent product, highly recommend!",2025-02-02
3340,10286,902,4,Good value for money!,2022-07-10
3341,10286,1130,4,Good value for money!,2023-09-27
3342,10288,485,5,"Excellent product, highly recommend!",2020-09-05
3343,10290,821,3,Okay overall.,2020-05-06
3344,10308,1058,4,Good value for money!,2022-10-22
3345,10311,258,5,"Excellent product, highly recommend!",2025-09-09
3346,10314,297,5,"Excellent product, highly recommend!",2024-07-18
3347,10328,889,3,Okay overall.,2021-09-09
3348,10330,37,5,"Excellent product, highly recommend!",2024-01-13
3349,10332,665,4,Good value for money!,2021-01-08
3350,10338,847,3,Okay overall.,2025-03-27
3351,10341,115,3,Okay overall.,2022-01-17
3352,10343,629,4,Good value for money!,2025-05-30
3353,10343,1184,3,Okay overall.,2021-08-19
3354,10343,591,4,Good value for money!,2023-08-31
3355,10355,926,5,"Excellent product, highly recommend!",2022-11-12
3356,10355,458,4,Good value for money!,2023-04-06
3357,10359,719,3,Okay overall.,2024-03-04
3358,10359,795,4,Good value for money!,2021-11-29
3359,10365,1128,4,Good value for money!,2025-03-28
3360,10365,1151,5,"Excellent product, highly recommend!",2020-08-05
3361,10372,393,4,Good value for money!,2021-09-21
3362,10372,511,4,Good value for money!,2024-08-08
3363,10372,475,4,Good value for money!,2023-07-04
3364,10373,403,3,Okay overall.,2022-07-25
3365,10373,423,5,"Excellent product, highly recommend!",2023-05-07
3366,10373,576,3,Okay overall.,2023-01-31
3367,10373,480,1,"Very disappointed, would not buy again.",2020-10-28
3368,10373,455,3,Okay overall.,2022-12-25
3369,10374,771,3,Okay overall.,2024-01-29
3370,10374,778,3,Okay overall.,2025-04-04
3371,10377,223,5,"Excellent product, highly recommend!",2023-07-23
3372,10382,289,4,Good value for money!,2023-10-28
3373,10406,671,3,Okay overall.,2021-12-01
3374,10406,540,3,Okay overall.,2024-04-08
3375,10407,287,3,Okay overall.,2021-08-25
3376,10415,849,5,"Excellent product, highly recommend!",2021-08-28
3377,10415,950,3,Okay overall.,2022-03-27
3378,10415,870,5,"Excellent product, highly recommend!",2025-06-14
3379,10425,9,4,Good value for money!,2020-01-20
3380,10429,800,5,"Excellent product, highly recommend!",2021-06-16
3381,10451,933,5,"Excellent product, highly recommend!",2023-08-29
3382,10451,882,5,"Excellent product, highly recommend!",2023-04-02
3383,10454,137,4,Good value for money!,2022-08-19
3384,10454,806,5,"Excellent product, highly recommend!",2024-10-15
3385,10454,104,5,"Excellent product, highly recommend!",2020-06-04
3386,10456,418,3,Okay overall.,2020-09-08
3387,10456,491,4,Good value for money!,2022-01-24
3388,10457,698,4,Good value for money!,2020-10-31
3389,10462,262,4,Good value for money!,2025-03-19
3390,10478,333,5,"Excellent product, highly recommend!",2024-03-02
3391,10478,297,5,"Excellent product, highly recommend!",2025-08-21
3392,10486,1061,5,"Excellent product, highly recommend!",2024-06-09
3393,10491,464,4,Good value for money!,2022-11-11
3394,10496,340,5,"Excellent product, highly recommend!",2024-06-05
3395,10497,366,4,Good value for money!,2024-07-14
3396,10497,431,4,Good value for money!,2020-05-20
3397,10499,584,4,Good value for money!,2021-03-01
3398,10503,625,5,"Excellent product, highly recommend!",2024-10-31
3399,10503,176,4,Good value for money!,2025-02-22
3400,10503,228,4,Good value for money!,2023-01-28
3401,10506,504,5,"Excellent product, highly recommend!",2022-05-07
3402,10506,1003,3,Okay overall.,2025-09-05
3403,10510,495,3,Okay overall.,2022-08-05
3404,10510,989,5,"Excellent product, highly recommend!",2020-12-09
3405,10515,935,5,"Excellent product, highly recommend!",2023-10-23
3406,10518,462,5,"Excellent product, highly recommend!",2022-12-15
3407,10526,1164,4,Good value for money!,2025-03-29
3408,10526,1150,5,"Excellent product, highly recommend!",2021-06-30
3409,10527,1193,5,"Excellent product, highly recommend!",2025-04-16
3410,10536,444,5,"Excellent product, highly recommend!",2023-08-25
3411,10536,410,3,Okay overall.,2025-09-08
3412,10536,914,4,Good value for money!,2020-01-16
3413,10544,970,4,Good value for money!,2020-02-24
3414,10552,564,5,"Excellent product, highly recommend!",2021-04-01
3415,10555,820,5,"Excellent product, highly recommend!",2025-08-08
3416,10557,481,4,Good value for money!,2023-05-31
3417,10557,396,5,"Excellent product, highly recommend!",2023-04-19
3418,10562,1056,3,Okay overall.,2023-09-10
3419,10562,787,2,Not great quality.,2020-06-06
3420,10562,1101,2,Not great quality.,2021-08-17
3421,10562,510,4,Good value for money!,2023-01-21
3422,10571,1193,5,"Excellent product, highly recommend!",2023-05-18
3423,10586,490,5,"Excellent product, highly recommend!",2020-01-14
3424,10596,306,4,Good value for money!,2024-07-23
3425,10601,767,4,Good value for money!,2020-05-21
3426,10601,1124,4,Good value for money!,2024-11-19
3427,10601,673,5,"Excellent product, highly recommend!",2025-03-30
3428,10601,845,4,Good value for money!,2020-12-28
3429,10604,791,4,Good value for money!,2020-08-02
3430,10604,114,5,"Excellent product, highly recommend!",2021-10-09
3431,10604,609,4,Good value for money!,2025-04-25
3432,10620,1046,3,Okay overall.,2025-06-15
3433,10620,255,4,Good value for money!,2024-03-09
3434,10620,570,3,Okay overall.,2022-05-06
3435,10622,51,4,Good value for money!,2024-12-13
3436,10622,1163,4,Good value for money!,2024-06-30
3437,10622,197,4,Good value for money!,2023-10-23
3438,10622,203,4,Good value for money!,2023-01-03
3439,10629,327,3,Okay overall.,2022-12-03
3440,10629,300,2,Not great quality.,2025-10-16
3441,10629,1172,2,Not great quality.,2021-07-20
3442,10629,260,2,Not great quality.,2024-11-26
3443,10629,1070,2,Not great quality.,2023-05-13
3444,10629,1186,4,Good value for money!,2021-09-26
3445,10630,420,4,Good value for money!,2022-09-14
3446,10632,575,5,"Excellent product, highly recommend!",2025-02-28
3447,10632,566,3,Okay overall.,2023-01-27
3448,10634,114,3,Okay overall.,2021-01-02
3449,10636,888,3,Okay overall.,2023-04-01
3450,10636,1006,4,Good value for money!,2025-09-24
3451,10639,962,5,"Excellent product, highly recommend!",2024-07-18
3452,10641,906,5,"Excellent product, highly recommend!",2021-01-14
3453,10642,460,5,"Excellent product, highly recommend!",2023-02-24
3454,10642,487,3,Okay overall.,2023-11-24
3455,10642,376,2,Not great quality.,2022-08-13
3456,10652,1147,4,Good value for money!,2023-09-19
3457,10656,103,3,Okay overall.,2020-10-29
3458,10663,680,5,"Excellent product, highly recommend!",2022-09-27
3459,10667,1029,1,"Very disappointed, would not buy again.",2021-07-08
3460,10681,1094,3,Okay overall.,2022-02-19
3461,10686,907,4,Good value for money!,2025-09-16
3462,10686,1186,5,"Excellent product, highly recommend!",2025-10-08
3463,10687,1195,4,Good value for money!,2022-11-02
3464,10687,671,3,Okay overall.,2020-06-25
3465,10688,820,5,"Excellent product, highly recommend!",2020-10-04
3466,10694,913,2,Not great quality.,2024-10-03
3467,10694,902,4,Good value for money!,2022-12-22
3468,10696,189,5,"Excellent product, highly recommend!",2020-12-01
3469,10704,495,4,Good value for money!,2022-12-28
3470,10704,1141,4,Good value for money!,2022-03-20
3471,10713,725,5,"Excellent product, highly recommend!",2020-11-20
3472,10713,827,5,"Excellent product, highly recommend!",2022-10-10
3473,10722,1087,5,"Excellent product, highly recommend!",2025-06-02
3474,10734,438,4,Good value for money!,2025-10-31
3475,10734,416,5,"Excellent product, highly recommend!",2021-11-11
3476,10738,629,2,Not great quality.,2023-03-31
3477,10738,607,4,Good value for money!,2022-06-04
3478,10738,557,1,"Very disappointed, would not buy again.",2023-11-03
3479,10739,189,5,"Excellent product, highly recommend!",2022-01-19
3480,10767,636,2,Not great quality.,2020-06-29
3481,10770,907,1,"Very disappointed, would not buy again.",2020-01-06
3482,10771,278,4,Good value for money!,2025-02-21
3483,10771,180,3,Okay overall.,2022-04-15
3484,10771,282,2,Not great quality.,2022-11-10
3485,10772,1181,3,Okay overall.,2025-05-07
3486,10772,440,4,Good value for money!,2025-04-22
3487,10772,327,5,"Excellent product, highly recommend!",2023-03-25
3488,10777,797,2,Not great quality.,2020-11-09
3489,10777,1098,5,"Excellent product, highly recommend!",2022-06-14
3490,10786,926,4,Good value for money!,2022-01-08
3491,10787,824,4,Good value for money!,2021-10-28
3492,10820,538,5,"Excellent product, highly recommend!",2023-09-24
3493,10823,313,5,"Excellent product, highly recommend!",2020-09-25
3494,10823,487,4,Good value for money!,2020-02-09
3495,10834,945,4,Good value for money!,2023-10-15
3496,10834,1013,3,Okay overall.,2020-01-31
3497,10834,806,4,Good value for money!,2024-08-21
3498,10835,1179,4,Good value for money!,2021-12-17
3499,10835,40,5,"Excellent product, highly recommend!",2022-07-24
3500,10837,198,4,Good value for money!,2023-03-11
3501,10837,282,4,Good value for money!,2021-12-05
3502,10844,948,3,Okay overall.,2025-10-30
3503,10846,282,4,Good value for money!,2021-12-27
3504,10848,518,4,Good value for money!,2023-11-24
3505,10858,1034,5,"Excellent product, highly recommend!",2025-04-04
3506,10860,472,4,Good value for money!,2022-04-28
3507,10868,647,4,Good value for money!,2022-02-23
3508,10868,976,5,"Excellent product, highly recommend!",2022-12-25
3509,10873,508,5,"Excellent product, highly recommend!",2025-08-16
3510,10875,294,5,"Excellent product, highly recommend!",2021-08-14
3511,10883,391,3,Okay overall.,2022-12-15
3512,10891,253,4,Good value for money!,2024-04-01
3513,10896,358,5,"Excellent product, highly recommend!",2022-09-13
3514,10896,743,2,Not great quality.,2023-05-10
3515,10896,336,2,Not great quality.,2023-05-20
3516,10912,681,5,"Excellent product, highly recommend!",2023-12-13
3517,10922,415,4,Good value for money!,2020-07-15
3518,10928,336,4,Good value for money!,2023-07-07
3519,10953,1176,5,"Excellent product, highly recommend!",2022-09-15
3520,10956,769,4,Good value for money!,2021-09-08
3521,10958,687,1,"Very disappointed, would not buy again.",2024-09-16
3522,10958,963,5,"Excellent product, highly recommend!",2023-06-21
3523,10968,741,5,"Excellent product, highly recommend!",2023-05-13
3524,10968,300,5,"Excellent product, highly recommend!",2025-06-24
3525,10968,1031,5,"Excellent product, highly recommend!",2025-05-30
3526,10969,941,5,"Excellent product, highly recommend!",2021-06-20
3527,10969,326,5,"Excellent product, highly recommend!",2021-10-17
3528,10976,1172,4,Good value for money!,2024-10-11
3529,10976,1087,4,Good value for money!,2022-12-27
3530,10989,1000,5,"Excellent product, highly recommend!",2024-03-02
3531,10989,491,4,Good value for money!,2020-12-08
3532,10989,549,3,Okay overall.,2021-12-10
3533,10989,1023,2,Not great quality.,2022-07-17
3534,10992,135,5,"Excellent product, highly recommend!",2024-11-05
3535,10992,10,5,"Excellent product, highly recommend!",2020-01-05
3536,10993,485,2,Not great quality.,2021-05-18
3537,10993,1087,4,Good value for money!,2023-04-15
3538,10996,904,5,"Excellent product, highly recommend!",2021-02-03
3539,10998,998,3,Okay overall.,2023-02-04
3540,10998,400,1,"Very disappointed, would not buy again.",2024-12-30
3541,11003,1115,3,Okay overall.,2023-11-15
3542,11003,1121,5,"Excellent product, highly recommend!",2020-07-28
3543,11004,695,4,Good value for money!,2023-07-17
3544,11008,472,1,"Very disappointed, would not buy again.",2021-12-21
3545,11008,469,5,"Excellent product, highly recommend!",2020-12-25
3546,11008,366,2,Not great quality.,2021-02-20
3547,11013,55,2,Not great quality.,2024-12-12
3548,11013,967,3,Okay overall.,2025-10-01
3549,11017,69,3,Okay overall.,2022-09-22
3550,11017,450,2,Not great quality.,2021-06-22
3551,11020,773,4,Good value for money!,2020-02-23
3552,11021,631,5,"Excellent product, highly recommend!",2025-07-14
3553,11022,453,2,Not great quality.,2020-11-21
3554,11022,1173,2,Not great quality.,2025-11-01
3555,11032,898,3,Okay overall.,2020-12-17
3556,11038,394,5,"Excellent product, highly recommend!",2025-04-30
3557,11038,1152,4,Good value for money!,2022-11-09
3558,11044,254,4,Good value for money!,2021-12-25
3559,11047,386,4,Good value for money!,2022-05-02
3560,11047,951,4,Good value for money!,2024-01-02
3561,11047,857,2,Not great quality.,2022-06-27
3562,11047,1050,4,Good value for money!,2023-03-07
3563,11049,627,4,Good value for money!,2020-07-12
3564,11049,882,5,"Excellent product, highly recommend!",2020-03-08
3565,11050,869,4,Good value for money!,2021-07-26
3566,11058,482,4,Good value for money!,2021-05-04
3567,11060,392,4,Good value for money!,2021-07-30
3568,11061,984,4,Good value for money!,2020-03-01
3569,11061,360,3,Okay overall.,2024-10-05
3570,11061,1194,4,Good value for money!,2020-07-26
3571,11063,861,4,Good value for money!,2021-08-25
3572,11063,1181,1,"Very disappointed, would not buy again.",2021-06-23
3573,11063,870,4,Good value for money!,2022-07-31
3574,11063,1093,4,Good value for money!,2023-02-25
3575,11073,666,4,Good value for money!,2022-09-14
3576,11080,763,4,Good value for money!,2020-06-27
3577,11080,734,5,"Excellent product, highly recommend!",2020-09-19
3578,11087,905,1,"Very disappointed, would not buy again.",2022-11-01
3579,11087,927,5,"Excellent product, highly recommend!",2025-02-23
3580,11087,979,2,Not great quality.,2023-08-19
3581,11089,872,5,"Excellent product, highly recommend!",2024-09-22
3582,11089,511,5,"Excellent product, highly recommend!",2021-11-10
3583,11092,1105,4,Good value for money!,2024-03-25
3584,11092,91,3,Okay overall.,2021-11-28
3585,11092,526,5,"Excellent product, highly recommend!",2023-11-16
3586,11095,331,4,Good value for money!,2023-10-14
3587,11095,1194,5,"Excellent product, highly recommend!",2024-09-29
3588,11095,298,3,Okay overall.,2021-03-19
3589,11095,813,5,"Excellent product, highly recommend!",2021-10-27
3590,11095,142,3,Okay overall.,2025-05-04
3591,11103,956,3,Okay overall.,2024-06-30
3592,11107,27,5,"Excellent product, highly recommend!",2025-10-27
3593,11114,995,5,"Excellent product, highly recommend!",2020-09-16
3594,11114,704,3,Okay overall.,2020-04-24
3595,11115,893,4,Good value for money!,2023-10-28
3596,11126,759,1,"Very disappointed, would not buy again.",2022-08-05
3597,11128,367,4,Good value for money!,2024-11-03
3598,11129,1061,5,"Excellent product, highly recommend!",2024-05-29
3599,11129,1177,1,"Very disappointed, would not buy again.",2020-04-08
3600,11130,428,1,"Very disappointed, would not buy again.",2022-07-15
3601,11140,922,2,Not great quality.,2022-01-09
3602,11140,983,5,"Excellent product, highly recommend!",2023-11-01
3603,11140,1003,5,"Excellent product, highly recommend!",2024-12-21
3604,11142,1002,4,Good value for money!,2020-06-14
3605,11144,669,4,Good value for money!,2023-10-31
3606,11144,504,2,Not great quality.,2025-09-18
3607,11152,804,5,"Excellent product, highly recommend!",2022-11-28
3608,11152,74,5,"Excellent product, highly recommend!",2022-12-01
3609,11152,925,2,Not great quality.,2024-09-07
3610,11166,230,3,Okay overall.,2022-01-05
3611,11166,5,3,Okay overall.,2023-12-27
3612,11168,970,5,"Excellent product, highly recommend!",2025-05-31
3613,11168,372,5,"Excellent product, highly recommend!",2022-02-19
3614,11191,187,3,Okay overall.,2024-03-18
3615,11191,1172,5,"Excellent product, highly recommend!",2024-02-05
3616,11191,455,5,"Excellent product, highly recommend!",2022-10-25
3617,11194,805,5,"Excellent product, highly recommend!",2025-07-24
3618,11194,664,5,"Excellent product, highly recommend!",2022-05-28
3619,11202,894,4,Good value for money!,2022-10-20
3620,11205,1117,5,"Excellent product, highly recommend!",2024-01-07
3621,11205,730,4,Good value for money!,2020-02-29
3622,11207,845,2,Not great quality.,2023-01-30
3623,11207,563,5,"Excellent product, highly recommend!",2020-10-04
3624,11207,544,5,"Excellent product, highly recommend!",2021-03-02
3625,11207,840,4,Good value for money!,2022-05-01
3626,11216,861,1,"Very disappointed, would not buy again.",2024-11-19
3627,11216,520,3,Okay overall.,2021-02-11
3628,11217,365,5,"Excellent product, highly recommend!",2024-05-01
3629,11217,991,5,"Excellent product, highly recommend!",2022-02-21
3630,11217,665,5,"Excellent product, highly recommend!",2024-04-24
3631,11219,1048,3,Okay overall.,2023-12-29
3632,11219,196,4,Good value for money!,2022-09-20
3633,11220,1078,5,"Excellent product, highly recommend!",2023-09-15
3634,11220,1128,3,Okay overall.,2022-09-08
3635,11231,396,4,Good value for money!,2025-08-01
3636,11236,324,5,"Excellent product, highly recommend!",2024-02-14
3637,11236,338,5,"Excellent product, highly recommend!",2021-06-06
3638,11238,578,5,"Excellent product, highly recommend!",2020-09-28
3639,11243,511,3,Okay overall.,2021-09-09
3640,11244,637,5,"Excellent product, highly recommend!",2021-12-23
3641,11244,408,3,Okay overall.,2023-12-29
3642,11246,637,3,Okay overall.,2022-06-16
3643,11246,929,3,Okay overall.,2021-11-06
3644,11266,820,4,Good value for money!,2025-04-02
3645,11269,405,3,Okay overall.,2024-06-27
3646,11274,881,5,"Excellent product, highly recommend!",2025-09-27
3647,11276,425,5,"Excellent product, highly recommend!",2024-10-21
3648,11276,438,3,Okay overall.,2024-04-04
3649,11276,1140,4,Good value for money!,2022-05-11
3650,11276,913,4,Good value for money!,2022-01-19
3651,11290,1042,2,Not great quality.,2020-01-05
3652,11290,891,3,Okay overall.,2022-04-11
3653,11290,884,5,"Excellent product, highly recommend!",2025-04-16
3654,11290,948,5,"Excellent product, highly recommend!",2022-08-26
3655,11303,1158,4,Good value for money!,2022-07-15
3656,11303,1070,5,"Excellent product, highly recommend!",2025-04-26
3657,11306,1020,4,Good value for money!,2021-12-14
3658,11310,328,4,Good value for money!,2020-02-12
3659,11313,476,5,"Excellent product, highly recommend!",2022-09-10
3660,11313,1181,3,Okay overall.,2020-04-17
3661,11313,667,5,"Excellent product, highly recommend!",2021-04-19
3662,11313,1173,4,Good value for money!,2020-08-16
3663,11320,1184,4,Good value for money!,2021-08-10
3664,11322,715,1,"Very disappointed, would not buy again.",2024-09-08
3665,11329,377,4,Good value for money!,2021-08-23
3666,11333,684,5,"Excellent product, highly recommend!",2023-12-11
3667,11343,794,4,Good value for money!,2022-04-23
3668,11343,390,3,Okay overall.,2022-11-24
3669,11349,1056,5,"Excellent product, highly recommend!",2020-01-29
3670,11350,1142,4,Good value for money!,2023-12-29
3671,11350,938,5,"Excellent product, highly recommend!",2024-03-16
3672,11358,100,4,Good value for money!,2025-08-08
3673,11358,65,5,"Excellent product, highly recommend!",2020-06-26
3674,11370,1039,4,Good value for money!,2023-02-08
3675,11370,999,5,"Excellent product, highly recommend!",2021-04-06
3676,11371,363,5,"Excellent product, highly recommend!",2020-06-19
3677,11371,536,3,Okay overall.,2022-09-09
3678,11371,312,5,"Excellent product, highly recommend!",2023-09-20
3679,11373,416,4,Good value for money!,2022-07-23
3680,11373,510,4,Good value for money!,2020-02-15
3681,11373,343,3,Okay overall.,2020-03-15
3682,11373,557,4,Good value for money!,2021-05-18
3683,11379,292,4,Good value for money!,2022-09-02
3684,11379,233,1,"Very disappointed, would not buy again.",2022-02-23
3685,11380,1047,5,"Excellent product, highly recommend!",2020-12-17
3686,11381,890,3,Okay overall.,2024-07-06
3687,11389,168,4,Good value for money!,2024-03-28
3688,11399,1107,5,"Excellent product, highly recommend!",2021-12-20
3689,11399,178,5,"Excellent product, highly recommend!",2020-04-28
3690,11402,949,5,"Excellent product, highly recommend!",2025-05-18
3691,11408,219,3,Okay overall.,2022-04-14
3692,11409,471,3,Okay overall.,2024-06-05
3693,11412,366,5,"Excellent product, highly recommend!",2021-01-08
3694,11433,836,3,Okay overall.,2020-08-22
3695,11436,471,4,Good value for money!,2024-03-17
3696,11441,1014,5,"Excellent product, highly recommend!",2022-07-29
3697,11449,173,5,"Excellent product, highly recommend!",2025-10-26
3698,11452,1102,5,"Excellent product, highly recommend!",2024-01-08
3699,11457,442,4,Good value for money!,2021-11-30
3700,11457,486,3,Okay overall.,2020-12-24
3701,11457,485,2,Not great quality.,2024-02-03
3702,11457,653,5,"Excellent product, highly recommend!",2025-06-07
3703,11458,1141,5,"Excellent product, highly recommend!",2020-04-07
3704,11460,612,4,Good value for money!,2023-06-19
3705,11460,886,5,"Excellent product, highly recommend!",2025-06-17
3706,11462,140,5,"Excellent product, highly recommend!",2023-11-24
3707,11467,372,5,"Excellent product, highly recommend!",2022-09-12
3708,11467,215,5,"Excellent product, highly recommend!",2024-10-08
3709,11467,265,4,Good value for money!,2023-03-28
3710,11468,893,2,Not great quality.,2020-07-03
3711,11475,241,5,"Excellent product, highly recommend!",2020-03-01
3712,11485,1177,5,"Excellent product, highly recommend!",2025-10-31
3713,11485,525,4,Good value for money!,2020-10-20
3714,11485,265,4,Good value for money!,2024-05-10
3715,11485,480,5,"Excellent product, highly recommend!",2020-05-01
3716,11491,172,4,Good value for money!,2022-10-26
3717,11496,65,4,Good value for money!,2020-08-07
3718,11512,555,3,Okay overall.,2023-02-14
3719,11513,103,3,Okay overall.,2023-06-29
3720,11520,1132,4,Good value for money!,2022-12-26
3721,11522,1039,5,"Excellent product, highly recommend!",2023-08-13
3722,11523,1022,2,Not great quality.,2024-09-26
3723,11524,374,5,"Excellent product, highly recommend!",2023-04-09
3724,11524,1057,4,Good value for money!,2024-05-21
3725,11524,731,4,Good value for money!,2023-12-30
3726,11528,1151,2,Not great quality.,2023-03-23
3727,11528,976,3,Okay overall.,2024-03-19
3728,11530,836,5,"Excellent product, highly recommend!",2022-11-07
3729,11532,10,2,Not great quality.,2023-09-08
3730,11538,684,5,"Excellent product, highly recommend!",2024-07-28
3731,11540,979,3,Okay overall.,2021-09-23
3732,11540,1036,3,Okay overall.,2024-04-06
3733,11544,632,5,"Excellent product, highly recommend!",2022-09-13
3734,11546,1177,3,Okay overall.,2021-08-17
3735,11546,366,4,Good value for money!,2022-05-02
3736,11553,951,3,Okay overall.,2020-07-26
3737,11553,225,3,Okay overall.,2020-06-07
3738,11555,529,4,Good value for money!,2021-04-05
3739,11555,1142,2,Not great quality.,2020-05-03
3740,11555,947,3,Okay overall.,2024-03-05
3741,11559,1131,5,"Excellent product, highly recommend!",2022-03-18
3742,11564,792,4,Good value for money!,2023-11-16
3743,11564,344,4,Good value for money!,2021-04-04
3744,11564,268,5,"Excellent product, highly recommend!",2020-09-17
3745,11572,419,3,Okay overall.,2022-05-30
3746,11572,428,4,Good value for money!,2025-02-05
3747,11582,769,2,Not great quality.,2022-09-06
3748,11588,588,4,Good value for money!,2023-10-10
3749,11588,1068,5,"Excellent product, highly recommend!",2023-07-28
3750,11591,854,5,"Excellent product, highly recommend!",2023-11-30
3751,11603,344,5,"Excellent product, highly recommend!",2024-07-27
3752,11605,979,1,"Very disappointed, would not buy again.",2023-12-17
3753,11613,411,5,"Excellent product, highly recommend!",2025-05-12
3754,11618,444,3,Okay overall.,2024-03-27
3755,11618,504,5,"Excellent product, highly recommend!",2025-06-18
3756,11621,1075,3,Okay overall.,2025-08-31
3757,11621,476,4,Good value for money!,2020-08-19
3758,11621,909,5,"Excellent product, highly recommend!",2024-07-03
3759,11621,977,5,"Excellent product, highly recommend!",2023-09-16
3760,11628,824,5,"Excellent product, highly recommend!",2025-09-21
3761,11629,403,4,Good value for money!,2022-03-28
3762,11629,377,5,"Excellent product, highly recommend!",2021-04-27
3763,11630,1148,4,Good value for money!,2020-12-22
3764,11631,777,4,Good value for money!,2024-08-23
3765,11635,949,5,"Excellent product, highly recommend!",2024-06-26
3766,11635,23,5,"Excellent product, highly recommend!",2021-06-24
3767,11642,1098,5,"Excellent product, highly recommend!",2024-12-31
3768,11642,750,4,Good value for money!,2022-12-30
3769,11642,937,5,"Excellent product, highly recommend!",2023-06-06
3770,11663,308,5,"Excellent product, highly recommend!",2021-04-09
3771,11663,262,4,Good value for money!,2023-04-20
3772,11667,112,4,Good value for money!,2023-01-24
3773,11671,919,2,Not great quality.,2024-06-16
3774,11671,991,2,Not great quality.,2020-07-04
3775,11673,827,5,"Excellent product, highly recommend!",2020-10-30
3776,11675,311,3,Okay overall.,2020-05-09
3777,11675,1149,3,Okay overall.,2023-07-06
3778,11675,87,5,"Excellent product, highly recommend!",2022-03-06
3779,11675,1189,4,Good value for money!,2023-10-13
3780,11682,825,5,"Excellent product, highly recommend!",2020-03-07
3781,11695,944,5,"Excellent product, highly recommend!",2025-01-30
3782,11695,943,4,Good value for money!,2021-12-02
3783,11696,1029,4,Good value for money!,2022-04-20
3784,11697,394,4,Good value for money!,2020-06-06
3785,11698,1188,1,"Very disappointed, would not buy again.",2021-02-03
3786,11698,818,5,"Excellent product, highly recommend!",2023-03-25
3787,11698,161,5,"Excellent product, highly recommend!",2025-02-25
3788,11698,962,4,Good value for money!,2021-06-05
3789,11701,345,4,Good value for money!,2025-01-09
3790,11701,301,5,"Excellent product, highly recommend!",2024-07-06
3791,11718,1020,4,Good value for money!,2021-11-22
3792,11719,1053,4,Good value for money!,2021-01-30
3793,11721,983,3,Okay overall.,2021-06-10
3794,11727,793,1,"Very disappointed, would not buy again.",2021-12-23
3795,11734,416,4,Good value for money!,2020-06-01
3796,11734,123,3,Okay overall.,2022-02-25
3797,11734,411,4,Good value for money!,2020-12-12
3798,11742,678,3,Okay overall.,2020-06-05
3799,11742,24,4,Good value for money!,2023-03-10
3800,11743,1073,5,"Excellent product, highly recommend!",2024-09-12
3801,11744,378,3,Okay overall.,2023-01-15
3802,11744,769,5,"Excellent product, highly recommend!",2020-07-10
3803,11761,988,4,Good value for money!,2021-11-01
3804,11762,410,5,"Excellent product, highly recommend!",2025-08-08
3805,11763,788,4,Good value for money!,2022-02-28
3806,11763,718,5,"Excellent product, highly recommend!",2020-03-26
3807,11763,1033,4,Good value for money!,2021-09-27
3808,11765,275,3,Okay overall.,2024-01-07
3809,11765,231,4,Good value for money!,2022-01-16
3810,11768,379,1,"Very disappointed, would not buy again.",2020-11-26
3811,11770,199,5,"Excellent product, highly recommend!",2021-08-06
3812,11770,232,5,"Excellent product, highly recommend!",2020-10-12
3813,11776,103,4,Good value for money!,2021-01-22
3814,11776,494,4,Good value for money!,2023-11-23
3815,11776,1043,5,"Excellent product, highly recommend!",2024-08-14
3816,11777,483,5,"Excellent product, highly recommend!",2021-09-20
3817,11777,10,3,Okay overall.,2025-02-20
3818,11782,877,5,"Excellent product, highly recommend!",2022-01-06
3819,11782,862,3,Okay overall.,2025-10-04
3820,11785,1013,4,Good value for money!,2022-01-18
3821,11785,1178,3,Okay overall.,2021-12-31
3822,11796,819,5,"Excellent product, highly recommend!",2022-02-15
3823,11796,215,5,"Excellent product, highly recommend!",2022-11-20
3824,11796,405,3,Okay overall.,2023-12-26
3825,11804,263,4,Good value for money!,2024-04-15
3826,11809,799,5,"Excellent product, highly recommend!",2022-05-07
3827,11822,72,5,"Excellent product, highly recommend!",2023-04-18
3828,11826,599,5,"Excellent product, highly recommend!",2024-09-07
3829,11826,870,5,"Excellent product, highly recommend!",2023-07-24
3830,11830,928,3,Okay overall.,2020-06-08
3831,11830,1180,5,"Excellent product, highly recommend!",2022-09-29
3832,11838,1122,5,"Excellent product, highly recommend!",2021-03-09
3833,11840,342,4,Good value for money!,2021-09-16
3834,11840,164,4,Good value for money!,2024-10-25
3835,11840,175,4,Good value for money!,2023-07-07
3836,11841,1168,4,Good value for money!,2022-03-25
3837,11857,391,4,Good value for money!,2021-08-27
3838,11874,845,5,"Excellent product, highly recommend!",2020-11-11
3839,11874,492,3,Okay overall.,2024-09-29
3840,11885,482,5,"Excellent product, highly recommend!",2021-02-25
3841,11886,581,4,Good value for money!,2021-01-05
3842,11886,620,2,Not great quality.,2020-10-16
3843,11887,205,3,Okay overall.,2022-01-02
3844,11887,179,4,Good value for money!,2022-04-04
3845,11893,987,1,"Very disappointed, would not buy again.",2022-04-30
3846,11894,504,5,"Excellent product, highly recommend!",2024-12-17
3847,11894,438,2,Not great quality.,2023-07-20
3848,11894,504,5,"Excellent product, highly recommend!",2025-04-12
3849,11897,847,4,Good value for money!,2025-08-17
3850,11906,397,4,Good value for money!,2025-09-26
3851,11916,824,5,"Excellent product, highly recommend!",2021-03-18
3852,11916,459,5,"Excellent product, highly recommend!",2023-06-25
3853,11918,10,4,Good value for money!,2025-10-28
3854,11919,389,3,Okay overall.,2022-11-12
3855,11921,659,3,Okay overall.,2022-01-15
3856,11921,455,4,Good value for money!,2024-01-24
3857,11926,484,4,Good value for money!,2021-08-04
3858,11926,494,4,Good value for money!,2023-04-03
3859,11932,894,4,Good value for money!,2020-04-26
3860,11936,948,4,Good value for money!,2025-10-25
3861,11937,679,3,Okay overall.,2022-09-19
3862,11937,913,1,"Very disappointed, would not buy again.",2022-08-28
3863,11956,705,5,"Excellent product, highly recommend!",2022-06-29
3864,11956,678,5,"Excellent product, highly recommend!",2024-09-18
3865,11956,829,1,"Very disappointed, would not buy again.",2024-06-17
3866,11960,93,5,"Excellent product, highly recommend!",2023-08-24
3867,11965,672,5,"Excellent product, highly recommend!",2023-05-24
3868,11965,424,5,"Excellent product, highly recommend!",2022-01-05
3869,11969,62,4,Good value for money!,2021-09-03
3870,11972,447,4,Good value for money!,2024-03-15
3871,11979,873,5,"Excellent product, highly recommend!",2022-06-11
3872,11989,1064,2,Not great quality.,2024-01-06
3873,11990,917,3,Okay overall.,2022-10-07
3874,11990,1009,4,Good value for money!,2020-10-31
3875,11995,1050,3,Okay overall.,2020-09-16
3876,11995,1177,2,Not great quality.,2024-04-09
3877,11996,700,4,Good value for money!,2022-07-06
3878,11996,864,1,"Very disappointed, would not buy again.",2025-04-27
3879,11999,780,3,Okay overall.,2022-10-25
3880,11999,434,3,Okay overall.,2023-09-09
3881,11999,1021,4,Good value for money!,2024-04-05
3882,12011,946,4,Good value for money!,2024-04-10
3883,12013,924,4,Good value for money!,2023-02-09
3884,12013,187,4,Good value for money!,2022-12-17
3885,12026,696,1,"Very disappointed, would not buy again.",2022-03-29
3886,12028,38,2,Not great quality.,2021-06-11
3887,12031,223,5,"Excellent product, highly recommend!",2023-01-19
3888,12037,961,5,"Excellent product, highly recommend!",2025-05-19
3889,12037,888,2,Not great quality.,2025-01-06
3890,12037,908,3,Okay overall.,2024-11-23
3891,12037,1006,3,Okay overall.,2023-01-06
3892,12037,1028,4,Good value for money!,2024-02-03
3893,12039,412,4,Good value for money!,2020-10-02
3894,12043,719,3,Okay overall.,2020-04-18
3895,12044,77,4,Good value for money!,2020-03-03
3896,12044,23,3,Okay overall.,2021-12-20
3897,12048,1093,2,Not great quality.,2022-02-03
3898,12048,1048,5,"Excellent product, highly recommend!",2024-05-06
3899,12048,1191,5,"Excellent product, highly recommend!",2023-01-01
3900,12050,1023,3,Okay overall.,2022-01-24
3901,12050,972,5,"Excellent product, highly recommend!",2022-10-19
3902,12067,513,5,"Excellent product, highly recommend!",2021-07-15
3903,12071,1052,5,"Excellent product, highly recommend!",2021-04-20
3904,12073,412,4,Good value for money!,2021-04-18
3905,12073,406,4,Good value for money!,2022-06-24
3906,12073,851,5,"Excellent product, highly recommend!",2023-07-09
3907,12074,758,3,Okay overall.,2020-01-31
3908,12074,835,5,"Excellent product, highly recommend!",2021-02-19
3909,12074,1065,3,Okay overall.,2025-02-28
3910,12079,654,4,Good value for money!,2023-08-25
3911,12086,514,4,Good value for money!,2022-10-20
3912,12086,594,4,Good value for money!,2021-11-15
3913,12086,607,3,Okay overall.,2024-04-06
3914,12098,476,4,Good value for money!,2022-11-25
3915,12098,491,5,"Excellent product, highly recommend!",2024-11-29
3916,12098,324,3,Okay overall.,2024-09-24
3917,12099,824,4,Good value for money!,2021-10-16
3918,12112,583,5,"Excellent product, highly recommend!",2023-02-19
3919,12112,645,4,Good value for money!,2021-06-07
3920,12112,518,3,Okay overall.,2021-04-28
3921,12113,92,3,Okay overall.,2023-11-16
3922,12113,1072,4,Good value for money!,2023-08-03
3923,12117,625,3,Okay overall.,2020-08-14
3924,12119,965,5,"Excellent product, highly recommend!",2020-06-08
3925,12119,979,5,"Excellent product, highly recommend!",2024-02-09
3926,12122,446,4,Good value for money!,2022-11-21
3927,12122,670,4,Good value for money!,2023-11-20
3928,12130,1063,3,Okay overall.,2020-11-05
3929,12130,878,5,"Excellent product, highly recommend!",2023-03-04
3930,12130,1037,3,Okay overall.,2020-10-18
3931,12136,1039,5,"Excellent product, highly recommend!",2020-01-16
3932,12138,1153,5,"Excellent product, highly recommend!",2024-06-01
3933,12141,433,4,Good value for money!,2020-01-02
3934,12141,316,3,Okay overall.,2020-11-15
3935,12145,1092,5,"Excellent product, highly recommend!",2023-10-01
3936,12147,377,5,"Excellent product, highly recommend!",2023-12-04
3937,12147,423,3,Okay overall.,2023-04-02
3938,12149,951,4,Good value for money!,2020-03-16
3939,12149,1012,4,Good value for money!,2022-07-17
3940,12152,495,3,Okay overall.,2024-08-01
3941,12152,817,5,"Excellent product, highly recommend!",2025-08-02
3942,12152,1073,5,"Excellent product, highly recommend!",2020-11-23
3943,12159,250,5,"Excellent product, highly recommend!",2020-06-15
3944,12171,691,4,Good value for money!,2024-12-13
3945,12195,840,5,"Excellent product, highly recommend!",2020-08-18
3946,12195,532,5,"Excellent product, highly recommend!",2024-02-05
3947,12195,271,5,"Excellent product, highly recommend!",2020-11-20
3948,12203,6,2,Not great quality.,2022-11-10
3949,12203,928,5,"Excellent product, highly recommend!",2021-06-13
3950,12212,1027,3,Okay overall.,2021-04-02
3951,12212,563,3,Okay overall.,2025-06-26
3952,12212,343,4,Good value for money!,2021-11-03
3953,12212,376,5,"Excellent product, highly recommend!",2025-01-02
3954,12214,105,2,Not great quality.,2023-12-17
3955,12220,599,3,Okay overall.,2024-11-06
3956,12224,37,5,"Excellent product, highly recommend!",2025-05-03
3957,12224,979,5,"Excellent product, highly recommend!",2024-04-02
3958,12229,278,5,"Excellent product, highly recommend!",2024-07-21
3959,12230,1005,4,Good value for money!,2021-01-05
3960,12230,359,4,Good value for money!,2020-02-10
3961,12232,556,4,Good value for money!,2021-11-03
3962,12240,14,3,Okay overall.,2020-05-22
3963,12240,999,1,"Very disappointed, would not buy again.",2021-09-28
3964,12240,366,4,Good value for money!,2023-08-10
3965,12243,398,5,"Excellent product, highly recommend!",2022-08-24
3966,12243,498,5,"Excellent product, highly recommend!",2021-05-28
3967,12243,508,5,"Excellent product, highly recommend!",2020-11-16
3968,12251,45,4,Good value for money!,2022-07-01
3969,12251,521,4,Good value for money!,2023-08-06
3970,12252,1113,3,Okay overall.,2020-08-09
3971,12260,795,4,Good value for money!,2022-08-31
3972,12261,530,2,Not great quality.,2025-09-10
3973,12261,1179,1,"Very disappointed, would not buy again.",2024-08-07
3974,12263,915,5,"Excellent product, highly recommend!",2022-04-17
3975,12270,1057,4,Good value for money!,2024-05-11
3976,12285,1174,4,Good value for money!,2025-04-22
3977,12291,372,5,"Excellent product, highly recommend!",2023-03-18
3978,12291,443,5,"Excellent product, highly recommend!",2021-05-03
3979,12291,425,5,"Excellent product, highly recommend!",2020-04-10
3980,12300,882,4,Good value for money!,2024-02-06
3981,12300,1018,4,Good value for money!,2020-12-22
3982,12305,210,3,Okay overall.,2024-01-29
3983,12311,315,5,"Excellent product, highly recommend!",2024-12-03
3984,12313,289,4,Good value for money!,2024-08-18
3985,12313,210,5,"Excellent product, highly recommend!",2025-03-23
3986,12315,708,5,"Excellent product, highly recommend!",2023-08-20
3987,12323,874,5,"Excellent product, highly recommend!",2024-12-08
3988,12323,673,3,Okay overall.,2025-05-31
3989,12323,932,4,Good value for money!,2024-12-28
3990,12327,548,5,"Excellent product, highly recommend!",2022-06-26
3991,12327,1124,3,Okay overall.,2021-05-04
3992,12327,669,5,"Excellent product, highly recommend!",2024-09-12
3993,12333,791,4,Good value for money!,2020-09-02
3994,12333,824,5,"Excellent product, highly recommend!",2020-12-26
3995,12333,538,3,Okay overall.,2022-01-20
3996,12336,257,4,Good value for money!,2022-01-19
3997,12341,234,5,"Excellent product, highly recommend!",2022-07-08
3998,12341,313,4,Good value for money!,2022-08-31
3999,12344,248,4,Good value for money!,2024-08-15
4000,12344,582,5,"Excellent product, highly recommend!",2021-03-19
4001,12349,829,4,Good value for money!,2021-04-03
4002,12349,453,4,Good value for money!,2024-03-26
4003,12349,1083,4,Good value for money!,2021-06-16
4004,12349,783,4,Good value for money!,2025-01-06
4005,12349,268,4,Good value for money!,2023-06-01
4006,12349,958,4,Good value for money!,2022-03-28
4007,12371,1145,4,Good value for money!,2022-11-12
4008,12371,206,2,Not great quality.,2020-05-27
4009,12381,249,5,"Excellent product, highly recommend!",2025-02-04
4010,12389,918,4,Good value for money!,2021-07-04
4011,12393,1014,4,Good value for money!,2023-04-12
4012,12393,687,3,Okay overall.,2022-01-28
4013,12401,628,5,"Excellent product, highly recommend!",2023-08-05
4014,12401,572,5,"Excellent product, highly recommend!",2024-07-20
4015,12405,952,3,Okay overall.,2021-05-07
4016,12411,1009,1,"Very disappointed, would not buy again.",2025-10-13
4017,12411,583,5,"Excellent product, highly recommend!",2025-10-30
4018,12419,1179,1,"Very disappointed, would not buy again.",2023-05-02
4019,12422,1033,4,Good value for money!,2022-10-12
4020,12426,439,4,Good value for money!,2024-03-10
4021,12432,5,5,"Excellent product, highly recommend!",2022-08-07
4022,12437,1087,5,"Excellent product, highly recommend!",2022-02-24
4023,12444,762,5,"Excellent product, highly recommend!",2021-01-22
4024,12444,563,4,Good value for money!,2020-12-01
4025,12445,818,4,Good value for money!,2023-05-13
4026,12446,793,2,Not great quality.,2025-10-26
4027,12446,848,4,Good value for money!,2021-05-21
4028,12460,1001,5,"Excellent product, highly recommend!",2021-08-21
4029,12460,998,2,Not great quality.,2024-12-14
4030,12467,365,5,"Excellent product, highly recommend!",2023-08-03
4031,12467,882,4,Good value for money!,2020-12-13
4032,12468,881,3,Okay overall.,2020-05-20
4033,12468,14,5,"Excellent product, highly recommend!",2021-01-25
4034,12468,374,3,Okay overall.,2021-06-21
4035,12471,94,2,Not great quality.,2022-03-12
4036,12476,297,4,Good value for money!,2023-08-26
4037,12483,832,3,Okay overall.,2024-02-01
4038,12490,618,1,"Very disappointed, would not buy again.",2020-08-12
4039,12490,37,4,Good value for money!,2025-01-13
4040,12492,1061,4,Good value for money!,2020-09-06
4041,12493,1180,3,Okay overall.,2024-08-09
4042,12493,1155,4,Good value for money!,2025-03-17
4043,12493,678,4,Good value for money!,2024-06-26
4044,12500,818,3,Okay overall.,2021-03-21
4045,12500,1079,4,Good value for money!,2022-10-27
4046,12500,784,3,Okay overall.,2022-07-25
4047,12505,769,4,Good value for money!,2020-09-09
4048,12510,1012,5,"Excellent product, highly recommend!",2021-11-06
4049,12510,223,4,Good value for money!,2021-06-21
4050,12513,711,4,Good value for money!,2022-07-04
4051,12523,876,4,Good value for money!,2020-06-06
4052,12523,1008,5,"Excellent product, highly recommend!",2024-02-04
4053,12536,1103,4,Good value for money!,2025-10-18
4054,12536,994,4,Good value for money!,2025-06-29
4055,12536,562,3,Okay overall.,2023-08-23
4056,12539,697,5,"Excellent product, highly recommend!",2022-05-23
4057,12539,633,1,"Very disappointed, would not buy again.",2021-05-08
4058,12539,511,3,Okay overall.,2021-04-04
4059,12545,361,4,Good value for money!,2024-12-29
4060,12571,1012,4,Good value for money!,2020-08-21
4061,12576,477,2,Not great quality.,2021-10-19
4062,12576,531,4,Good value for money!,2022-07-04
4063,12579,56,3,Okay overall.,2021-02-17
4064,12579,539,5,"Excellent product, highly recommend!",2024-10-26
4065,12582,911,5,"Excellent product, highly recommend!",2024-05-04
4066,12582,508,5,"Excellent product, highly recommend!",2020-07-05
4067,12585,755,5,"Excellent product, highly recommend!",2020-09-25
4068,12589,38,3,Okay overall.,2023-12-25
4069,12589,901,4,Good value for money!,2021-04-04
4070,12593,1043,4,Good value for money!,2020-11-24
4071,12596,305,4,Good value for money!,2021-07-25
4072,12601,1196,4,Good value for money!,2025-10-29
4073,12601,809,4,Good value for money!,2020-11-06
4074,12608,313,5,"Excellent product, highly recommend!",2023-06-02
4075,12608,1164,4,Good value for money!,2020-08-15
4076,12608,265,4,Good value for money!,2021-01-05
4077,12610,364,4,Good value for money!,2020-12-02
4078,12610,520,4,Good value for money!,2020-07-19
4079,12610,886,4,Good value for money!,2020-04-14
4080,12610,1164,3,Okay overall.,2025-03-14
4081,12613,90,4,Good value for money!,2023-09-08
4082,12615,1019,4,Good value for money!,2024-12-15
4083,12615,68,4,Good value for money!,2022-08-01
4084,12617,556,4,Good value for money!,2025-06-03
4085,12626,449,3,Okay overall.,2020-08-04
4086,12626,383,4,Good value for money!,2025-06-07
4087,12629,1017,5,"Excellent product, highly recommend!",2024-04-18
4088,12629,897,5,"Excellent product, highly recommend!",2024-04-18
4089,12629,894,3,Okay overall.,2022-01-19
4090,12636,275,4,Good value for money!,2025-05-04
4091,12638,879,5,"Excellent product, highly recommend!",2020-04-08
4092,12641,944,4,Good value for money!,2024-08-13
4093,12644,929,5,"Excellent product, highly recommend!",2025-08-16
4094,12644,231,3,Okay overall.,2024-01-02
4095,12656,1155,4,Good value for money!,2020-07-09
4096,12660,740,5,"Excellent product, highly recommend!",2025-03-24
4097,12670,496,4,Good value for money!,2020-11-21
4098,12678,830,2,Not great quality.,2022-05-01
4099,12684,903,5,"Excellent product, highly recommend!",2024-06-10
4100,12689,1061,5,"Excellent product, highly recommend!",2022-05-02
4101,12689,1148,4,Good value for money!,2021-10-19
4102,12690,381,4,Good value for money!,2023-04-12
4103,12690,892,4,Good value for money!,2024-01-19
4104,12690,410,4,Good value for money!,2021-07-07
4105,12698,868,3,Okay overall.,2025-01-16
4106,12699,755,5,"Excellent product, highly recommend!",2021-01-14
4107,12700,1169,5,"Excellent product, highly recommend!",2024-05-19
4108,12705,557,5,"Excellent product, highly recommend!",2022-09-02
4109,12710,323,4,Good value for money!,2025-05-29
4110,12717,1073,2,Not great quality.,2021-10-20
4111,12717,991,4,Good value for money!,2021-02-18
4112,12720,904,4,Good value for money!,2022-11-08
4113,12720,929,3,Okay overall.,2020-08-31
4114,12720,1017,4,Good value for money!,2024-07-17
4115,12723,115,2,Not great quality.,2023-05-09
4116,12723,744,5,"Excellent product, highly recommend!",2021-06-10
4117,12723,1187,5,"Excellent product, highly recommend!",2020-05-13
4118,12731,335,1,"Very disappointed, would not buy again.",2020-05-28
4119,12735,705,3,Okay overall.,2022-01-03
4120,12735,657,4,Good value for money!,2025-10-05
4121,12743,219,4,Good value for money!,2025-03-15
4122,12744,879,4,Good value for money!,2022-07-14
4123,12744,20,4,Good value for money!,2023-02-04
4124,12745,95,5,"Excellent product, highly recommend!",2024-12-18
4125,12757,751,4,Good value for money!,2020-09-20
4126,12769,903,4,Good value for money!,2020-11-08
4127,12788,475,3,Okay overall.,2023-10-26
4128,12793,156,4,Good value for money!,2024-05-29
4129,12793,45,3,Okay overall.,2020-12-21
4130,12800,355,5,"Excellent product, highly recommend!",2025-05-03
4131,12804,446,5,"Excellent product, highly recommend!",2024-12-13
4132,12805,707,5,"Excellent product, highly recommend!",2022-01-29
4133,12806,987,4,Good value for money!,2025-07-01
4134,12825,1106,3,Okay overall.,2022-11-10
4135,12825,1033,5,"Excellent product, highly recommend!",2020-10-18
4136,12826,368,4,Good value for money!,2023-10-02
4137,12827,330,3,Okay overall.,2021-12-12
4138,12845,626,1,"Very disappointed, would not buy again.",2022-06-20
4139,12845,1044,3,Okay overall.,2024-12-27
4140,12847,281,5,"Excellent product, highly recommend!",2021-05-04
4141,12848,839,2,Not great quality.,2021-05-07
4142,12848,738,5,"Excellent product, highly recommend!",2024-01-01
4143,12855,930,2,Not great quality.,2023-01-09
4144,12862,1046,5,"Excellent product, highly recommend!",2025-06-24
4145,12862,386,5,"Excellent product, highly recommend!",2021-08-05
4146,12862,1101,5,"Excellent product, highly recommend!",2020-04-12
4147,12864,908,3,Okay overall.,2021-09-24
4148,12868,707,4,Good value for money!,2024-03-24
4149,12868,1106,5,"Excellent product, highly recommend!",2023-07-24
4150,12901,142,5,"Excellent product, highly recommend!",2024-10-19
4151,12901,884,4,Good value for money!,2021-08-16
4152,12901,138,4,Good value for money!,2020-11-17
4153,12902,890,5,"Excellent product, highly recommend!",2023-08-08
4154,12902,1021,5,"Excellent product, highly recommend!",2021-11-16
4155,12907,850,3,Okay overall.,2022-08-10
4156,12909,38,3,Okay overall.,2025-06-14
4157,12909,483,5,"Excellent product, highly recommend!",2020-07-21
4158,12912,665,2,Not great quality.,2024-06-19
4159,12912,677,1,"Very disappointed, would not buy again.",2023-05-22
4160,12913,563,5,"Excellent product, highly recommend!",2025-06-17
4161,12913,559,5,"Excellent product, highly recommend!",2022-08-31
4162,12913,670,1,"Very disappointed, would not buy again.",2022-07-02
4163,12914,620,5,"Excellent product, highly recommend!",2023-12-05
4164,12914,517,4,Good value for money!,2020-04-27
4165,12914,679,2,Not great quality.,2021-01-15
4166,12914,555,5,"Excellent product, highly recommend!",2025-08-31
4167,12915,423,4,Good value for money!,2025-04-07
4168,12919,220,3,Okay overall.,2025-02-25
4169,12920,842,5,"Excellent product, highly recommend!",2020-05-12
4170,12920,897,4,Good value for money!,2023-02-07
4171,12924,36,4,Good value for money!,2021-09-29
4172,12928,301,3,Okay overall.,2023-12-07
4173,12929,387,2,Not great quality.,2022-06-26
4174,12929,753,3,Okay overall.,2022-12-10
4175,12929,602,3,Okay overall.,2021-11-02
4176,12934,1087,4,Good value for money!,2023-12-30
4177,12934,741,4,Good value for money!,2023-05-12
4178,12934,208,1,"Very disappointed, would not buy again.",2022-07-27
4179,12934,778,5,"Excellent product, highly recommend!",2024-12-16
4180,12941,312,4,Good value for money!,2024-06-24
4181,12941,941,5,"Excellent product, highly recommend!",2020-07-31
4182,12952,53,5,"Excellent product, highly recommend!",2023-08-22
4183,12953,1080,4,Good value for money!,2025-01-24
4184,12953,1121,5,"Excellent product, highly recommend!",2021-12-20
4185,12957,932,3,Okay overall.,2020-01-31
4186,12957,1009,4,Good value for money!,2024-09-23
4187,12966,1039,5,"Excellent product, highly recommend!",2020-03-09
4188,12966,369,5,"Excellent product, highly recommend!",2025-05-18
4189,12970,612,4,Good value for money!,2023-04-23
4190,12970,673,5,"Excellent product, highly recommend!",2020-05-30
4191,12970,114,5,"Excellent product, highly recommend!",2024-07-16
4192,12975,969,4,Good value for money!,2023-01-02
4193,12979,377,5,"Excellent product, highly recommend!",2021-01-11
4194,12979,1150,5,"Excellent product, highly recommend!",2024-06-06
4195,12983,761,5,"Excellent product, highly recommend!",2022-10-24
4196,12983,1061,2,Not great quality.,2021-12-28
4197,12985,449,1,"Very disappointed, would not buy again.",2021-04-10
4198,12985,891,4,Good value for money!,2023-01-19
4199,12994,229,4,Good value for money!,2021-03-17
4200,12995,1160,4,Good value for money!,2022-04-12
4201,12997,452,3,Okay overall.,2022-03-10
4202,12999,49,4,Good value for money!,2024-08-21
4203,13001,703,4,Good value for money!,2021-05-19
4204,13001,805,5,"Excellent product, highly recommend!",2023-01-13
4205,13001,908,5,"Excellent product, highly recommend!",2023-07-30
4206,13005,859,4,Good value for money!,2025-09-13
4207,13021,1159,5,"Excellent product, highly recommend!",2020-11-14
4208,13023,727,5,"Excellent product, highly recommend!",2025-04-01
4209,13023,384,3,Okay overall.,2023-02-26
4210,13027,1186,4,Good value for money!,2023-07-02
4211,13027,1066,5,"Excellent product, highly recommend!",2020-11-27
4212,13033,1146,4,Good value for money!,2023-06-28
4213,13033,266,4,Good value for money!,2022-02-11
4214,13036,965,5,"Excellent product, highly recommend!",2025-03-06
4215,13036,1157,4,Good value for money!,2022-05-31
4216,13036,944,5,"Excellent product, highly recommend!",2021-12-01
4217,13040,976,3,Okay overall.,2023-06-21
4218,13041,238,5,"Excellent product, highly recommend!",2020-05-13
4219,13041,513,5,"Excellent product, highly recommend!",2025-08-13
4220,13041,1184,5,"Excellent product, highly recommend!",2020-05-12
4221,13046,548,5,"Excellent product, highly recommend!",2023-03-31
4222,13056,625,4,Good value for money!,2021-01-17
4223,13056,372,5,"Excellent product, highly recommend!",2024-12-25
4224,13060,275,5,"Excellent product, highly recommend!",2024-04-19
4225,13066,665,3,Okay overall.,2021-12-18
4226,13069,1075,3,Okay overall.,2021-03-16
4227,13069,1127,3,Okay overall.,2025-03-19
4228,13078,611,4,Good value for money!,2023-08-28
4229,13078,659,3,Okay overall.,2020-06-04
4230,13079,494,4,Good value for money!,2021-10-27
4231,13080,668,5,"Excellent product, highly recommend!",2020-05-15
4232,13087,741,3,Okay overall.,2024-03-04
4233,13087,873,5,"Excellent product, highly recommend!",2024-01-02
4234,13092,894,4,Good value for money!,2020-05-03
4235,13094,1076,4,Good value for money!,2021-10-17
4236,13104,710,3,Okay overall.,2024-08-31
4237,13104,852,5,"Excellent product, highly recommend!",2021-12-25
4238,13104,846,3,Okay overall.,2023-10-30
4239,13104,793,1,"Very disappointed, would not buy again.",2025-03-15
4240,13107,544,1,"Very disappointed, would not buy again.",2025-08-18
4241,13107,1010,5,"Excellent product, highly recommend!",2020-03-14
4242,13109,206,3,Okay overall.,2020-10-08
4243,13109,1183,5,"Excellent product, highly recommend!",2022-07-22
4244,13115,874,4,Good value for money!,2021-09-14
4245,13115,1002,4,Good value for money!,2023-03-22
4246,13118,769,5,"Excellent product, highly recommend!",2022-10-30
4247,13121,447,2,Not great quality.,2022-07-12
4248,13121,1181,1,"Very disappointed, would not buy again.",2024-07-21
4249,13140,1144,5,"Excellent product, highly recommend!",2023-12-13
4250,13148,825,3,Okay overall.,2025-10-20
4251,13163,242,5,"Excellent product, highly recommend!",2022-02-04
4252,13170,662,4,Good value for money!,2025-08-26
4253,13170,677,5,"Excellent product, highly recommend!",2025-04-14
4254,13173,306,5,"Excellent product, highly recommend!",2023-04-08
4255,13174,1013,1,"Very disappointed, would not buy again.",2021-07-04
4256,13175,804,3,Okay overall.,2025-10-21
4257,13177,249,3,Okay overall.,2023-05-17
4258,13177,931,4,Good value for money!,2025-10-29
4259,13179,442,4,Good value for money!,2023-03-09
4260,13179,1133,4,Good value for money!,2021-10-27
4261,13179,1194,3,Okay overall.,2024-06-03
4262,13201,107,5,"Excellent product, highly recommend!",2020-06-10
4263,13205,260,5,"Excellent product, highly recommend!",2020-02-13
4264,13212,725,2,Not great quality.,2025-08-12
4265,13212,456,5,"Excellent product, highly recommend!",2023-10-27
4266,13212,335,5,"Excellent product, highly recommend!",2025-10-15
4267,13212,446,5,"Excellent product, highly recommend!",2025-04-15
4268,13213,190,3,Okay overall.,2020-04-19
4269,13213,402,5,"Excellent product, highly recommend!",2020-07-07
4270,13213,1181,2,Not great quality.,2024-01-19
4271,13214,913,4,Good value for money!,2025-08-18
4272,13214,446,4,Good value for money!,2024-10-14
4273,13214,820,5,"Excellent product, highly recommend!",2022-12-04
4274,13229,1174,5,"Excellent product, highly recommend!",2025-05-11
4275,13229,1047,4,Good value for money!,2024-02-29
4276,13229,1090,5,"Excellent product, highly recommend!",2020-03-31
4277,13229,995,4,Good value for money!,2021-04-14
4278,13232,281,2,Not great quality.,2023-07-28
4279,13234,711,5,"Excellent product, highly recommend!",2020-09-25
4280,13234,762,5,"Excellent product, highly recommend!",2021-11-25
4281,13277,555,2,Not great quality.,2021-05-19
4282,13277,434,4,Good value for money!,2023-09-04
4283,13277,1009,5,"Excellent product, highly recommend!",2021-03-13
4284,13283,1016,2,Not great quality.,2023-08-25
4285,13286,372,1,"Very disappointed, would not buy again.",2025-07-09
4286,13286,1017,5,"Excellent product, highly recommend!",2022-08-16
4287,13286,1018,3,Okay overall.,2020-10-25
4288,13286,859,5,"Excellent product, highly recommend!",2021-05-25
4289,13300,1022,5,"Excellent product, highly recommend!",2025-02-11
4290,13309,136,3,Okay overall.,2023-10-21
4291,13309,755,5,"Excellent product, highly recommend!",2023-05-10
4292,13309,128,4,Good value for money!,2024-10-25
4293,13324,883,2,Not great quality.,2025-05-10
4294,13329,892,5,"Excellent product, highly recommend!",2021-06-17
4295,13333,193,4,Good value for money!,2025-08-15
4296,13337,1014,4,Good value for money!,2023-11-18
4297,13337,753,2,Not great quality.,2020-09-04
4298,13338,864,1,"Very disappointed, would not buy again.",2020-06-05
4299,13338,284,4,Good value for money!,2025-01-12
4300,13342,362,3,Okay overall.,2020-09-04
4301,13347,1142,3,Okay overall.,2025-07-03
4302,13347,1050,1,"Very disappointed, would not buy again.",2024-07-19
4303,13356,228,2,Not great quality.,2020-02-16
4304,13360,9,4,Good value for money!,2025-07-30
4305,13360,472,4,Good value for money!,2021-08-17
4306,13365,567,5,"Excellent product, highly recommend!",2020-03-16
4307,13365,1121,1,"Very disappointed, would not buy again.",2020-05-05
4308,13367,300,5,"Excellent product, highly recommend!",2022-05-11
4309,13367,394,5,"Excellent product, highly recommend!",2020-03-07
4310,13369,1186,2,Not great quality.,2023-09-06
4311,13369,1167,5,"Excellent product, highly recommend!",2025-04-19
4312,13372,85,5,"Excellent product, highly recommend!",2024-07-12
4313,13374,119,1,"Very disappointed, would not buy again.",2024-01-07
4314,13378,741,4,Good value for money!,2024-05-26
4315,13378,118,3,Okay overall.,2025-10-22
4316,13378,636,3,Okay overall.,2024-08-04
4317,13378,87,5,"Excellent product, highly recommend!",2024-11-05
4318,13382,180,4,Good value for money!,2022-06-07
4319,13382,881,4,Good value for money!,2023-01-03
4320,13383,1188,5,"Excellent product, highly recommend!",2022-04-12
4321,13384,934,3,Okay overall.,2021-03-26
4322,13384,1009,3,Okay overall.,2022-12-11
4323,13385,792,3,Okay overall.,2021-12-27
4324,13385,1033,3,Okay overall.,2023-07-07
4325,13385,1073,5,"Excellent product, highly recommend!",2021-01-12
4326,13386,359,4,Good value for money!,2021-02-16
4327,13394,65,3,Okay overall.,2020-11-11
4328,13400,859,2,Not great quality.,2022-03-07
4329,13400,324,4,Good value for money!,2021-11-12
4330,13400,260,2,Not great quality.,2020-04-23
4331,13400,597,3,Okay overall.,2020-11-04
4332,13413,874,4,Good value for money!,2020-07-03
4333,13415,1121,4,Good value for money!,2023-03-22
4334,13418,591,4,Good value for money!,2023-03-14
4335,13418,1159,5,"Excellent product, highly recommend!",2021-04-06
4336,13420,742,3,Okay overall.,2024-07-21
4337,13420,899,5,"Excellent product, highly recommend!",2022-05-27
4338,13425,1029,4,Good value for money!,2022-01-09
4339,13425,485,4,Good value for money!,2020-06-24
4340,13436,196,4,Good value for money!,2020-05-08
4341,13440,261,3,Okay overall.,2024-09-29
4342,13441,623,4,Good value for money!,2023-04-12
4343,13445,236,4,Good value for money!,2023-10-17
4344,13452,1127,4,Good value for money!,2024-08-28
4345,13455,450,5,"Excellent product, highly recommend!",2021-06-24
4346,13456,533,5,"Excellent product, highly recommend!",2024-10-03
4347,13456,1097,3,Okay overall.,2025-04-26
4348,13456,877,3,Okay overall.,2022-10-04
4349,13457,909,5,"Excellent product, highly recommend!",2021-12-13
4350,13460,407,4,Good value for money!,2025-07-09
4351,13460,493,5,"Excellent product, highly recommend!",2025-03-24
4352,13468,862,4,Good value for money!,2022-07-27
4353,13468,259,1,"Very disappointed, would not buy again.",2024-08-25
4354,13468,434,4,Good value for money!,2025-05-23
4355,13468,882,5,"Excellent product, highly recommend!",2023-12-09
4356,13473,966,4,Good value for money!,2020-07-07
4357,13473,485,4,Good value for money!,2021-12-21
4358,13478,394,4,Good value for money!,2023-06-19
4359,13506,668,5,"Excellent product, highly recommend!",2025-10-13
4360,13506,1069,5,"Excellent product, highly recommend!",2024-01-06
4361,13506,501,2,Not great quality.,2023-11-01
4362,13506,669,3,Okay overall.,2022-07-09
4363,13508,315,5,"Excellent product, highly recommend!",2022-11-26
4364,13508,1016,3,Okay overall.,2024-02-18
4365,13511,609,5,"Excellent product, highly recommend!",2022-11-12
4366,13511,406,5,"Excellent product, highly recommend!",2024-03-02
4367,13521,906,5,"Excellent product, highly recommend!",2020-11-14
4368,13521,916,5,"Excellent product, highly recommend!",2024-06-04
4369,13521,298,4,Good value for money!,2025-03-13
4370,13522,1177,5,"Excellent product, highly recommend!",2023-11-17
4371,13525,1077,4,Good value for money!,2024-05-06
4372,13541,10,4,Good value for money!,2023-03-14
4373,13552,286,5,"Excellent product, highly recommend!",2021-11-30
4374,13558,709,5,"Excellent product, highly recommend!",2022-03-18
4375,13558,823,5,"Excellent product, highly recommend!",2022-09-20
4376,13558,701,4,Good value for money!,2023-12-02
4377,13559,686,2,Not great quality.,2021-03-05
4378,13559,739,4,Good value for money!,2021-04-04
4379,13561,176,3,Okay overall.,2020-12-11
4380,13561,959,2,Not great quality.,2021-11-06
4381,13561,984,5,"Excellent product, highly recommend!",2024-12-26
4382,13570,700,4,Good value for money!,2020-06-06
4383,13575,947,3,Okay overall.,2025-04-21
4384,13587,893,5,"Excellent product, highly recommend!",2020-01-02
4385,13587,779,4,Good value for money!,2022-04-01
4386,13595,816,4,Good value for money!,2023-11-06
4387,13608,206,5,"Excellent product, highly recommend!",2022-12-03
4388,13616,138,4,Good value for money!,2021-01-13
4389,13617,1032,5,"Excellent product, highly recommend!",2024-02-05
4390,13617,806,3,Okay overall.,2020-09-27
4391,13621,741,4,Good value for money!,2023-05-30
4392,13621,393,4,Good value for money!,2023-04-06
4393,13627,691,3,Okay overall.,2023-02-03
4394,13627,763,5,"Excellent product, highly recommend!",2025-03-15
4395,13627,1120,4,Good value for money!,2025-10-06
4396,13650,1049,4,Good value for money!,2023-11-04
4397,13656,886,5,"Excellent product, highly recommend!",2020-05-15
4398,13657,244,5,"Excellent product, highly recommend!",2022-11-25
4399,13657,1114,5,"Excellent product, highly recommend!",2021-08-20
4400,13657,1059,4,Good value for money!,2022-12-08
4401,13668,424,4,Good value for money!,2024-11-20
4402,13668,387,4,Good value for money!,2024-03-10
4403,13688,805,5,"Excellent product, highly recommend!",2025-10-25
4404,13689,170,4,Good value for money!,2021-03-16
4405,13706,270,4,Good value for money!,2020-02-01
4406,13706,453,4,Good value for money!,2024-11-23
4407,13706,1176,5,"Excellent product, highly recommend!",2021-02-24
4408,13706,216,4,Good value for money!,2025-05-02
4409,13708,748,3,Okay overall.,2024-11-27
4410,13711,986,5,"Excellent product, highly recommend!",2023-12-03
4411,13712,412,3,Okay overall.,2022-12-07
4412,13715,532,3,Okay overall.,2024-06-13
4413,13715,501,5,"Excellent product, highly recommend!",2024-02-28
4414,13720,391,5,"Excellent product, highly recommend!",2025-07-22
4415,13726,1170,5,"Excellent product, highly recommend!",2021-05-07
4416,13730,938,5,"Excellent product, highly recommend!",2020-03-12
4417,13731,731,4,Good value for money!,2024-06-30
4418,13732,943,4,Good value for money!,2020-03-03
4419,13735,9,4,Good value for money!,2020-01-28
4420,13737,951,2,Not great quality.,2024-08-29
4421,13738,1184,4,Good value for money!,2024-12-07
4422,13744,1104,4,Good value for money!,2022-09-14
4423,13747,1112,5,"Excellent product, highly recommend!",2022-08-11
4424,13747,889,3,Okay overall.,2020-11-12
4425,13749,709,4,Good value for money!,2023-07-08
4426,13749,515,5,"Excellent product, highly recommend!",2020-01-20
4427,13749,1151,5,"Excellent product, highly recommend!",2025-03-25
4428,13755,1143,4,Good value for money!,2021-04-27
4429,13764,297,4,Good value for money!,2022-11-22
4430,13771,1106,4,Good value for money!,2022-12-12
4431,13777,1051,4,Good value for money!,2020-04-17
4432,13777,1170,4,Good value for money!,2025-10-06
4433,13778,364,5,"Excellent product, highly recommend!",2025-05-30
4434,13782,919,4,Good value for money!,2024-02-02
4435,13782,500,4,Good value for money!,2023-02-05
4436,13786,972,4,Good value for money!,2025-02-13
4437,13786,174,3,Okay overall.,2021-04-28
4438,13795,1169,4,Good value for money!,2024-05-24
4439,13796,1060,4,Good value for money!,2020-07-27
4440,13796,1153,4,Good value for money!,2025-10-09
4441,13796,991,3,Okay overall.,2021-03-22
4442,13796,465,5,"Excellent product, highly recommend!",2025-08-24
4443,13801,467,5,"Excellent product, highly recommend!",2020-07-27
4444,13809,669,5,"Excellent product, highly recommend!",2022-02-20
4445,13817,964,3,Okay overall.,2024-01-28
4446,13820,473,2,Not great quality.,2025-07-27
4447,13824,868,4,Good value for money!,2023-12-28
4448,13825,472,5,"Excellent product, highly recommend!",2023-01-23
4449,13841,1153,3,Okay overall.,2024-04-24
4450,13848,478,5,"Excellent product, highly recommend!",2025-09-21
4451,13848,344,5,"Excellent product, highly recommend!",2021-02-09
4452,13848,369,5,"Excellent product, highly recommend!",2020-05-14
4453,13855,497,3,Okay overall.,2021-10-18
4454,13855,885,2,Not great quality.,2025-10-12
4455,13859,172,3,Okay overall.,2025-03-16
4456,13868,884,4,Good value for money!,2024-04-21
4457,13876,957,4,Good value for money!,2022-03-16
4458,13880,390,5,"Excellent product, highly recommend!",2022-02-17
4459,13880,382,1,"Very disappointed, would not buy again.",2025-07-15
4460,13884,581,5,"Excellent product, highly recommend!",2020-02-27
4461,13894,643,1,"Very disappointed, would not buy again.",2024-10-22
4462,13894,1148,5,"Excellent product, highly recommend!",2023-06-28
4463,13894,669,5,"Excellent product, highly recommend!",2021-08-21
4464,13896,657,4,Good value for money!,2021-10-04
4465,13896,366,5,"Excellent product, highly recommend!",2025-10-24
4466,13903,417,5,"Excellent product, highly recommend!",2021-03-03
4467,13904,939,3,Okay overall.,2023-10-21
4468,13905,1093,4,Good value for money!,2023-11-23
4469,13907,786,4,Good value for money!,2025-08-09
4470,13907,714,5,"Excellent product, highly recommend!",2021-01-14
4471,13911,449,5,"Excellent product, highly recommend!",2023-09-19
4472,13911,403,5,"Excellent product, highly recommend!",2025-10-26
4473,13912,805,5,"Excellent product, highly recommend!",2025-03-19
4474,13913,462,2,Not great quality.,2022-02-14
4475,13914,885,2,Not great quality.,2023-06-23
4476,13914,673,5,"Excellent product, highly recommend!",2025-06-05
4477,13919,156,4,Good value for money!,2025-05-13
4478,13923,391,5,"Excellent product, highly recommend!",2020-11-06
4479,13937,505,5,"Excellent product, highly recommend!",2024-09-29
4480,13937,404,5,"Excellent product, highly recommend!",2023-02-02
4481,13937,292,4,Good value for money!,2023-12-05
4482,13948,501,4,Good value for money!,2022-01-05
4483,13949,355,5,"Excellent product, highly recommend!",2022-09-06
4484,13949,451,5,"Excellent product, highly recommend!",2024-02-11
4485,13949,862,5,"Excellent product, highly recommend!",2024-04-09
4486,13966,303,3,Okay overall.,2024-06-22
4487,13970,360,4,Good value for money!,2023-07-16
4488,13982,451,5,"Excellent product, highly recommend!",2020-09-17
4489,13982,125,1,"Very disappointed, would not buy again.",2022-08-13
4490,13998,961,5,"Excellent product, highly recommend!",2022-04-05
4491,13998,599,3,Okay overall.,2025-08-18
4492,14001,438,2,Not great quality.,2023-03-11
4493,14003,1137,4,Good value for money!,2020-11-30
4494,14005,51,5,"Excellent product, highly recommend!",2023-02-27
4495,14005,14,5,"Excellent product, highly recommend!",2021-08-08
4496,14010,979,5,"Excellent product, highly recommend!",2024-11-29
4497,14011,359,2,Not great quality.,2024-11-08
4498,14011,250,4,Good value for money!,2022-10-16
4499,14011,1004,4,Good value for money!,2025-04-18
4500,14016,914,3,Okay overall.,2021-08-25
4501,14016,910,3,Okay overall.,2023-04-17
4502,14036,879,5,"Excellent product, highly recommend!",2025-01-28
4503,14041,401,4,Good value for money!,2024-11-22
4504,14041,365,3,Okay overall.,2025-02-01
4505,14042,647,5,"Excellent product, highly recommend!",2025-01-23
4506,14042,375,3,Okay overall.,2020-04-24
4507,14051,440,4,Good value for money!,2024-11-12
4508,14051,449,4,Good value for money!,2020-02-15
4509,14064,374,5,"Excellent product, highly recommend!",2023-09-12
4510,14064,309,5,"Excellent product, highly recommend!",2020-12-22
4511,14079,768,5,"Excellent product, highly recommend!",2025-10-22
4512,14079,818,1,"Very disappointed, would not buy again.",2022-03-16
4513,14090,1031,4,Good value for money!,2020-09-17
4514,14094,390,4,Good value for money!,2021-04-09
4515,14094,325,5,"Excellent product, highly recommend!",2023-02-18
4516,14098,928,2,Not great quality.,2023-09-24
4517,14100,632,1,"Very disappointed, would not buy again.",2025-08-05
4518,14100,414,5,"Excellent product, highly recommend!",2023-09-29
4519,14102,534,2,Not great quality.,2020-11-01
4520,14102,740,5,"Excellent product, highly recommend!",2023-11-02
4521,14102,1095,4,Good value for money!,2023-09-03
4522,14122,1101,3,Okay overall.,2021-02-17
4523,14122,446,4,Good value for money!,2021-03-16
4524,14122,1086,2,Not great quality.,2021-06-14
4525,14126,94,2,Not great quality.,2020-10-16
4526,14128,932,5,"Excellent product, highly recommend!",2025-07-24
4527,14132,281,3,Okay overall.,2021-11-18
4528,14134,951,5,"Excellent product, highly recommend!",2023-10-11
4529,14134,1021,5,"Excellent product, highly recommend!",2024-06-14
4530,14140,429,5,"Excellent product, highly recommend!",2023-10-11
4531,14143,216,4,Good value for money!,2021-02-24
4532,14143,493,3,Okay overall.,2023-01-04
4533,14143,1150,4,Good value for money!,2025-09-27
4534,14143,1025,4,Good value for money!,2023-01-08
4535,14144,1029,4,Good value for money!,2020-11-24
4536,14144,1012,4,Good value for money!,2021-11-11
4537,14145,967,5,"Excellent product, highly recommend!",2023-08-23
4538,14152,732,4,Good value for money!,2024-09-29
4539,14155,269,4,Good value for money!,2023-10-10
4540,14164,555,4,Good value for money!,2024-10-16
4541,14164,478,4,Good value for money!,2021-03-25
4542,14164,945,3,Okay overall.,2021-09-09
4543,14168,1127,3,Okay overall.,2022-08-03
4544,14168,802,5,"Excellent product, highly recommend!",2024-02-13
4545,14168,909,3,Okay overall.,2023-03-20
4546,14168,303,4,Good value for money!,2022-03-12
4547,14170,429,5,"Excellent product, highly recommend!",2022-03-29
4548,14170,964,5,"Excellent product, highly recommend!",2025-10-24
4549,14170,1037,5,"Excellent product, highly recommend!",2022-02-12
4550,14176,979,5,"Excellent product, highly recommend!",2025-03-25
4551,14177,424,5,"Excellent product, highly recommend!",2022-08-24
4552,14181,21,5,"Excellent product, highly recommend!",2024-02-10
4553,14181,555,3,Okay overall.,2021-10-11
4554,14181,65,3,Okay overall.,2025-07-22
4555,14181,5,4,Good value for money!,2022-05-19
4556,14192,661,3,Okay overall.,2020-11-25
4557,14192,462,5,"Excellent product, highly recommend!",2023-05-08
4558,14195,900,5,"Excellent product, highly recommend!",2025-02-22
4559,14199,373,5,"Excellent product, highly recommend!",2020-04-05
4560,14199,1022,5,"Excellent product, highly recommend!",2021-04-10
4561,14204,753,3,Okay overall.,2020-08-20
4562,14204,1159,5,"Excellent product, highly recommend!",2020-01-03
4563,14213,13,4,Good value for money!,2024-05-15
4564,14217,958,4,Good value for money!,2021-04-08
4565,14222,638,5,"Excellent product, highly recommend!",2020-11-04
4566,14222,121,3,Okay overall.,2024-09-03
4567,14222,849,5,"Excellent product, highly recommend!",2021-02-01
4568,14222,95,4,Good value for money!,2020-03-15
4569,14241,744,5,"Excellent product, highly recommend!",2023-03-06
4570,14241,492,5,"Excellent product, highly recommend!",2025-01-18
4571,14241,753,3,Okay overall.,2022-11-09
4572,14243,975,4,Good value for money!,2021-06-26
4573,14253,735,5,"Excellent product, highly recommend!",2024-01-20
4574,14262,970,5,"Excellent product, highly recommend!",2025-04-17
4575,14262,1026,2,Not great quality.,2020-02-28
4576,14268,474,5,"Excellent product, highly recommend!",2022-05-29
4577,14271,1195,3,Okay overall.,2024-03-12
4578,14286,624,2,Not great quality.,2023-02-25
4579,14300,593,3,Okay overall.,2020-07-30
4580,14302,633,4,Good value for money!,2020-04-08
4581,14303,451,3,Okay overall.,2020-06-01
4582,14303,473,5,"Excellent product, highly recommend!",2022-09-04
4583,14303,471,3,Okay overall.,2021-05-01
4584,14306,1117,5,"Excellent product, highly recommend!",2021-10-24
4585,14306,601,3,Okay overall.,2024-04-17
4586,14311,838,4,Good value for money!,2021-12-26
4587,14318,964,4,Good value for money!,2024-11-02
4588,14320,324,5,"Excellent product, highly recommend!",2022-01-13
4589,14323,682,3,Okay overall.,2022-05-04
4590,14325,431,4,Good value for money!,2024-12-16
4591,14327,1116,4,Good value for money!,2020-09-21
4592,14327,1179,4,Good value for money!,2020-04-24
4593,14331,806,5,"Excellent product, highly recommend!",2021-03-06
4594,14331,305,3,Okay overall.,2023-04-01
4595,14332,537,4,Good value for money!,2021-09-18
4596,14332,664,4,Good value for money!,2025-03-30
4597,14335,719,5,"Excellent product, highly recommend!",2024-11-13
4598,14335,1014,3,Okay overall.,2025-03-10
4599,14337,372,5,"Excellent product, highly recommend!",2025-03-24
4600,14338,891,1,"Very disappointed, would not buy again.",2024-07-22
4601,14343,327,5,"Excellent product, highly recommend!",2022-03-31
4602,14347,142,4,Good value for money!,2022-11-26
4603,14359,988,4,Good value for money!,2025-09-27
4604,14367,1116,4,Good value for money!,2021-04-30
4605,14367,84,4,Good value for money!,2021-11-07
4606,14367,705,4,Good value for money!,2023-10-13
4607,14378,563,4,Good value for money!,2025-06-15
4608,14378,680,5,"Excellent product, highly recommend!",2025-05-15
4609,14383,275,4,Good value for money!,2021-01-18
4610,14399,1135,4,Good value for money!,2021-03-22
4611,14408,710,2,Not great quality.,2021-08-22
4612,14415,1155,1,"Very disappointed, would not buy again.",2024-02-14
4613,14417,949,5,"Excellent product, highly recommend!",2022-03-29
4614,14417,861,5,"Excellent product, highly recommend!",2022-01-07
4615,14441,40,4,Good value for money!,2021-09-23
4616,14441,24,1,"Very disappointed, would not buy again.",2025-04-28
4617,14443,592,3,Okay overall.,2025-06-29
4618,14443,636,5,"Excellent product, highly recommend!",2021-10-11
4619,14444,989,4,Good value for money!,2020-06-03
4620,14445,1049,4,Good value for money!,2025-08-29
4621,14453,107,4,Good value for money!,2022-09-14
4622,14453,88,3,Okay overall.,2023-12-17
4623,14455,684,4,Good value for money!,2024-06-13
4624,14490,792,3,Okay overall.,2024-04-28
4625,14493,215,2,Not great quality.,2024-02-07
4626,14498,369,1,"Very disappointed, would not buy again.",2024-03-10
4627,14498,263,5,"Excellent product, highly recommend!",2021-11-02
4628,14501,873,5,"Excellent product, highly recommend!",2021-03-14
4629,14501,922,5,"Excellent product, highly recommend!",2022-07-28
4630,14511,507,4,Good value for money!,2021-06-22
4631,14535,973,2,Not great quality.,2023-12-15
4632,14539,1194,4,Good value for money!,2021-12-15
4633,14540,821,5,"Excellent product, highly recommend!",2023-12-18
4634,14555,483,4,Good value for money!,2024-10-22
4635,14555,725,4,Good value for money!,2020-05-30
4636,14559,1011,5,"Excellent product, highly recommend!",2022-09-09
4637,14559,442,3,Okay overall.,2023-06-14
4638,14568,445,3,Okay overall.,2022-02-03
4639,14569,356,3,Okay overall.,2020-01-01
4640,14571,987,4,Good value for money!,2020-08-15
4641,14584,436,5,"Excellent product, highly recommend!",2020-06-23
4642,14584,437,5,"Excellent product, highly recommend!",2023-05-25
4643,14585,248,4,Good value for money!,2023-06-15
4644,14585,278,4,Good value for money!,2022-10-16
4645,14589,240,3,Okay overall.,2022-04-22
4646,14589,447,5,"Excellent product, highly recommend!",2021-07-23
4647,14592,986,4,Good value for money!,2023-10-11
4648,14594,101,2,Not great quality.,2020-12-23
4649,14594,157,4,Good value for money!,2024-10-19
4650,14596,501,5,"Excellent product, highly recommend!",2022-12-07
4651,14596,885,4,Good value for money!,2020-07-12
4652,14597,98,4,Good value for money!,2023-02-19
4653,14597,1125,1,"Very disappointed, would not buy again.",2021-01-14
4654,14605,1148,5,"Excellent product, highly recommend!",2025-02-25
4655,14612,1011,4,Good value for money!,2023-08-23
4656,14612,1096,5,"Excellent product, highly recommend!",2024-11-30
4657,14614,986,4,Good value for money!,2024-06-28
4658,14615,348,3,Okay overall.,2023-06-30
4659,14616,785,5,"Excellent product, highly recommend!",2023-12-22
4660,14616,1124,3,Okay overall.,2023-05-24
4661,14623,366,3,Okay overall.,2023-10-03
4662,14630,424,4,Good value for money!,2023-07-16
4663,14630,607,4,Good value for money!,2022-01-09
4664,14632,390,3,Okay overall.,2021-06-26
4665,14638,479,5,"Excellent product, highly recommend!",2025-02-02
4666,14638,453,4,Good value for money!,2021-06-25
4667,14644,891,2,Not great quality.,2025-04-26
4668,14662,307,5,"Excellent product, highly recommend!",2021-09-14
4669,14662,24,5,"Excellent product, highly recommend!",2023-03-22
4670,14664,875,4,Good value for money!,2022-09-05
4671,14664,1078,2,Not great quality.,2022-05-31
4672,14664,563,3,Okay overall.,2020-11-25
4673,14664,173,5,"Excellent product, highly recommend!",2020-01-11
4674,14678,759,5,"Excellent product, highly recommend!",2023-10-30
4675,14678,1094,3,Okay overall.,2023-01-05
4676,14680,922,5,"Excellent product, highly recommend!",2020-12-25
4677,14682,228,5,"Excellent product, highly recommend!",2024-09-04
4678,14683,872,4,Good value for money!,2020-04-15
4679,14683,426,4,Good value for money!,2022-03-26
4680,14683,517,5,"Excellent product, highly recommend!",2022-05-17
4681,14689,1103,2,Not great quality.,2025-03-14
4682,14694,348,4,Good value for money!,2023-01-17
4683,14694,950,3,Okay overall.,2025-04-08
4684,14705,233,5,"Excellent product, highly recommend!",2020-06-08
4685,14705,462,4,Good value for money!,2024-07-06
4686,14705,1136,4,Good value for money!,2021-09-10
4687,14710,748,2,Not great quality.,2020-01-09
4688,14736,1064,5,"Excellent product, highly recommend!",2023-05-01
4689,14736,1171,5,"Excellent product, highly recommend!",2024-03-04
4690,14736,941,4,Good value for money!,2023-09-02
4691,14736,1106,4,Good value for money!,2024-02-10
4692,14738,1093,5,"Excellent product, highly recommend!",2023-03-02
4693,14738,921,4,Good value for money!,2023-01-19
4694,14741,147,3,Okay overall.,2022-01-06
4695,14743,840,3,Okay overall.,2023-05-25
4696,14743,183,4,Good value for money!,2021-09-02
4697,14744,330,4,Good value for money!,2023-04-21
4698,14748,528,4,Good value for money!,2020-11-23
4699,14753,955,4,Good value for money!,2025-03-29
4700,14754,1100,4,Good value for money!,2025-01-31
4701,14754,937,5,"Excellent product, highly recommend!",2024-11-17
4702,14756,1060,5,"Excellent product, highly recommend!",2020-05-25
4703,14756,483,4,Good value for money!,2023-12-07
4704,14769,1161,4,Good value for money!,2022-12-08
4705,14773,592,4,Good value for money!,2021-02-15
4706,14778,526,2,Not great quality.,2020-02-10
4707,14778,682,4,Good value for money!,2021-10-13
4708,14781,896,5,"Excellent product, highly recommend!",2024-05-15
4709,14781,715,3,Okay overall.,2022-10-01
4710,14782,772,4,Good value for money!,2023-09-17
4711,14782,123,5,"Excellent product, highly recommend!",2020-12-03
4712,14789,1173,1,"Very disappointed, would not buy again.",2020-09-14
4713,14790,725,4,Good value for money!,2021-10-03
4714,14801,381,3,Okay overall.,2022-03-27
4715,14801,481,5,"Excellent product, highly recommend!",2020-11-12
4716,14803,1192,5,"Excellent product, highly recommend!",2021-09-08
4717,14803,661,5,"Excellent product, highly recommend!",2021-06-01
4718,14804,529,5,"Excellent product, highly recommend!",2023-05-27
4719,14807,1063,3,Okay overall.,2023-12-04
4720,14807,1075,5,"Excellent product, highly recommend!",2020-04-22
4721,14812,1195,4,Good value for money!,2020-05-04
4722,14817,1135,4,Good value for money!,2024-08-06
4723,14817,265,4,Good value for money!,2023-02-14
4724,14817,1028,4,Good value for money!,2024-01-21
4725,14829,1117,4,Good value for money!,2020-07-27
4726,14829,101,3,Okay overall.,2022-05-30
4727,14829,1144,1,"Very disappointed, would not buy again.",2021-01-09
4728,14841,696,5,"Excellent product, highly recommend!",2025-06-14
4729,14841,487,5,"Excellent product, highly recommend!",2023-10-14
4730,14841,668,4,Good value for money!,2024-06-15
4731,14853,896,2,Not great quality.,2023-08-05
4732,14853,819,5,"Excellent product, highly recommend!",2022-03-27
4733,14853,1088,5,"Excellent product, highly recommend!",2022-05-22
4734,14854,1104,2,Not great quality.,2025-04-03
4735,14858,348,4,Good value for money!,2021-03-08
4736,14865,1098,1,"Very disappointed, would not buy again.",2023-07-08
4737,14865,850,5,"Excellent product, highly recommend!",2023-09-04
4738,14882,1173,5,"Excellent product, highly recommend!",2021-05-04
4739,14884,846,4,Good value for money!,2020-04-15
4740,14886,889,3,Okay overall.,2023-10-04
4741,14886,960,5,"Excellent product, highly recommend!",2021-06-27
4742,14887,1126,5,"Excellent product, highly recommend!",2021-11-24
4743,14898,386,4,Good value for money!,2022-08-11
4744,14898,879,2,Not great quality.,2024-03-12
4745,14898,473,4,Good value for money!,2024-08-14
4746,14898,487,5,"Excellent product, highly recommend!",2023-02-05
4747,14899,1096,5,"Excellent product, highly recommend!",2024-08-15
4748,14899,402,5,"Excellent product, highly recommend!",2024-12-08
4749,14905,848,4,Good value for money!,2023-02-20
4750,14910,616,4,Good value for money!,2024-12-24
4751,14910,845,2,Not great quality.,2023-08-17
4752,14911,566,5,"Excellent product, highly recommend!",2023-09-09
4753,14911,531,3,Okay overall.,2020-07-19
4754,14919,479,4,Good value for money!,2023-01-18
4755,14919,1130,5,"Excellent product, highly recommend!",2022-04-19
4756,14919,669,4,Good value for money!,2025-09-06
4757,14919,776,4,Good value for money!,2020-05-02
4758,14919,933,4,Good value for money!,2025-04-23
4759,14936,661,1,"Very disappointed, would not buy again.",2023-03-08
4760,14940,38,5,"Excellent product, highly recommend!",2024-06-26
4761,14941,263,2,Not great quality.,2020-05-13
4762,14941,123,4,Good value for money!,2023-12-18
4763,14943,972,4,Good value for money!,2025-09-12
4764,14947,69,2,Not great quality.,2022-08-21
4765,14948,761,5,"Excellent product, highly recommend!",2025-02-17
4766,14949,1093,3,Okay overall.,2024-01-24
4767,14954,859,5,"Excellent product, highly recommend!",2023-09-28
4768,14958,727,3,Okay overall.,2023-04-06
4769,14958,433,3,Okay overall.,2020-01-04
4770,14959,742,4,Good value for money!,2024-04-18
4771,14960,711,5,"Excellent product, highly recommend!",2025-05-13
4772,14960,1176,1,"Very disappointed, would not buy again.",2023-12-08
4773,14963,927,5,"Excellent product, highly recommend!",2020-03-22
4774,14963,1098,4,Good value for money!,2020-08-11
4775,14967,857,5,"Excellent product, highly recommend!",2022-03-10
4776,14973,706,5,"Excellent product, highly recommend!",2020-05-24
4777,14974,713,4,Good value for money!,2020-06-26
4778,14974,1125,4,Good value for money!,2024-05-28
4779,14974,857,4,Good value for money!,2024-01-01
4780,14981,971,3,Okay overall.,2024-02-26
4781,14988,1138,4,Good value for money!,2025-07-07
4782,14992,183,4,Good value for money!,2020-05-21
4783,14992,231,4,Good value for money!,2023-04-21
4784,15001,1151,1,"Very disappointed, would not buy again.",2022-08-28
4785,15006,1119,5,"Excellent product, highly recommend!",2025-10-28
4786,15006,448,3,Okay overall.,2025-07-05
4787,15006,263,5,"Excellent product, highly recommend!",2024-05-09
4788,15007,425,4,Good value for money!,2025-02-17
4789,15008,805,3,Okay overall.,2023-03-15
4790,15013,769,5,"Excellent product, highly recommend!",2024-08-15
4791,15029,461,5,"Excellent product, highly recommend!",2020-07-16
4792,15033,933,4,Good value for money!,2022-10-30
4793,15041,403,5,"Excellent product, highly recommend!",2023-12-15
4794,15041,714,4,Good value for money!,2023-11-03
4795,15042,481,5,"Excellent product, highly recommend!",2021-06-11
4796,15042,709,5,"Excellent product, highly recommend!",2023-07-10
4797,15042,1116,2,Not great quality.,2020-07-19
4798,15042,782,4,Good value for money!,2025-10-18
4799,15045,734,5,"Excellent product, highly recommend!",2020-12-28
4800,15045,698,4,Good value for money!,2023-08-23
4801,15053,977,4,Good value for money!,2022-06-07
4802,15053,1153,5,"Excellent product, highly recommend!",2024-06-13
4803,15065,1036,4,Good value for money!,2020-10-02
4804,15066,217,2,Not great quality.,2022-08-12
4805,15067,388,3,Okay overall.,2023-06-23
4806,15070,314,4,Good value for money!,2021-05-03
4807,15073,509,4,Good value for money!,2021-11-08
4808,15073,418,4,Good value for money!,2020-02-13
4809,15076,233,5,"Excellent product, highly recommend!",2022-07-29
4810,15082,1166,4,Good value for money!,2022-02-10
4811,15082,854,3,Okay overall.,2022-06-21
4812,15093,901,5,"Excellent product, highly recommend!",2024-01-15
4813,15093,947,2,Not great quality.,2022-01-03
4814,15094,864,5,"Excellent product, highly recommend!",2024-05-14
4815,15095,318,5,"Excellent product, highly recommend!",2023-08-14
4816,15096,870,3,Okay overall.,2020-06-27
4817,15096,869,2,Not great quality.,2021-03-27
4818,15100,189,4,Good value for money!,2024-02-29
4819,15103,914,4,Good value for money!,2021-08-19
4820,15110,716,4,Good value for money!,2022-02-07
4821,15124,871,4,Good value for money!,2021-03-04
4822,15137,470,5,"Excellent product, highly recommend!",2024-07-24
4823,15146,846,5,"Excellent product, highly recommend!",2024-05-20
4824,15158,306,5,"Excellent product, highly recommend!",2021-09-03
4825,15159,291,5,"Excellent product, highly recommend!",2023-06-04
4826,15159,231,4,Good value for money!,2020-08-28
4827,15159,196,4,Good value for money!,2022-12-23
4828,15165,919,4,Good value for money!,2023-08-07
4829,15171,1112,5,"Excellent product, highly recommend!",2025-08-05
4830,15171,981,5,"Excellent product, highly recommend!",2022-02-09
4831,15171,1136,4,Good value for money!,2022-03-06
4832,15172,676,5,"Excellent product, highly recommend!",2021-12-29
4833,15172,1081,3,Okay overall.,2024-08-29
4834,15172,248,2,Not great quality.,2024-12-20
4835,15181,1010,5,"Excellent product, highly recommend!",2021-08-07
4836,15191,497,1,"Very disappointed, would not buy again.",2022-07-24
4837,15193,1138,3,Okay overall.,2024-10-01
4838,15196,707,5,"Excellent product, highly recommend!",2024-05-19
4839,15202,849,3,Okay overall.,2020-05-01
4840,15202,796,5,"Excellent product, highly recommend!",2021-05-01
4841,15207,36,2,Not great quality.,2021-12-19
4842,15222,1158,2,Not great quality.,2022-08-15
4843,15229,996,5,"Excellent product, highly recommend!",2020-09-05
4844,15230,1083,5,"Excellent product, highly recommend!",2024-11-14
4845,15232,1071,2,Not great quality.,2023-11-09
4846,15232,822,3,Okay overall.,2023-10-31
4847,15234,245,3,Okay overall.,2021-07-02
4848,15234,231,4,Good value for money!,2020-01-20
4849,15241,624,4,Good value for money!,2025-04-27
4850,15242,622,4,Good value for money!,2024-09-12
4851,15245,1133,5,"Excellent product, highly recommend!",2023-09-05
4852,15245,1070,5,"Excellent product, highly recommend!",2025-03-15
4853,15245,1091,5,"Excellent product, highly recommend!",2021-11-12
4854,15245,1006,5,"Excellent product, highly recommend!",2020-09-01
4855,15249,974,4,Good value for money!,2025-04-11
4856,15249,251,5,"Excellent product, highly recommend!",2023-01-03
4857,15250,894,1,"Very disappointed, would not buy again.",2021-09-29
4858,15250,1014,5,"Excellent product, highly recommend!",2020-11-19
4859,15255,751,5,"Excellent product, highly recommend!",2024-12-10
4860,15255,751,1,"Very disappointed, would not buy again.",2020-02-29
4861,15255,588,3,Okay overall.,2024-08-20
4862,15263,735,3,Okay overall.,2023-08-30
4863,15266,361,4,Good value for money!,2023-05-29
4864,15267,602,5,"Excellent product, highly recommend!",2021-06-10
4865,15287,1151,5,"Excellent product, highly recommend!",2025-01-17
4866,15294,537,3,Okay overall.,2020-01-22
4867,15308,969,1,"Very disappointed, would not buy again.",2023-09-09
4868,15310,296,3,Okay overall.,2022-08-01
4869,15330,1146,3,Okay overall.,2022-07-16
4870,15330,1071,1,"Very disappointed, would not buy again.",2024-12-28
4871,15334,53,5,"Excellent product, highly recommend!",2023-05-21
4872,15334,36,3,Okay overall.,2022-11-20
4873,15349,1093,5,"Excellent product, highly recommend!",2023-10-16
4874,15349,1049,4,Good value for money!,2024-01-09
4875,15353,329,4,Good value for money!,2023-04-17
4876,15353,478,5,"Excellent product, highly recommend!",2022-05-22
4877,15353,510,5,"Excellent product, highly recommend!",2023-11-18
4878,15356,282,4,Good value for money!,2020-11-22
4879,15360,864,3,Okay overall.,2022-06-29
4880,15360,1004,5,"Excellent product, highly recommend!",2020-04-29
4881,15363,686,3,Okay overall.,2024-10-08
4882,15363,852,5,"Excellent product, highly recommend!",2024-04-14
4883,15367,376,1,"Very disappointed, would not buy again.",2025-07-24
4884,15367,351,2,Not great quality.,2025-09-17
4885,15367,487,2,Not great quality.,2020-11-30
4886,15371,452,5,"Excellent product, highly recommend!",2025-03-25
4887,15372,423,5,"Excellent product, highly recommend!",2022-11-16
4888,15372,498,2,Not great quality.,2025-07-11
4889,15373,114,5,"Excellent product, highly recommend!",2025-08-27
4890,15377,897,4,Good value for money!,2023-06-21
4891,15379,1029,5,"Excellent product, highly recommend!",2024-10-18
4892,15384,1188,1,"Very disappointed, would not buy again.",2022-11-25
4893,15386,1012,4,Good value for money!,2023-09-08
4894,15386,1105,4,Good value for money!,2023-07-16
4895,15386,839,3,Okay overall.,2022-02-07
4896,15386,1140,2,Not great quality.,2024-11-03
4897,15389,979,4,Good value for money!,2025-08-23
4898,15389,215,5,"Excellent product, highly recommend!",2023-04-03
4899,15392,1113,5,"Excellent product, highly recommend!",2023-06-27
4900,15397,1109,5,"Excellent product, highly recommend!",2025-05-21
4901,15398,637,2,Not great quality.,2021-12-01
4902,15399,927,4,Good value for money!,2022-03-28
4903,15399,53,5,"Excellent product, highly recommend!",2023-08-27
4904,15402,696,4,Good value for money!,2022-01-10
4905,15402,689,3,Okay overall.,2024-08-06
4906,15404,994,4,Good value for money!,2021-10-14
4907,15406,748,5,"Excellent product, highly recommend!",2023-11-20
4908,15406,944,5,"Excellent product, highly recommend!",2024-10-30
4909,15412,973,5,"Excellent product, highly recommend!",2024-04-08
4910,15412,517,3,Okay overall.,2022-11-25
4911,15412,959,4,Good value for money!,2020-12-27
4912,15422,1106,4,Good value for money!,2020-10-20
4913,15422,988,4,Good value for money!,2025-03-12
4914,15426,335,4,Good value for money!,2021-12-27
4915,15426,286,5,"Excellent product, highly recommend!",2020-09-25
4916,15429,938,5,"Excellent product, highly recommend!",2024-01-16
4917,15430,880,5,"Excellent product, highly recommend!",2025-04-07
4918,15430,993,4,Good value for money!,2021-03-17
4919,15436,1043,5,"Excellent product, highly recommend!",2025-09-11
4920,15449,1159,5,"Excellent product, highly recommend!",2021-02-09
4921,15450,1011,3,Okay overall.,2022-11-12
4922,15450,1179,4,Good value for money!,2021-04-21
4923,15450,366,5,"Excellent product, highly recommend!",2022-06-11
4924,15455,334,5,"Excellent product, highly recommend!",2020-04-05
4925,15465,548,4,Good value for money!,2023-12-02
4926,15465,1018,4,Good value for money!,2020-08-17
4927,15475,993,5,"Excellent product, highly recommend!",2025-06-03
4928,15484,1097,4,Good value for money!,2020-06-15
4929,15485,65,5,"Excellent product, highly recommend!",2025-07-29
4930,15489,338,1,"Very disappointed, would not buy again.",2023-07-05
4931,15494,1070,5,"Excellent product, highly recommend!",2023-08-31
4932,15499,236,3,Okay overall.,2022-10-21
4933,15499,273,3,Okay overall.,2020-04-12
4934,15500,251,5,"Excellent product, highly recommend!",2020-05-02
4935,15503,871,5,"Excellent product, highly recommend!",2022-05-23
4936,15503,834,4,Good value for money!,2020-12-07
4937,15503,795,5,"Excellent product, highly recommend!",2024-08-10
4938,15503,725,1,"Very disappointed, would not buy again.",2024-06-14
4939,15505,74,5,"Excellent product, highly recommend!",2020-10-07
4940,15505,95,4,Good value for money!,2021-03-22
4941,15513,461,4,Good value for money!,2021-06-27
4942,15522,358,5,"Excellent product, highly recommend!",2023-08-19
4943,15530,1069,4,Good value for money!,2022-07-25
4944,15530,987,5,"Excellent product, highly recommend!",2023-11-17
4945,15533,1087,3,Okay overall.,2024-12-31
4946,15535,378,5,"Excellent product, highly recommend!",2025-07-22
4947,15538,1184,4,Good value for money!,2025-06-12
4948,15538,1087,4,Good value for money!,2022-06-24
4949,15538,1060,5,"Excellent product, highly recommend!",2022-11-09
4950,15547,758,3,Okay overall.,2021-07-14
4951,15552,563,5,"Excellent product, highly recommend!",2021-12-03
4952,15552,562,3,Okay overall.,2023-07-11
4953,15557,980,2,Not great quality.,2023-04-12
4954,15557,300,4,Good value for money!,2023-01-07
4955,15581,455,5,"Excellent product, highly recommend!",2025-08-13
4956,15581,1081,5,"Excellent product, highly recommend!",2025-01-17
4957,15583,957,4,Good value for money!,2023-01-07
4958,15583,900,3,Okay overall.,2023-09-28
4959,15588,653,5,"Excellent product, highly recommend!",2020-07-26
4960,15588,613,4,Good value for money!,2025-03-03
4961,15588,555,3,Okay overall.,2024-12-05
4962,15591,434,4,Good value for money!,2020-09-07
4963,15593,926,5,"Excellent product, highly recommend!",2023-10-23
4964,15593,981,5,"Excellent product, highly recommend!",2021-10-28
4965,15594,905,4,Good value for money!,2020-12-06
4966,15594,1157,2,Not great quality.,2024-08-26
4967,15594,375,2,Not great quality.,2025-02-15
4968,15594,337,5,"Excellent product, highly recommend!",2020-09-21
4969,15597,920,5,"Excellent product, highly recommend!",2021-04-18
4970,15602,1091,3,Okay overall.,2020-02-27
4971,15610,312,3,Okay overall.,2022-02-01
4972,15610,938,3,Okay overall.,2024-07-04
4973,15623,308,3,Okay overall.,2023-05-21
4974,15640,655,4,Good value for money!,2022-03-26
4975,15642,589,5,"Excellent product, highly recommend!",2022-05-08
4976,15656,903,5,"Excellent product, highly recommend!",2021-08-31
4977,15656,336,5,"Excellent product, highly recommend!",2025-06-05
4978,15666,148,4,Good value for money!,2022-03-23
4979,15676,846,5,"Excellent product, highly recommend!",2020-06-08
4980,15678,206,5,"Excellent product, highly recommend!",2023-04-10
4981,15678,893,3,Okay overall.,2022-12-23
4982,15683,459,4,Good value for money!,2021-11-18
4983,15683,496,4,Good value for money!,2020-12-03
4984,15683,357,2,Not great quality.,2022-03-26
4985,15687,1121,4,Good value for money!,2020-07-08
4986,15687,315,5,"Excellent product, highly recommend!",2022-03-14
4987,15702,480,4,Good value for money!,2024-02-28
4988,15702,438,3,Okay overall.,2021-03-14
4989,15702,381,4,Good value for money!,2025-05-21
4990,15713,972,5,"Excellent product, highly recommend!",2021-03-01
4991,15714,1168,4,Good value for money!,2023-07-17
4992,15714,14,5,"Excellent product, highly recommend!",2024-02-02
4993,15714,1194,5,"Excellent product, highly recommend!",2022-01-30
4994,15714,1111,5,"Excellent product, highly recommend!",2024-10-07
4995,15718,1063,4,Good value for money!,2023-06-07
4996,15724,154,3,Okay overall.,2024-09-25
4997,15730,131,1,"Very disappointed, would not buy again.",2024-01-06
4998,15730,822,4,Good value for money!,2025-02-08
4999,15730,352,4,Good value for money!,2020-03-06
5000,15730,552,4,Good value for money!,2021-01-03
5001,15736,790,5,"Excellent product, highly recommend!",2022-03-31
5002,15737,1186,5,"Excellent product, highly recommend!",2024-05-02
5003,15740,1192,3,Okay overall.,2025-01-13
5004,15740,600,1,"Very disappointed, would not buy again.",2022-09-01
5005,15741,375,2,Not great quality.,2025-01-03
5006,15741,875,5,"Excellent product, highly recommend!",2021-08-23
5007,15753,702,5,"Excellent product, highly recommend!",2022-09-02
5008,15762,705,5,"Excellent product, highly recommend!",2021-12-02
5009,15763,14,3,Okay overall.,2024-10-02
5010,15763,928,5,"Excellent product, highly recommend!",2024-11-11
5011,15776,173,3,Okay overall.,2021-11-12
5012,15776,241,5,"Excellent product, highly recommend!",2021-08-01
5013,15779,951,3,Okay overall.,2021-06-04
5014,15801,793,5,"Excellent product, highly recommend!",2020-12-16
5015,15821,1076,3,Okay overall.,2022-04-16
5016,15821,629,5,"Excellent product, highly recommend!",2020-10-22
5017,15821,243,3,Okay overall.,2024-09-18
5018,15825,1059,2,Not great quality.,2022-07-01
5019,15831,177,5,"Excellent product, highly recommend!",2020-03-08
5020,15833,791,4,Good value for money!,2024-12-17
5021,15834,691,4,Good value for money!,2021-06-02
5022,15835,913,5,"Excellent product, highly recommend!",2021-05-12
5023,15853,535,4,Good value for money!,2023-01-09
5024,15853,1002,4,Good value for money!,2024-04-07
5025,15853,946,5,"Excellent product, highly recommend!",2020-09-03
5026,15853,885,3,Okay overall.,2024-06-24
5027,15854,1068,3,Okay overall.,2021-06-14
5028,15854,57,5,"Excellent product, highly recommend!",2022-05-29
5029,15857,885,5,"Excellent product, highly recommend!",2021-08-22
5030,15857,45,5,"Excellent product, highly recommend!",2025-09-02
5031,15858,444,4,Good value for money!,2021-02-07
5032,15858,487,5,"Excellent product, highly recommend!",2021-12-17
5033,15858,359,4,Good value for money!,2024-01-04
5034,15863,861,4,Good value for money!,2020-02-21
5035,15863,860,3,Okay overall.,2021-04-21
5036,15863,901,4,Good value for money!,2022-11-03
5037,15874,1063,5,"Excellent product, highly recommend!",2024-09-28
5038,15884,820,5,"Excellent product, highly recommend!",2022-11-15
5039,15886,200,2,Not great quality.,2025-09-15
5040,15886,280,4,Good value for money!,2023-12-10
5041,15899,300,4,Good value for money!,2021-03-19
5042,15899,303,5,"Excellent product, highly recommend!",2023-12-31
5043,15899,196,4,Good value for money!,2022-12-09
5044,15902,132,5,"Excellent product, highly recommend!",2024-08-18
5045,15910,1069,3,Okay overall.,2024-02-05
5046,15913,885,5,"Excellent product, highly recommend!",2021-05-22
5047,15913,857,4,Good value for money!,2020-08-10
5048,15913,871,4,Good value for money!,2023-06-16
5049,15916,555,3,Okay overall.,2025-02-20
5050,15917,1137,4,Good value for money!,2021-02-27
5051,15917,797,5,"Excellent product, highly recommend!",2024-04-25
5052,15930,323,4,Good value for money!,2024-05-05
5053,15932,617,5,"Excellent product, highly recommend!",2020-03-23
5054,15938,912,4,Good value for money!,2020-12-14
5055,15941,1135,5,"Excellent product, highly recommend!",2020-06-26
5056,15944,606,2,Not great quality.,2023-04-12
5057,15944,1021,4,Good value for money!,2023-08-29
5058,15947,1191,2,Not great quality.,2021-09-05
5059,15957,318,5,"Excellent product, highly recommend!",2021-09-04
5060,15957,969,4,Good value for money!,2024-05-03
5061,15960,893,4,Good value for money!,2024-02-28
5062,15968,238,3,Okay overall.,2023-02-26
5063,15968,1041,3,Okay overall.,2024-04-20
5064,15969,904,2,Not great quality.,2022-08-28
5065,15972,814,5,"Excellent product, highly recommend!",2024-08-30
5066,15982,238,3,Okay overall.,2023-08-30
5067,15982,457,5,"Excellent product, highly recommend!",2022-03-31
5068,15982,1033,5,"Excellent product, highly recommend!",2020-11-15
5069,15982,1148,5,"Excellent product, highly recommend!",2021-06-11
5070,15991,922,4,Good value for money!,2020-02-29
5071,15991,328,4,Good value for money!,2024-10-19
5072,15993,957,4,Good value for money!,2023-06-27
5073,15993,309,5,"Excellent product, highly recommend!",2024-05-31
5074,15997,842,5,"Excellent product, highly recommend!",2020-06-02
5075,15997,193,5,"Excellent product, highly recommend!",2023-08-25
5076,15997,1120,5,"Excellent product, highly recommend!",2024-11-20
5077,15997,575,4,Good value for money!,2020-08-25
5078,16003,989,5,"Excellent product, highly recommend!",2021-02-03
5079,16003,943,2,Not great quality.,2022-12-03
5080,16003,903,3,Okay overall.,2021-04-29
5081,16006,193,5,"Excellent product, highly recommend!",2021-04-20
5082,16006,462,4,Good value for money!,2025-01-13
5083,16019,1120,4,Good value for money!,2021-07-03
5084,16019,925,5,"Excellent product, highly recommend!",2020-08-23
5085,16033,796,5,"Excellent product, highly recommend!",2023-08-29
5086,16037,60,3,Okay overall.,2022-01-08
5087,16038,566,4,Good value for money!,2022-09-28
5088,16038,969,4,Good value for money!,2022-02-26
5089,16046,842,4,Good value for money!,2025-07-03
5090,16046,687,5,"Excellent product, highly recommend!",2024-05-16
5091,16084,190,3,Okay overall.,2024-10-11
5092,16084,219,3,Okay overall.,2024-05-13
5093,16087,966,4,Good value for money!,2021-04-18
5094,16087,500,5,"Excellent product, highly recommend!",2021-01-20
5095,16091,544,5,"Excellent product, highly recommend!",2020-06-29
5096,16106,132,4,Good value for money!,2023-01-23
5097,16106,474,3,Okay overall.,2025-01-07
5098,16106,209,3,Okay overall.,2022-10-26
5099,16106,349,4,Good value for money!,2025-08-21
5100,16108,1083,5,"Excellent product, highly recommend!",2023-03-30
5101,16110,630,3,Okay overall.,2024-02-21
5102,16119,886,5,"Excellent product, highly recommend!",2021-01-21
5103,16131,1067,5,"Excellent product, highly recommend!",2021-02-06
5104,16131,996,4,Good value for money!,2025-06-28
5105,16131,906,5,"Excellent product, highly recommend!",2020-06-29
5106,16144,383,4,Good value for money!,2022-11-23
5107,16145,97,4,Good value for money!,2020-01-27
5108,16160,101,4,Good value for money!,2024-07-21
5109,16168,1102,5,"Excellent product, highly recommend!",2020-03-13
5110,16172,452,3,Okay overall.,2023-06-03
5111,16175,1061,3,Okay overall.,2025-10-11
5112,16175,1016,5,"Excellent product, highly recommend!",2025-08-26
5113,16181,1016,4,Good value for money!,2022-12-15
5114,16181,849,4,Good value for money!,2024-04-14
5115,16189,801,5,"Excellent product, highly recommend!",2020-04-14
5116,16191,509,2,Not great quality.,2022-11-25
5117,16191,484,5,"Excellent product, highly recommend!",2021-09-11
5118,16192,619,3,Okay overall.,2023-12-12
5119,16194,1173,4,Good value for money!,2020-07-09
5120,16203,513,4,Good value for money!,2023-12-30
5121,16204,1154,4,Good value for money!,2025-08-03
5122,16209,265,4,Good value for money!,2024-08-31
5123,16214,1190,2,Not great quality.,2025-04-30
5124,16214,747,4,Good value for money!,2024-03-24
5125,16214,787,5,"Excellent product, highly recommend!",2020-11-14
5126,16224,597,5,"Excellent product, highly recommend!",2023-08-20
5127,16224,637,4,Good value for money!,2025-04-30
5128,16224,1144,3,Okay overall.,2024-07-26
5129,16224,1102,4,Good value for money!,2020-10-05
5130,16233,495,5,"Excellent product, highly recommend!",2024-05-10
5131,16234,352,5,"Excellent product, highly recommend!",2021-11-10
5132,16234,467,5,"Excellent product, highly recommend!",2023-08-16
5133,16237,1022,5,"Excellent product, highly recommend!",2022-07-29
5134,16239,377,5,"Excellent product, highly recommend!",2025-03-27
5135,16239,942,4,Good value for money!,2025-07-22
5136,16240,740,5,"Excellent product, highly recommend!",2023-10-10
5137,16259,455,4,Good value for money!,2023-08-18
5138,16259,423,4,Good value for money!,2022-11-15
5139,16263,578,4,Good value for money!,2021-05-28
5140,16266,292,3,Okay overall.,2022-09-08
5141,16266,289,3,Okay overall.,2025-01-12
5142,16272,823,3,Okay overall.,2024-11-27
5143,16276,115,4,Good value for money!,2020-04-18
5144,16276,788,5,"Excellent product, highly recommend!",2025-04-02
5145,16296,335,3,Okay overall.,2025-06-13
5146,16300,1181,4,Good value for money!,2025-10-13
5147,16300,1119,5,"Excellent product, highly recommend!",2023-06-26
5148,16300,757,2,Not great quality.,2022-10-11
5149,16314,331,5,"Excellent product, highly recommend!",2024-06-07
5150,16314,308,5,"Excellent product, highly recommend!",2020-07-16
5151,16319,388,5,"Excellent product, highly recommend!",2025-06-08
5152,16322,830,1,"Very disappointed, would not buy again.",2021-06-07
5153,16324,1163,3,Okay overall.,2020-03-07
5154,16329,462,3,Okay overall.,2020-03-14
5155,16329,396,2,Not great quality.,2022-12-18
5156,16330,1170,5,"Excellent product, highly recommend!",2022-01-11
5157,16330,1153,5,"Excellent product, highly recommend!",2020-12-02
5158,16330,1061,5,"Excellent product, highly recommend!",2023-09-26
5159,16336,936,4,Good value for money!,2023-12-03
5160,16342,684,3,Okay overall.,2021-06-25
5161,16342,516,4,Good value for money!,2023-12-08
5162,16349,469,4,Good value for money!,2021-08-16
5163,16349,434,3,Okay overall.,2021-05-31
5164,16354,262,4,Good value for money!,2023-09-27
5165,16354,319,5,"Excellent product, highly recommend!",2023-11-04
5166,16365,1119,5,"Excellent product, highly recommend!",2022-05-06
5167,16368,944,5,"Excellent product, highly recommend!",2022-06-23
5168,16368,890,1,"Very disappointed, would not buy again.",2024-03-28
5169,16369,1176,5,"Excellent product, highly recommend!",2020-05-11
5170,16380,577,5,"Excellent product, highly recommend!",2025-05-20
5171,16382,827,5,"Excellent product, highly recommend!",2022-04-05
5172,16382,15,5,"Excellent product, highly recommend!",2022-09-16
5173,16382,953,3,Okay overall.,2021-05-14
5174,16382,189,3,Okay overall.,2024-09-10
5175,16387,1118,4,Good value for money!,2023-07-30
5176,16398,1045,4,Good value for money!,2023-01-30
5177,16401,545,5,"Excellent product, highly recommend!",2025-03-31
5178,16401,911,5,"Excellent product, highly recommend!",2020-04-05
5179,16401,609,4,Good value for money!,2020-07-12
5180,16401,412,5,"Excellent product, highly recommend!",2025-10-07
5181,16405,322,4,Good value for money!,2023-05-30
5182,16406,1079,5,"Excellent product, highly recommend!",2024-06-17
5183,16406,1029,3,Okay overall.,2023-10-22
5184,16411,933,5,"Excellent product, highly recommend!",2024-12-26
5185,16411,929,4,Good value for money!,2023-10-28
5186,16411,1014,4,Good value for money!,2025-01-10
5187,16419,486,4,Good value for money!,2021-08-27
5188,16419,347,3,Okay overall.,2024-03-20
5189,16422,1000,4,Good value for money!,2021-11-27
5190,16422,189,5,"Excellent product, highly recommend!",2022-11-08
5191,16423,299,5,"Excellent product, highly recommend!",2023-02-26
5192,16423,945,5,"Excellent product, highly recommend!",2020-03-30
5193,16423,1069,3,Okay overall.,2022-02-21
5194,16425,869,3,Okay overall.,2024-12-15
5195,16425,1118,2,Not great quality.,2024-01-02
5196,16431,1121,4,Good value for money!,2020-06-13
5197,16436,333,3,Okay overall.,2023-06-14
5198,16440,402,4,Good value for money!,2024-02-17
5199,16443,1138,3,Okay overall.,2020-01-27
5200,16448,361,4,Good value for money!,2024-03-29
5201,16455,980,5,"Excellent product, highly recommend!",2020-04-14
5202,16472,813,5,"Excellent product, highly recommend!",2025-05-21
5203,16472,937,4,Good value for money!,2024-03-17
5204,16478,96,1,"Very disappointed, would not buy again.",2025-02-20
5205,16488,1142,5,"Excellent product, highly recommend!",2024-09-04
5206,16488,1186,5,"Excellent product, highly recommend!",2024-12-01
5207,16491,944,3,Okay overall.,2024-10-11
5208,16491,974,4,Good value for money!,2023-10-10
5209,16491,864,3,Okay overall.,2021-05-19
5210,16494,400,4,Good value for money!,2025-04-18
5211,16494,1023,5,"Excellent product, highly recommend!",2025-05-15
5212,16500,1074,5,"Excellent product, highly recommend!",2023-01-29
5213,16500,208,5,"Excellent product, highly recommend!",2020-10-24
5214,16500,500,5,"Excellent product, highly recommend!",2024-06-23
5215,16500,169,3,Okay overall.,2025-05-24
5216,16505,565,4,Good value for money!,2023-03-13
5217,16513,416,4,Good value for money!,2024-01-13
5218,16513,958,4,Good value for money!,2022-04-20
5219,16514,602,5,"Excellent product, highly recommend!",2020-05-26
5220,16514,603,3,Okay overall.,2023-01-25
5221,16518,121,3,Okay overall.,2025-07-17
5222,16518,1137,4,Good value for money!,2020-06-10
5223,16524,767,2,Not great quality.,2023-07-07
5224,16528,806,2,Not great quality.,2024-03-28
5225,16528,693,4,Good value for money!,2020-04-30
5226,16529,673,5,"Excellent product, highly recommend!",2020-01-24
5227,16540,628,5,"Excellent product, highly recommend!",2022-02-09
5228,16553,1091,5,"Excellent product, highly recommend!",2020-12-16
5229,16553,1018,5,"Excellent product, highly recommend!",2022-08-28
5230,16553,1012,5,"Excellent product, highly recommend!",2023-11-12
5231,16561,1021,5,"Excellent product, highly recommend!",2024-03-29
5232,16561,968,4,Good value for money!,2020-06-07
5233,16561,860,5,"Excellent product, highly recommend!",2021-08-22
5234,16561,944,5,"Excellent product, highly recommend!",2021-11-21
5235,16564,359,2,Not great quality.,2025-08-03
5236,16590,751,3,Okay overall.,2023-06-05
5237,16590,461,4,Good value for money!,2021-01-24
5238,16590,1195,5,"Excellent product, highly recommend!",2024-04-17
5239,16590,772,4,Good value for money!,2024-09-14
5240,16593,381,5,"Excellent product, highly recommend!",2021-07-09
5241,16594,967,4,Good value for money!,2024-01-22
5242,16606,910,4,Good value for money!,2022-12-10
5243,16614,496,5,"Excellent product, highly recommend!",2024-12-06
5244,16619,1023,3,Okay overall.,2022-01-21
5245,16631,213,4,Good value for money!,2025-05-15
5246,16632,537,4,Good value for money!,2020-07-01
5247,16636,351,5,"Excellent product, highly recommend!",2020-09-08
5248,16667,169,3,Okay overall.,2023-05-11
5249,16674,423,4,Good value for money!,2025-08-09
5250,16674,695,3,Okay overall.,2025-05-16
5251,16687,502,5,"Excellent product, highly recommend!",2023-07-06
5252,16687,383,4,Good value for money!,2021-03-04
5253,16697,740,4,Good value for money!,2023-04-12
5254,16698,238,4,Good value for money!,2024-05-18
5255,16699,92,4,Good value for money!,2022-09-02
5256,16708,1168,4,Good value for money!,2022-05-05
5257,16708,344,5,"Excellent product, highly recommend!",2025-01-06
5258,16713,360,5,"Excellent product, highly recommend!",2020-09-28
5259,16713,992,4,Good value for money!,2020-03-30
5260,16715,272,4,Good value for money!,2020-07-03
5261,16716,617,3,Okay overall.,2023-06-12
5262,16717,736,2,Not great quality.,2021-11-22
5263,16733,1060,3,Okay overall.,2021-11-20
5264,16734,1135,5,"Excellent product, highly recommend!",2025-03-04
5265,16734,1036,4,Good value for money!,2022-02-03
5266,16734,1195,5,"Excellent product, highly recommend!",2021-04-06
5267,16736,525,4,Good value for money!,2021-07-29
5268,16741,895,3,Okay overall.,2022-03-21
5269,16742,278,4,Good value for money!,2021-10-19
5270,16751,740,3,Okay overall.,2020-10-28
5271,16752,893,3,Okay overall.,2025-10-21
5272,16756,783,4,Good value for money!,2025-08-08
5273,16757,927,5,"Excellent product, highly recommend!",2024-12-11
5274,16757,917,3,Okay overall.,2020-08-29
5275,16757,1025,2,Not great quality.,2023-10-01
5276,16757,123,4,Good value for money!,2022-12-05
5277,16757,982,2,Not great quality.,2025-02-26
5278,16761,848,5,"Excellent product, highly recommend!",2021-07-18
5279,16761,762,3,Okay overall.,2025-01-28
5280,16762,263,5,"Excellent product, highly recommend!",2024-02-14
5281,16762,974,4,Good value for money!,2023-12-03
5282,16762,440,5,"Excellent product, highly recommend!",2021-04-05
5283,16764,748,4,Good value for money!,2020-12-03
5284,16764,725,5,"Excellent product, highly recommend!",2024-03-22
5285,16767,936,4,Good value for money!,2021-05-23
5286,16772,863,3,Okay overall.,2022-01-25
5287,16773,946,3,Okay overall.,2024-09-10
5288,16773,942,5,"Excellent product, highly recommend!",2022-08-13
5289,16792,540,5,"Excellent product, highly recommend!",2020-01-21
5290,16792,514,5,"Excellent product, highly recommend!",2020-05-13
5291,16799,790,3,Okay overall.,2023-06-25
5292,16802,250,1,"Very disappointed, would not buy again.",2024-01-21
5293,16803,24,2,Not great quality.,2022-09-08
5294,16806,557,4,Good value for money!,2024-09-20
5295,16806,1168,5,"Excellent product, highly recommend!",2024-10-05
5296,16810,475,4,Good value for money!,2020-01-10
5297,16813,865,4,Good value for money!,2025-06-23
5298,16816,865,2,Not great quality.,2020-05-18
5299,16819,385,3,Okay overall.,2025-04-14
5300,16819,84,5,"Excellent product, highly recommend!",2024-01-07
5301,16820,453,3,Okay overall.,2020-10-16
5302,16821,703,5,"Excellent product, highly recommend!",2022-08-07
5303,16823,1081,4,Good value for money!,2022-07-14
5304,16824,763,3,Okay overall.,2021-08-11
5305,16824,846,4,Good value for money!,2025-07-06
5306,16826,262,5,"Excellent product, highly recommend!",2024-11-18
5307,16830,350,4,Good value for money!,2022-03-17
5308,16839,369,4,Good value for money!,2023-06-14
5309,16839,485,2,Not great quality.,2023-12-06
5310,16855,904,3,Okay overall.,2020-04-08
5311,16855,371,5,"Excellent product, highly recommend!",2022-06-11
5312,16855,1123,4,Good value for money!,2024-03-13
5313,16855,821,5,"Excellent product, highly recommend!",2021-05-21
5314,16864,390,5,"Excellent product, highly recommend!",2020-07-30
5315,16869,235,5,"Excellent product, highly recommend!",2025-10-26
5316,16872,865,3,Okay overall.,2020-08-22
5317,16872,426,5,"Excellent product, highly recommend!",2024-02-08
5318,16872,1136,3,Okay overall.,2024-05-19
5319,16872,464,1,"Very disappointed, would not buy again.",2025-02-12
5320,16878,412,5,"Excellent product, highly recommend!",2023-07-06
5321,16878,492,4,Good value for money!,2020-05-19
5322,16878,490,4,Good value for money!,2021-03-12
5323,16892,863,2,Not great quality.,2022-10-14
5324,16892,376,3,Okay overall.,2022-02-11
5325,16892,945,2,Not great quality.,2022-07-06
5326,16905,848,4,Good value for money!,2024-10-15
5327,16905,959,4,Good value for money!,2025-08-27
5328,16908,386,5,"Excellent product, highly recommend!",2021-01-09
5329,16908,84,3,Okay overall.,2022-07-21
5330,16908,379,5,"Excellent product, highly recommend!",2022-12-20
5331,16908,442,4,Good value for money!,2021-03-07
5332,16908,501,4,Good value for money!,2022-06-15
5333,16909,961,4,Good value for money!,2020-11-08
5334,16910,633,5,"Excellent product, highly recommend!",2020-10-05
5335,16914,154,3,Okay overall.,2025-10-30
5336,16914,937,5,"Excellent product, highly recommend!",2024-08-12
5337,16914,1080,2,Not great quality.,2023-05-08
5338,16921,699,1,"Very disappointed, would not buy again.",2021-11-19
5339,16922,1047,3,Okay overall.,2024-10-26
5340,16922,1051,4,Good value for money!,2022-03-08
5341,16923,601,4,Good value for money!,2022-09-15
5342,16923,572,4,Good value for money!,2020-03-07
5343,16923,521,3,Okay overall.,2020-03-29
5344,16927,818,5,"Excellent product, highly recommend!",2021-03-22
5345,16932,529,5,"Excellent product, highly recommend!",2023-08-25
5346,16932,489,4,Good value for money!,2024-09-10
5347,16936,692,2,Not great quality.,2020-03-15
5348,16936,1188,4,Good value for money!,2025-02-06
5349,16939,354,5,"Excellent product, highly recommend!",2024-12-31
5350,16939,491,4,Good value for money!,2021-01-10
5351,16949,908,1,"Very disappointed, would not buy again.",2024-01-12
5352,16949,984,5,"Excellent product, highly recommend!",2023-05-16
5353,16949,938,4,Good value for money!,2020-01-14
5354,16959,933,4,Good value for money!,2021-11-13
5355,16966,918,5,"Excellent product, highly recommend!",2024-12-01
5356,16976,1,5,"Excellent product, highly recommend!",2021-10-25
5357,16976,1105,4,Good value for money!,2025-04-10
5358,16977,798,5,"Excellent product, highly recommend!",2024-02-21
5359,16981,504,3,Okay overall.,2022-04-11
5360,16982,345,4,Good value for money!,2023-11-04
5361,16982,402,3,Okay overall.,2020-07-23
5362,16982,413,4,Good value for money!,2024-09-28
5363,16987,818,4,Good value for money!,2022-01-08
5364,16987,718,4,Good value for money!,2020-08-14
5365,16995,104,4,Good value for money!,2020-11-03
5366,16996,781,5,"Excellent product, highly recommend!",2020-04-03
5367,16998,980,4,Good value for money!,2025-09-23
5368,17000,1065,5,"Excellent product, highly recommend!",2024-02-06
5369,17007,757,3,Okay overall.,2025-03-01
5370,17011,277,4,Good value for money!,2025-05-18
5371,17013,365,4,Good value for money!,2024-04-26
5372,17013,458,5,"Excellent product, highly recommend!",2022-03-05
5373,17013,358,5,"Excellent product, highly recommend!",2025-08-13
5374,17013,397,4,Good value for money!,2020-05-22
5375,17017,403,2,Not great quality.,2025-02-04
5376,17017,159,2,Not great quality.,2020-10-31
5377,17024,161,5,"Excellent product, highly recommend!",2024-04-23
5378,17024,157,4,Good value for money!,2024-01-12
5379,17031,424,5,"Excellent product, highly recommend!",2022-08-03
5380,17033,972,3,Okay overall.,2022-09-19
5381,17034,53,5,"Excellent product, highly recommend!",2025-05-14
5382,17037,955,5,"Excellent product, highly recommend!",2020-03-29
5383,17047,358,1,"Very disappointed, would not buy again.",2021-01-01
5384,17048,35,5,"Excellent product, highly recommend!",2024-07-15
5385,17048,69,5,"Excellent product, highly recommend!",2023-10-12
5386,17048,166,5,"Excellent product, highly recommend!",2022-12-11
5387,17048,305,5,"Excellent product, highly recommend!",2022-10-16
5388,17061,606,5,"Excellent product, highly recommend!",2023-04-26
5389,17061,544,5,"Excellent product, highly recommend!",2021-08-14
5390,17079,1032,2,Not great quality.,2024-07-11
5391,17079,893,5,"Excellent product, highly recommend!",2022-12-06
5392,17079,1007,4,Good value for money!,2020-06-09
5393,17079,365,1,"Very disappointed, would not buy again.",2023-05-29
5394,17079,366,3,Okay overall.,2022-07-30
5395,17091,748,4,Good value for money!,2022-07-26
5396,17091,464,5,"Excellent product, highly recommend!",2024-04-18
5397,17092,1022,5,"Excellent product, highly recommend!",2021-01-23
5398,17092,992,2,Not great quality.,2021-01-05
5399,17098,38,5,"Excellent product, highly recommend!",2020-04-22
5400,17119,661,1,"Very disappointed, would not buy again.",2024-08-08
5401,17119,185,4,Good value for money!,2020-11-22
5402,17124,405,2,Not great quality.,2024-04-27
5403,17128,1087,4,Good value for money!,2020-07-08
5404,17128,872,4,Good value for money!,2024-11-04
5405,17138,515,5,"Excellent product, highly recommend!",2020-11-22
5406,17138,521,5,"Excellent product, highly recommend!",2020-08-05
5407,17138,608,5,"Excellent product, highly recommend!",2022-07-20
5408,17140,365,5,"Excellent product, highly recommend!",2021-04-22
5409,17141,386,5,"Excellent product, highly recommend!",2024-09-10
5410,17141,942,3,Okay overall.,2025-03-19
5411,17142,969,3,Okay overall.,2021-12-23
5412,17142,909,5,"Excellent product, highly recommend!",2021-04-24
5413,17152,994,4,Good value for money!,2020-05-29
5414,17152,882,5,"Excellent product, highly recommend!",2025-06-03
5415,17152,955,2,Not great quality.,2025-08-07
5416,17152,897,5,"Excellent product, highly recommend!",2025-02-25
5417,17163,40,3,Okay overall.,2025-03-18
5418,17172,920,5,"Excellent product, highly recommend!",2022-02-27
5419,17175,550,5,"Excellent product, highly recommend!",2024-12-06
5420,17175,670,4,Good value for money!,2021-11-24
5421,17175,372,4,Good value for money!,2023-08-20
5422,17175,370,2,Not great quality.,2023-06-21
5423,17178,1112,5,"Excellent product, highly recommend!",2022-05-10
5424,17178,839,5,"Excellent product, highly recommend!",2025-04-04
5425,17179,55,3,Okay overall.,2024-11-25
5426,17184,1041,5,"Excellent product, highly recommend!",2021-04-30
5427,17197,204,2,Not great quality.,2025-09-30
5428,17202,262,4,Good value for money!,2020-11-02
5429,17212,778,4,Good value for money!,2021-06-06
5430,17212,380,3,Okay overall.,2024-10-24
5431,17214,864,5,"Excellent product, highly recommend!",2020-01-09
5432,17215,902,4,Good value for money!,2022-11-26
5433,17234,623,5,"Excellent product, highly recommend!",2025-09-07
5434,17235,704,3,Okay overall.,2025-08-07
5435,17239,936,5,"Excellent product, highly recommend!",2023-09-03
5436,17239,455,4,Good value for money!,2020-11-22
5437,17239,347,4,Good value for money!,2020-09-19
5438,17253,940,5,"Excellent product, highly recommend!",2024-07-30
5439,17258,418,3,Okay overall.,2021-04-03
5440,17258,504,4,Good value for money!,2021-12-02
5441,17259,513,4,Good value for money!,2023-05-23
5442,17260,517,1,"Very disappointed, would not buy again.",2025-08-10
5443,17260,975,2,Not great quality.,2022-02-21
5444,17260,1176,2,Not great quality.,2023-04-18
5445,17262,173,5,"Excellent product, highly recommend!",2020-08-26
5446,17264,609,4,Good value for money!,2020-11-25
5447,17265,1119,2,Not great quality.,2023-04-03
5448,17276,827,4,Good value for money!,2022-11-02
5449,17276,686,5,"Excellent product, highly recommend!",2020-06-04
5450,17276,763,3,Okay overall.,2023-06-14
5451,17281,265,2,Not great quality.,2022-10-04
5452,17293,1116,4,Good value for money!,2023-05-25
5453,17297,535,2,Not great quality.,2025-05-04
5454,17297,995,3,Okay overall.,2023-06-07
5455,17303,462,4,Good value for money!,2020-05-29
5456,17303,907,3,Okay overall.,2020-04-24
5457,17303,896,5,"Excellent product, highly recommend!",2025-05-14
5458,17305,60,3,Okay overall.,2022-07-22
5459,17305,891,5,"Excellent product, highly recommend!",2025-02-26
5460,17305,216,5,"Excellent product, highly recommend!",2024-12-11
5461,17307,1131,3,Okay overall.,2022-09-20
5462,17309,160,3,Okay overall.,2024-11-01
5463,17309,725,5,"Excellent product, highly recommend!",2025-01-13
5464,17309,715,5,"Excellent product, highly recommend!",2020-01-04
5465,17313,1016,3,Okay overall.,2020-06-24
5466,17316,353,4,Good value for money!,2022-09-29
5467,17318,415,5,"Excellent product, highly recommend!",2022-01-17
5468,17318,883,5,"Excellent product, highly recommend!",2021-12-31
5469,17319,483,5,"Excellent product, highly recommend!",2022-12-11
5470,17321,1039,4,Good value for money!,2020-12-01
5471,17324,91,5,"Excellent product, highly recommend!",2024-06-11
5472,17327,831,4,Good value for money!,2021-03-16
5473,17327,740,4,Good value for money!,2022-07-19
5474,17327,147,2,Not great quality.,2020-06-06
5475,17328,1053,4,Good value for money!,2023-01-06
5476,17329,240,5,"Excellent product, highly recommend!",2022-08-10
5477,17330,905,4,Good value for money!,2025-08-30
5478,17334,248,2,Not great quality.,2022-12-28
5479,17334,914,5,"Excellent product, highly recommend!",2021-04-01
5480,17336,65,2,Not great quality.,2022-05-09
5481,17336,123,3,Okay overall.,2022-05-23
5482,17342,428,5,"Excellent product, highly recommend!",2025-04-03
5483,17342,389,4,Good value for money!,2020-11-15
5484,17342,24,5,"Excellent product, highly recommend!",2021-12-20
5485,17342,114,4,Good value for money!,2022-08-19
5486,17343,932,5,"Excellent product, highly recommend!",2022-05-11
5487,17343,905,5,"Excellent product, highly recommend!",2020-07-25
5488,17343,1039,5,"Excellent product, highly recommend!",2020-05-28
5489,17343,1006,5,"Excellent product, highly recommend!",2020-11-08
5490,17347,277,2,Not great quality.,2021-02-15
5491,17347,902,5,"Excellent product, highly recommend!",2025-06-10
5492,17347,966,2,Not great quality.,2020-08-21
5493,17356,464,5,"Excellent product, highly recommend!",2021-11-12
5494,17356,406,4,Good value for money!,2024-11-04
5495,17359,280,5,"Excellent product, highly recommend!",2024-06-20
5496,17359,326,5,"Excellent product, highly recommend!",2024-03-25
5497,17359,698,4,Good value for money!,2023-12-25
5498,17367,231,4,Good value for money!,2020-11-05
5499,17367,1135,4,Good value for money!,2023-07-30
5500,17372,934,3,Okay overall.,2020-12-16
5501,17372,910,5,"Excellent product, highly recommend!",2021-07-26
5502,17373,764,4,Good value for money!,2025-10-19
5503,17373,796,5,"Excellent product, highly recommend!",2025-08-28
5504,17373,487,5,"Excellent product, highly recommend!",2021-05-24
5505,17377,545,3,Okay overall.,2022-04-08
5506,17377,889,3,Okay overall.,2022-10-24
5507,17379,265,5,"Excellent product, highly recommend!",2024-05-19
5508,17384,1037,1,"Very disappointed, would not buy again.",2024-08-19
5509,17389,775,5,"Excellent product, highly recommend!",2021-06-20
5510,17389,877,3,Okay overall.,2023-05-24
5511,17389,1008,5,"Excellent product, highly recommend!",2021-07-17
5512,17393,225,1,"Very disappointed, would not buy again.",2020-03-10
5513,17397,514,3,Okay overall.,2020-07-07
5514,17397,856,1,"Very disappointed, would not buy again.",2025-07-13
5515,17403,711,3,Okay overall.,2020-04-17
5516,17403,1110,4,Good value for money!,2022-01-22
5517,17408,1181,4,Good value for money!,2022-12-30
5518,17416,903,3,Okay overall.,2023-06-20
5519,17418,995,5,"Excellent product, highly recommend!",2020-09-26
5520,17423,946,4,Good value for money!,2023-05-16
5521,17424,967,1,"Very disappointed, would not buy again.",2020-10-04
5522,17424,934,5,"Excellent product, highly recommend!",2022-02-05
5523,17428,921,5,"Excellent product, highly recommend!",2024-07-24
5524,17430,1129,4,Good value for money!,2022-09-08
5525,17430,1015,3,Okay overall.,2020-05-07
5526,17430,623,5,"Excellent product, highly recommend!",2023-09-09
5527,17433,939,2,Not great quality.,2020-08-15
5528,17433,445,4,Good value for money!,2021-04-17
5529,17433,249,1,"Very disappointed, would not buy again.",2024-08-26
5530,17435,992,5,"Excellent product, highly recommend!",2020-02-15
5531,17438,400,4,Good value for money!,2024-12-02
5532,17438,174,1,"Very disappointed, would not buy again.",2024-08-10
5533,17461,676,2,Not great quality.,2021-07-25
5534,17461,813,5,"Excellent product, highly recommend!",2022-09-21
5535,17465,740,5,"Excellent product, highly recommend!",2024-09-23
5536,17465,783,4,Good value for money!,2024-06-11
5537,17465,808,3,Okay overall.,2020-03-18
5538,17465,624,4,Good value for money!,2021-06-07
5539,17467,1065,2,Not great quality.,2025-03-05
5540,17470,908,4,Good value for money!,2021-05-25
5541,17478,401,3,Okay overall.,2020-07-19
5542,17478,597,4,Good value for money!,2022-03-23
5543,17480,717,1,"Very disappointed, would not buy again.",2024-05-25
5544,17480,719,5,"Excellent product, highly recommend!",2020-05-21
5545,17484,1009,4,Good value for money!,2020-01-29
5546,17484,979,4,Good value for money!,2020-02-25
5547,17485,464,4,Good value for money!,2023-02-02
5548,17487,387,4,Good value for money!,2025-06-21
5549,17487,964,5,"Excellent product, highly recommend!",2021-06-19
5550,17487,545,4,Good value for money!,2021-08-23
5551,17514,815,4,Good value for money!,2024-08-16
5552,17515,376,5,"Excellent product, highly recommend!",2021-03-30
5553,17522,1051,5,"Excellent product, highly recommend!",2025-02-05
5554,17529,385,5,"Excellent product, highly recommend!",2021-08-30
5555,17545,1093,5,"Excellent product, highly recommend!",2022-12-17
5556,17551,538,3,Okay overall.,2024-12-17
5557,17561,121,5,"Excellent product, highly recommend!",2020-08-19
5558,17561,27,5,"Excellent product, highly recommend!",2023-11-07
5559,17561,74,4,Good value for money!,2024-12-26
5560,17565,1164,5,"Excellent product, highly recommend!",2021-08-28
5561,17567,252,5,"Excellent product, highly recommend!",2021-05-02
5562,17567,447,5,"Excellent product, highly recommend!",2020-01-07
5563,17567,201,5,"Excellent product, highly recommend!",2021-01-29
5564,17570,469,5,"Excellent product, highly recommend!",2024-04-24
5565,17577,770,5,"Excellent product, highly recommend!",2023-11-25
5566,17584,230,5,"Excellent product, highly recommend!",2023-05-09
5567,17589,859,4,Good value for money!,2022-05-10
5568,17590,819,3,Okay overall.,2023-11-19
5569,17603,904,4,Good value for money!,2023-10-09
5570,17610,31,5,"Excellent product, highly recommend!",2025-10-22
5571,17621,1018,5,"Excellent product, highly recommend!",2020-07-11
5572,17621,1169,4,Good value for money!,2022-08-30
5573,17640,1093,5,"Excellent product, highly recommend!",2025-07-03
5574,17642,111,4,Good value for money!,2022-12-13
5575,17642,142,3,Okay overall.,2023-12-30
5576,17642,916,5,"Excellent product, highly recommend!",2024-06-13
5577,17643,548,4,Good value for money!,2024-03-23
5578,17644,799,5,"Excellent product, highly recommend!",2021-04-23
5579,17644,963,4,Good value for money!,2022-02-13
5580,17644,717,4,Good value for money!,2025-08-22
5581,17646,478,4,Good value for money!,2025-03-18
5582,17646,372,2,Not great quality.,2024-05-05
5583,17652,578,4,Good value for money!,2021-06-08
5584,17685,824,3,Okay overall.,2022-01-28
5585,17685,687,5,"Excellent product, highly recommend!",2020-08-07
5586,17685,806,5,"Excellent product, highly recommend!",2021-10-10
5587,17687,790,4,Good value for money!,2024-05-14
5588,17703,630,5,"Excellent product, highly recommend!",2024-08-13
5589,17740,725,4,Good value for money!,2023-12-06
5590,17754,762,4,Good value for money!,2022-04-06
5591,17754,485,3,Okay overall.,2025-03-30
5592,17754,383,5,"Excellent product, highly recommend!",2020-12-27
5593,17756,189,5,"Excellent product, highly recommend!",2024-01-08
5594,17756,314,5,"Excellent product, highly recommend!",2022-09-08
5595,17762,444,5,"Excellent product, highly recommend!",2024-05-01
5596,17762,1161,4,Good value for money!,2023-09-04
5597,17771,1043,3,Okay overall.,2025-08-25
5598,17776,233,5,"Excellent product, highly recommend!",2020-09-13
5599,17776,456,4,Good value for money!,2023-01-06
5600,17781,665,4,Good value for money!,2020-09-08
5601,17781,259,4,Good value for money!,2021-11-24
5602,17781,576,4,Good value for money!,2024-04-22
5603,17781,953,2,Not great quality.,2025-04-25
5604,17781,582,4,Good value for money!,2022-12-12
5605,17783,502,4,Good value for money!,2025-04-12
5606,17786,823,5,"Excellent product, highly recommend!",2024-03-06
5607,17786,839,1,"Very disappointed, would not buy again.",2023-04-12
5608,17788,752,5,"Excellent product, highly recommend!",2023-11-14
5609,17792,369,5,"Excellent product, highly recommend!",2024-06-02
5610,17792,1144,5,"Excellent product, highly recommend!",2022-07-15
5611,17792,1162,4,Good value for money!,2021-06-09
5612,17794,248,2,Not great quality.,2022-02-06
5613,17794,776,4,Good value for money!,2024-03-22
5614,17794,633,4,Good value for money!,2022-10-15
5615,17803,884,4,Good value for money!,2021-04-30
5616,17803,5,4,Good value for money!,2023-01-03
5617,17812,526,5,"Excellent product, highly recommend!",2024-12-30
5618,17812,965,4,Good value for money!,2023-09-30
5619,17812,378,3,Okay overall.,2024-05-30
5620,17819,9,5,"Excellent product, highly recommend!",2023-10-16
5621,17819,1015,4,Good value for money!,2024-10-03
5622,17819,932,1,"Very disappointed, would not buy again.",2021-12-21
5623,17821,529,5,"Excellent product, highly recommend!",2024-01-21
5624,17822,1180,2,Not great quality.,2020-05-04
5625,17824,566,4,Good value for money!,2025-07-27
5626,17828,369,4,Good value for money!,2023-05-12
5627,17828,1135,4,Good value for money!,2024-06-17
5628,17831,277,4,Good value for money!,2022-09-10
5629,17831,328,5,"Excellent product, highly recommend!",2025-04-10
5630,17833,462,5,"Excellent product, highly recommend!",2021-06-15
5631,17833,1157,5,"Excellent product, highly recommend!",2025-04-04
5632,17838,265,5,"Excellent product, highly recommend!",2024-09-15
5633,17838,589,4,Good value for money!,2025-09-19
5634,17839,438,3,Okay overall.,2020-09-08
5635,17842,805,4,Good value for money!,2020-12-19
5636,17842,730,5,"Excellent product, highly recommend!",2021-12-18
5637,17854,268,5,"Excellent product, highly recommend!",2023-02-13
5638,17856,323,5,"Excellent product, highly recommend!",2022-02-24
5639,17857,891,5,"Excellent product, highly recommend!",2023-07-17
5640,17860,428,4,Good value for money!,2025-01-15
5641,17860,437,5,"Excellent product, highly recommend!",2024-10-31
5642,17860,976,4,Good value for money!,2024-01-13
5643,17870,1082,5,"Excellent product, highly recommend!",2022-07-14
5644,17870,678,4,Good value for money!,2020-08-09
5645,17872,208,5,"Excellent product, highly recommend!",2021-05-08
5646,17872,207,5,"Excellent product, highly recommend!",2022-01-30
5647,17884,117,5,"Excellent product, highly recommend!",2022-08-09
5648,17902,792,4,Good value for money!,2025-01-26
5649,17915,1182,4,Good value for money!,2021-03-12
5650,17924,514,5,"Excellent product, highly recommend!",2024-12-09
5651,17924,1066,4,Good value for money!,2022-05-09
5652,17924,1072,5,"Excellent product, highly recommend!",2025-03-03
5653,17925,619,3,Okay overall.,2022-12-09
5654,17925,548,5,"Excellent product, highly recommend!",2020-01-04
5655,17925,583,5,"Excellent product, highly recommend!",2020-01-28
5656,17937,812,5,"Excellent product, highly recommend!",2024-12-11
5657,17937,409,2,Not great quality.,2021-12-02
5658,17939,1195,5,"Excellent product, highly recommend!",2025-02-18
5659,17939,612,5,"Excellent product, highly recommend!",2022-06-18
5660,17939,602,5,"Excellent product, highly recommend!",2020-03-10
5661,17948,474,4,Good value for money!,2021-09-03
5662,17954,483,4,Good value for money!,2022-12-20
5663,17967,921,5,"Excellent product, highly recommend!",2022-10-02
5664,17977,1065,5,"Excellent product, highly recommend!",2021-08-19
5665,17985,14,4,Good value for money!,2021-06-13
5666,17985,1000,3,Okay overall.,2020-12-24
5667,17985,552,4,Good value for money!,2023-12-01
5668,17985,794,2,Not great quality.,2024-04-03
5669,17985,319,2,Not great quality.,2021-07-22
5670,17989,740,3,Okay overall.,2024-08-05
5671,18002,358,4,Good value for money!,2020-05-01
5672,18002,462,3,Okay overall.,2024-04-29
5673,18016,240,4,Good value for money!,2023-10-25
5674,18018,345,5,"Excellent product, highly recommend!",2020-04-11
5675,18033,909,1,"Very disappointed, would not buy again.",2020-03-16
5676,18034,1063,3,Okay overall.,2023-01-13
5677,18034,213,4,Good value for money!,2022-08-13
5678,18037,1145,5,"Excellent product, highly recommend!",2022-08-01
5679,18041,261,5,"Excellent product, highly recommend!",2024-04-22
5680,18042,851,3,Okay overall.,2023-06-25
5681,18042,1030,4,Good value for money!,2020-09-29
5682,18043,337,4,Good value for money!,2021-07-06
5683,18044,1016,4,Good value for money!,2024-08-25
5684,18044,1032,3,Okay overall.,2022-02-09
5685,18044,937,5,"Excellent product, highly recommend!",2023-08-31
5686,18063,901,4,Good value for money!,2024-01-21
5687,18063,409,3,Okay overall.,2022-04-07
5688,18063,402,5,"Excellent product, highly recommend!",2021-10-26
5689,18065,891,5,"Excellent product, highly recommend!",2024-08-10
5690,18066,712,3,Okay overall.,2020-12-10
5691,18066,827,5,"Excellent product, highly recommend!",2025-03-29
5692,18068,875,2,Not great quality.,2024-07-16
5693,18068,1084,3,Okay overall.,2024-01-30
5694,18068,638,3,Okay overall.,2021-11-28
5695,18070,480,5,"Excellent product, highly recommend!",2024-01-06
5696,18070,513,5,"Excellent product, highly recommend!",2023-02-07
5697,18070,393,4,Good value for money!,2022-10-22
5698,18088,1074,5,"Excellent product, highly recommend!",2024-04-11
5699,18088,151,4,Good value for money!,2020-09-01
5700,18088,471,5,"Excellent product, highly recommend!",2020-01-19
5701,18089,974,2,Not great quality.,2020-10-07
5702,18114,1178,3,Okay overall.,2021-01-08
5703,18116,922,3,Okay overall.,2022-10-12
5704,18116,196,5,"Excellent product, highly recommend!",2024-06-26
5705,18117,744,3,Okay overall.,2024-05-09
5706,18117,217,4,Good value for money!,2024-11-20
5707,18117,1028,5,"Excellent product, highly recommend!",2020-09-30
5708,18121,379,2,Not great quality.,2024-04-14
5709,18121,431,4,Good value for money!,2024-09-12
5710,18121,585,4,Good value for money!,2020-07-29
5711,18121,418,5,"Excellent product, highly recommend!",2020-05-26
5712,18126,879,2,Not great quality.,2025-05-24
5713,18130,1104,4,Good value for money!,2025-04-29
5714,18130,991,5,"Excellent product, highly recommend!",2020-12-10
5715,18131,1034,2,Not great quality.,2021-09-25
5716,18131,300,4,Good value for money!,2022-05-25
5717,18134,920,5,"Excellent product, highly recommend!",2024-02-29
5718,18136,981,5,"Excellent product, highly recommend!",2025-08-05
5719,18140,226,4,Good value for money!,2025-01-26
5720,18140,471,3,Okay overall.,2021-07-14
5721,18141,1019,5,"Excellent product, highly recommend!",2024-10-24
5722,18141,949,4,Good value for money!,2020-11-25
5723,18149,507,5,"Excellent product, highly recommend!",2022-09-12
5724,18149,1196,5,"Excellent product, highly recommend!",2020-08-02
5725,18151,647,5,"Excellent product, highly recommend!",2024-03-11
5726,18158,896,3,Okay overall.,2023-06-16
5727,18162,709,5,"Excellent product, highly recommend!",2023-06-26
5728,18189,896,4,Good value for money!,2023-08-17
5729,18189,1016,3,Okay overall.,2020-10-18
5730,18202,928,5,"Excellent product, highly recommend!",2020-07-08
5731,18202,359,3,Okay overall.,2025-10-02
5732,18202,809,4,Good value for money!,2022-07-08
5733,18204,904,3,Okay overall.,2023-09-18
5734,18210,354,5,"Excellent product, highly recommend!",2021-05-22
5735,18221,1092,5,"Excellent product, highly recommend!",2024-11-18
5736,18225,859,3,Okay overall.,2021-08-17
5737,18231,623,4,Good value for money!,2024-04-22
5738,18231,770,4,Good value for money!,2023-03-12
5739,18231,969,4,Good value for money!,2020-12-29
5740,18231,753,3,Okay overall.,2021-12-23
5741,18231,780,5,"Excellent product, highly recommend!",2023-03-21
5742,18232,94,5,"Excellent product, highly recommend!",2022-02-24
5743,18233,874,5,"Excellent product, highly recommend!",2023-06-08
5744,18233,253,5,"Excellent product, highly recommend!",2022-11-03
5745,18233,891,4,Good value for money!,2023-06-01
5746,18234,375,5,"Excellent product, highly recommend!",2024-02-28
5747,18234,921,3,Okay overall.,2024-10-06
5748,18234,345,4,Good value for money!,2023-06-24
5749,18238,755,3,Okay overall.,2024-11-11
5750,18238,970,5,"Excellent product, highly recommend!",2021-03-16
5751,18238,1012,5,"Excellent product, highly recommend!",2021-02-11
5752,18246,918,5,"Excellent product, highly recommend!",2022-12-02
5753,18250,740,5,"Excellent product, highly recommend!",2020-08-03
5754,18250,769,4,Good value for money!,2021-07-11
5755,18256,264,3,Okay overall.,2022-07-30
5756,18265,1087,3,Okay overall.,2022-10-13
5757,18265,601,5,"Excellent product, highly recommend!",2025-05-04
5758,18265,1155,5,"Excellent product, highly recommend!",2021-12-07
5759,18268,234,5,"Excellent product, highly recommend!",2024-08-18
5760,18268,1067,4,Good value for money!,2025-02-06
5761,18270,870,4,Good value for money!,2021-04-15
5762,18270,986,4,Good value for money!,2023-02-08
5763,18274,933,2,Not great quality.,2021-03-31
5764,18274,707,4,Good value for money!,2022-04-25
5765,18274,769,4,Good value for money!,2021-12-28
5766,18274,641,3,Okay overall.,2020-11-14
5767,18281,423,5,"Excellent product, highly recommend!",2020-11-27
5768,18281,746,3,Okay overall.,2023-08-01
5769,18281,751,4,Good value for money!,2020-07-26
5770,18284,446,5,"Excellent product, highly recommend!",2021-07-22
5771,18284,402,4,Good value for money!,2021-03-22
5772,18287,444,4,Good value for money!,2022-03-01
5773,18287,513,4,Good value for money!,2022-01-13
5774,18288,368,4,Good value for money!,2020-05-23
5775,18288,418,4,Good value for money!,2021-01-18
5776,18293,309,5,"Excellent product, highly recommend!",2020-01-27
5777,18299,846,5,"Excellent product, highly recommend!",2022-02-26
5778,18299,806,4,Good value for money!,2021-12-27
5779,18302,360,4,Good value for money!,2024-04-17
5780,18304,770,4,Good value for money!,2023-04-12
5781,18304,573,5,"Excellent product, highly recommend!",2021-10-02
5782,18306,263,5,"Excellent product, highly recommend!",2020-10-30
5783,18307,1104,5,"Excellent product, highly recommend!",2023-03-20
5784,18307,806,5,"Excellent product, highly recommend!",2022-02-18
5785,18307,442,3,Okay overall.,2020-09-03
5786,18319,1123,3,Okay overall.,2022-10-28
5787,18319,1136,4,Good value for money!,2025-06-09
5788,18319,1064,4,Good value for money!,2025-04-07
5789,18319,260,4,Good value for money!,2020-03-14
5790,18321,1127,4,Good value for money!,2024-02-03
5791,18323,504,3,Okay overall.,2020-11-16
5792,18324,363,4,Good value for money!,2023-12-17
5793,18326,51,3,Okay overall.,2024-06-29
5794,18330,569,3,Okay overall.,2022-08-16
5795,18339,945,4,Good value for money!,2023-04-08
5796,18346,680,5,"Excellent product, highly recommend!",2021-12-20
5797,18346,670,5,"Excellent product, highly recommend!",2023-06-08
5798,18353,670,3,Okay overall.,2023-08-25
5799,18353,669,3,Okay overall.,2024-04-19
5800,18353,673,4,Good value for money!,2023-06-04
5801,18364,1001,4,Good value for money!,2025-04-25
5802,18384,1022,5,"Excellent product, highly recommend!",2022-11-11
5803,18386,121,4,Good value for money!,2025-09-16
5804,18390,751,4,Good value for money!,2023-10-29
5805,18390,428,5,"Excellent product, highly recommend!",2021-09-15
5806,18390,723,2,Not great quality.,2025-01-16
5807,18394,411,4,Good value for money!,2023-03-28
5808,18395,258,5,"Excellent product, highly recommend!",2025-02-04
5809,18400,275,5,"Excellent product, highly recommend!",2020-03-11
5810,18410,601,5,"Excellent product, highly recommend!",2024-01-17
5811,18418,678,4,Good value for money!,2021-08-11
5812,18425,995,5,"Excellent product, highly recommend!",2023-10-19
5813,18425,987,4,Good value for money!,2024-03-19
5814,18425,894,3,Okay overall.,2023-07-05
5815,18426,900,3,Okay overall.,2024-02-05
5816,18426,939,1,"Very disappointed, would not buy again.",2021-01-06
5817,18426,968,4,Good value for money!,2020-10-07
5818,18431,1017,4,Good value for money!,2023-06-14
5819,18431,282,1,"Very disappointed, would not buy again.",2025-09-30
5820,18431,200,3,Okay overall.,2024-08-20
5821,18432,101,3,Okay overall.,2025-03-06
5822,18438,981,5,"Excellent product, highly recommend!",2024-08-30
5823,18438,1121,5,"Excellent product, highly recommend!",2025-07-12
5824,18438,912,4,Good value for money!,2024-07-22
5825,18441,790,3,Okay overall.,2022-04-14
5826,18446,1003,3,Okay overall.,2025-09-06
5827,18452,189,4,Good value for money!,2020-06-30
5828,18453,540,4,Good value for money!,2022-11-17
5829,18453,673,5,"Excellent product, highly recommend!",2022-10-31
5830,18454,1079,3,Okay overall.,2023-03-18
5831,18456,1047,4,Good value for money!,2021-05-26
5832,18456,509,4,Good value for money!,2020-03-23
5833,18474,1108,5,"Excellent product, highly recommend!",2023-02-25
5834,18474,1038,5,"Excellent product, highly recommend!",2024-01-12
5835,18474,1081,5,"Excellent product, highly recommend!",2021-07-15
5836,18474,977,5,"Excellent product, highly recommend!",2020-08-28
5837,18474,1118,4,Good value for money!,2022-08-07
5838,18488,870,3,Okay overall.,2025-10-19
5839,18489,490,4,Good value for money!,2022-06-27
5840,18497,358,3,Okay overall.,2025-07-13
5841,18497,1145,4,Good value for money!,2024-01-29
5842,18505,1101,5,"Excellent product, highly recommend!",2024-01-17
5843,18508,250,5,"Excellent product, highly recommend!",2023-03-19
5844,18508,481,5,"Excellent product, highly recommend!",2024-06-01
5845,18518,556,5,"Excellent product, highly recommend!",2021-09-03
5846,18522,1069,4,Good value for money!,2025-03-07
5847,18522,887,4,Good value for money!,2024-10-09
5848,18524,962,4,Good value for money!,2022-04-26
5849,18525,402,3,Okay overall.,2020-07-01
5850,18525,831,5,"Excellent product, highly recommend!",2020-02-08
5851,18526,782,4,Good value for money!,2022-02-19
5852,18526,759,3,Okay overall.,2023-07-01
5853,18527,114,4,Good value for money!,2022-04-25
5854,18537,45,3,Okay overall.,2024-07-23
5855,18537,232,3,Okay overall.,2021-12-29
5856,18539,399,5,"Excellent product, highly recommend!",2023-07-09
5857,18549,1165,5,"Excellent product, highly recommend!",2020-09-04
5858,18551,876,4,Good value for money!,2024-10-21
5859,18551,873,4,Good value for money!,2022-12-16
5860,18551,1037,4,Good value for money!,2022-08-20
5861,18560,800,3,Okay overall.,2020-02-07
5862,18560,818,4,Good value for money!,2020-05-09
5863,18560,783,3,Okay overall.,2020-08-23
5864,18569,261,5,"Excellent product, highly recommend!",2025-08-19
5865,18569,883,5,"Excellent product, highly recommend!",2023-10-18
5866,18587,1038,3,Okay overall.,2024-08-10
5867,18587,283,4,Good value for money!,2025-04-27
5868,18592,961,2,Not great quality.,2025-01-22
5869,18592,984,4,Good value for money!,2020-09-01
5870,18595,725,3,Okay overall.,2021-12-19
5871,18595,714,4,Good value for money!,2022-05-18
5872,18595,738,3,Okay overall.,2025-06-14
5873,18609,951,4,Good value for money!,2021-07-13
5874,18612,520,5,"Excellent product, highly recommend!",2024-10-23
5875,18612,555,4,Good value for money!,2021-10-16
5876,18613,19,2,Not great quality.,2020-07-10
5877,18613,825,3,Okay overall.,2024-11-01
5878,18625,963,4,Good value for money!,2020-04-05
5879,18625,1002,4,Good value for money!,2024-10-11
5880,18628,240,5,"Excellent product, highly recommend!",2025-01-20
5881,18628,1036,4,Good value for money!,2025-02-14
5882,18648,1021,5,"Excellent product, highly recommend!",2025-08-09
5883,18648,1072,5,"Excellent product, highly recommend!",2022-08-12
5884,18655,111,5,"Excellent product, highly recommend!",2024-09-18
5885,18662,454,4,Good value for money!,2024-12-13
5886,18676,949,5,"Excellent product, highly recommend!",2020-08-25
5887,18676,1020,3,Okay overall.,2023-08-20
5888,18677,730,5,"Excellent product, highly recommend!",2025-01-10
5889,18679,506,4,Good value for money!,2024-09-28
5890,18679,335,3,Okay overall.,2020-06-25
5891,18688,344,4,Good value for money!,2020-10-05
5892,18690,255,5,"Excellent product, highly recommend!",2022-04-25
5893,18690,307,3,Okay overall.,2023-06-23
5894,18692,315,2,Not great quality.,2022-06-01
5895,18693,909,2,Not great quality.,2022-03-22
5896,18698,522,4,Good value for money!,2020-06-21
5897,18700,977,4,Good value for money!,2021-09-14
5898,18701,385,4,Good value for money!,2020-09-15
5899,18707,1083,4,Good value for money!,2024-01-17
5900,18708,752,3,Okay overall.,2021-02-17
5901,18708,867,3,Okay overall.,2020-12-27
5902,18715,725,4,Good value for money!,2020-02-09
5903,18717,685,3,Okay overall.,2020-08-09
5904,18736,481,5,"Excellent product, highly recommend!",2025-04-18
5905,18742,876,5,"Excellent product, highly recommend!",2021-10-15
5906,18749,838,4,Good value for money!,2022-08-09
5907,18749,576,3,Okay overall.,2024-01-23
5908,18749,826,3,Okay overall.,2024-06-24
5909,18749,244,2,Not great quality.,2022-07-10
5910,18749,340,3,Okay overall.,2020-02-10
5911,18761,988,5,"Excellent product, highly recommend!",2022-12-21
5912,18761,490,4,Good value for money!,2024-02-27
5913,18771,772,3,Okay overall.,2025-07-19
5914,18771,1071,4,Good value for money!,2025-02-08
5915,18771,1033,4,Good value for money!,2021-12-14
5916,18772,457,5,"Excellent product, highly recommend!",2023-03-16
5917,18772,103,4,Good value for money!,2023-02-06
5918,18792,291,3,Okay overall.,2023-03-19
5919,18792,275,3,Okay overall.,2021-04-07
5920,18793,260,5,"Excellent product, highly recommend!",2020-04-25
5921,18793,696,5,"Excellent product, highly recommend!",2023-01-24
5922,18795,1027,4,Good value for money!,2023-04-17
5923,18795,34,5,"Excellent product, highly recommend!",2021-05-06
5924,18795,75,2,Not great quality.,2020-09-24
5925,18797,777,2,Not great quality.,2020-07-19
5926,18802,1147,2,Not great quality.,2021-01-20
5927,18808,1132,5,"Excellent product, highly recommend!",2021-05-06
5928,18808,450,4,Good value for money!,2025-10-29
5929,18808,1079,4,Good value for money!,2021-03-10
5930,18814,207,5,"Excellent product, highly recommend!",2023-04-08
5931,18822,782,4,Good value for money!,2024-08-31
5932,18829,447,5,"Excellent product, highly recommend!",2024-08-12
5933,18833,176,3,Okay overall.,2024-06-09
5934,18838,792,4,Good value for money!,2021-05-03
5935,18838,563,5,"Excellent product, highly recommend!",2022-05-07
5936,18838,795,5,"Excellent product, highly recommend!",2021-08-10
5937,18841,796,3,Okay overall.,2021-11-21
5938,18848,404,4,Good value for money!,2020-01-11
5939,18848,510,3,Okay overall.,2025-01-18
5940,18865,976,4,Good value for money!,2022-12-11
5941,18865,949,5,"Excellent product, highly recommend!",2020-08-26
5942,18865,1117,5,"Excellent product, highly recommend!",2020-02-25
5943,18870,377,5,"Excellent product, highly recommend!",2021-03-24
5944,18870,357,5,"Excellent product, highly recommend!",2021-08-01
5945,18872,154,3,Okay overall.,2024-03-17
5946,18878,494,3,Okay overall.,2024-12-22
5947,18878,647,2,Not great quality.,2024-01-07
5948,18883,744,5,"Excellent product, highly recommend!",2023-01-05
5949,18883,686,4,Good value for money!,2020-06-02
5950,18889,870,4,Good value for money!,2022-05-17
5951,18896,403,5,"Excellent product, highly recommend!",2021-01-30
5952,18907,876,4,Good value for money!,2024-03-19
5953,18909,860,4,Good value for money!,2025-01-12
5954,18909,1009,4,Good value for money!,2022-12-14
5955,18909,870,5,"Excellent product, highly recommend!",2021-10-06
5956,18909,1160,3,Okay overall.,2022-02-02
5957,18909,772,3,Okay overall.,2020-10-10
5958,18911,591,4,Good value for money!,2022-08-14
5959,18911,181,5,"Excellent product, highly recommend!",2025-07-13
5960,18911,556,5,"Excellent product, highly recommend!",2023-07-05
5961,18911,627,4,Good value for money!,2021-06-22
5962,18920,442,4,Good value for money!,2020-07-24
5963,18920,837,4,Good value for money!,2025-01-06
5964,18926,83,5,"Excellent product, highly recommend!",2024-05-03
5965,18926,443,4,Good value for money!,2024-01-02
5966,18926,40,5,"Excellent product, highly recommend!",2023-02-26
5967,18931,1018,3,Okay overall.,2025-07-23
5968,18935,1089,4,Good value for money!,2021-05-31
5969,18937,1024,3,Okay overall.,2020-09-25
5970,18937,960,4,Good value for money!,2025-07-25
5971,18937,899,5,"Excellent product, highly recommend!",2025-05-21
5972,18944,945,4,Good value for money!,2025-07-24
5973,18944,1168,1,"Very disappointed, would not buy again.",2022-12-16
5974,18948,107,4,Good value for money!,2021-01-26
5975,18948,1005,3,Okay overall.,2021-10-09
5976,18951,1032,5,"Excellent product, highly recommend!",2022-03-18
5977,18952,1035,4,Good value for money!,2025-03-21
5978,18952,489,3,Okay overall.,2025-06-12
5979,18953,287,3,Okay overall.,2021-06-18
5980,18957,937,4,Good value for money!,2022-01-16
5981,18957,874,5,"Excellent product, highly recommend!",2025-09-27
5982,18971,690,5,"Excellent product, highly recommend!",2024-05-07
5983,18974,668,3,Okay overall.,2022-08-21
5984,18974,582,3,Okay overall.,2023-02-10
5985,18974,1144,5,"Excellent product, highly recommend!",2020-11-07
5986,18974,1085,5,"Excellent product, highly recommend!",2024-09-20
5987,18974,997,4,Good value for money!,2021-12-26
5988,18992,272,4,Good value for money!,2020-04-23
5989,18993,943,5,"Excellent product, highly recommend!",2025-05-11
5990,18994,441,3,Okay overall.,2020-02-05
5991,19004,933,3,Okay overall.,2024-06-07
5992,19004,481,5,"Excellent product, highly recommend!",2021-10-12
5993,19004,487,4,Good value for money!,2022-01-02
5994,19006,288,5,"Excellent product, highly recommend!",2024-10-26
5995,19008,886,4,Good value for money!,2022-11-08
5996,19008,1000,4,Good value for money!,2024-08-05
5997,19012,819,5,"Excellent product, highly recommend!",2022-08-04
5998,19012,770,5,"Excellent product, highly recommend!",2021-10-19
5999,19018,858,5,"Excellent product, highly recommend!",2021-03-04
6000,19018,949,4,Good value for money!,2023-12-29
6001,19029,914,4,Good value for money!,2025-08-15
6002,19029,743,5,"Excellent product, highly recommend!",2020-05-18
6003,19029,944,5,"Excellent product, highly recommend!",2025-02-20
6004,19029,313,5,"Excellent product, highly recommend!",2021-05-21
6005,19044,1103,5,"Excellent product, highly recommend!",2022-07-28
6006,19046,260,4,Good value for money!,2025-06-07
6007,19047,876,4,Good value for money!,2023-09-23
6008,19047,885,5,"Excellent product, highly recommend!",2025-02-24
6009,19049,1002,3,Okay overall.,2024-01-13
6010,19054,813,4,Good value for money!,2021-11-07
6011,19054,734,4,Good value for money!,2022-04-04
6012,19055,1149,4,Good value for money!,2024-07-15
6013,19055,780,4,Good value for money!,2024-10-28
6014,19056,492,3,Okay overall.,2021-07-05
6015,19056,1125,5,"Excellent product, highly recommend!",2023-02-20
6016,19056,687,5,"Excellent product, highly recommend!",2020-04-18
6017,19070,665,5,"Excellent product, highly recommend!",2025-09-27
6018,19070,587,3,Okay overall.,2022-10-28
6019,19078,907,4,Good value for money!,2022-12-25
6020,19079,428,5,"Excellent product, highly recommend!",2021-10-06
6021,19079,121,1,"Very disappointed, would not buy again.",2020-03-26
6022,19084,871,3,Okay overall.,2024-04-24
6023,19084,670,5,"Excellent product, highly recommend!",2021-04-26
6024,19110,753,5,"Excellent product, highly recommend!",2020-10-08
6025,19110,908,3,Okay overall.,2025-09-04
6026,19110,734,5,"Excellent product, highly recommend!",2024-03-12
6027,19111,963,4,Good value for money!,2025-07-14
6028,19111,719,1,"Very disappointed, would not buy again.",2024-10-25
6029,19111,902,4,Good value for money!,2023-07-03
6030,19116,914,3,Okay overall.,2020-12-02
6031,19116,817,5,"Excellent product, highly recommend!",2023-06-30
6032,19128,671,5,"Excellent product, highly recommend!",2020-07-08
6033,19133,711,4,Good value for money!,2025-06-04
6034,19135,601,3,Okay overall.,2022-06-05
6035,19135,677,4,Good value for money!,2024-08-18
6036,19135,1053,5,"Excellent product, highly recommend!",2022-12-22
6037,19139,262,2,Not great quality.,2021-06-19
6038,19139,190,5,"Excellent product, highly recommend!",2022-03-15
6039,19142,462,5,"Excellent product, highly recommend!",2023-07-24
6040,19142,396,4,Good value for money!,2021-08-11
6041,19142,505,5,"Excellent product, highly recommend!",2024-06-27
6042,19142,430,4,Good value for money!,2021-07-06
6043,19146,505,5,"Excellent product, highly recommend!",2022-05-15
6044,19146,1157,1,"Very disappointed, would not buy again.",2022-05-26
6045,19156,774,3,Okay overall.,2022-12-11
6046,19156,996,5,"Excellent product, highly recommend!",2022-03-23
6047,19157,891,5,"Excellent product, highly recommend!",2023-08-04
6048,19157,362,4,Good value for money!,2021-10-02
6049,19159,247,3,Okay overall.,2024-03-22
6050,19159,362,4,Good value for money!,2025-02-19
6051,19161,990,3,Okay overall.,2025-05-23
6052,19161,1069,3,Okay overall.,2020-11-13
6053,19163,929,4,Good value for money!,2025-05-20
6054,19164,1076,3,Okay overall.,2025-06-16
6055,19177,1085,3,Okay overall.,2025-06-21
6056,19177,1157,5,"Excellent product, highly recommend!",2021-12-22
6057,19177,1065,3,Okay overall.,2022-03-30
6058,19177,1054,3,Okay overall.,2023-01-31
6059,19179,683,4,Good value for money!,2021-03-14
6060,19199,279,5,"Excellent product, highly recommend!",2025-06-25
6061,19199,706,3,Okay overall.,2025-04-25
6062,19199,995,3,Okay overall.,2021-07-28
6063,19203,846,4,Good value for money!,2024-06-30
6064,19204,1142,5,"Excellent product, highly recommend!",2022-11-16
6065,19204,1028,5,"Excellent product, highly recommend!",2023-03-09
6066,19207,896,4,Good value for money!,2022-01-24
6067,19207,328,5,"Excellent product, highly recommend!",2024-03-26
6068,19207,694,5,"Excellent product, highly recommend!",2020-11-20
6069,19207,1148,5,"Excellent product, highly recommend!",2023-02-16
6070,19207,490,2,Not great quality.,2020-09-28
6071,19211,876,5,"Excellent product, highly recommend!",2022-12-29
6072,19212,479,3,Okay overall.,2020-02-26
6073,19212,327,5,"Excellent product, highly recommend!",2022-01-21
6074,19222,958,5,"Excellent product, highly recommend!",2023-04-15
6075,19228,328,4,Good value for money!,2025-03-15
6076,19228,182,4,Good value for money!,2025-05-18
6077,19228,244,1,"Very disappointed, would not buy again.",2020-02-05
6078,19242,905,5,"Excellent product, highly recommend!",2025-02-26
6079,19242,600,4,Good value for money!,2024-03-30
6080,19247,42,4,Good value for money!,2024-03-23
6081,19247,1025,4,Good value for money!,2020-02-18
6082,19253,890,5,"Excellent product, highly recommend!",2022-11-03
6083,19257,258,4,Good value for money!,2021-06-14
6084,19258,1044,1,"Very disappointed, would not buy again.",2020-06-03
6085,19262,412,3,Okay overall.,2023-11-05
6086,19267,1176,5,"Excellent product, highly recommend!",2020-12-23
6087,19267,618,5,"Excellent product, highly recommend!",2025-07-12
6088,19270,372,5,"Excellent product, highly recommend!",2023-04-26
6089,19273,900,1,"Very disappointed, would not buy again.",2023-03-18
6090,19275,918,5,"Excellent product, highly recommend!",2023-12-12
6091,19277,764,4,Good value for money!,2023-02-02
6092,19277,779,5,"Excellent product, highly recommend!",2023-02-12
6093,19282,845,5,"Excellent product, highly recommend!",2022-11-24
6094,19283,930,4,Good value for money!,2022-02-01
6095,19283,260,3,Okay overall.,2024-02-19
6096,19283,851,4,Good value for money!,2021-04-28
6097,19285,874,5,"Excellent product, highly recommend!",2020-02-21
6098,19285,976,5,"Excellent product, highly recommend!",2023-10-16
6099,19285,891,5,"Excellent product, highly recommend!",2021-11-24
6100,19285,1003,3,Okay overall.,2021-02-01
6101,19285,873,5,"Excellent product, highly recommend!",2020-04-22
6102,19298,477,5,"Excellent product, highly recommend!",2023-01-12
6103,19298,335,3,Okay overall.,2020-05-17
6104,19312,695,4,Good value for money!,2020-09-14
6105,19312,896,4,Good value for money!,2023-01-06
6106,19313,466,5,"Excellent product, highly recommend!",2020-01-12
6107,19315,241,5,"Excellent product, highly recommend!",2025-05-25
6108,19315,541,2,Not great quality.,2023-05-01
6109,19315,806,2,Not great quality.,2022-09-07
6110,19322,174,5,"Excellent product, highly recommend!",2021-07-24
6111,19322,1018,5,"Excellent product, highly recommend!",2023-01-02
6112,19322,974,4,Good value for money!,2023-05-16
6113,19322,401,3,Okay overall.,2021-08-03
6114,19341,1076,5,"Excellent product, highly recommend!",2020-01-08
6115,19341,489,5,"Excellent product, highly recommend!",2020-02-01
6116,19341,483,2,Not great quality.,2025-02-21
6117,19341,358,4,Good value for money!,2020-11-30
6118,19341,240,3,Okay overall.,2020-07-08
6119,19355,839,3,Okay overall.,2020-09-12
6120,19364,282,3,Okay overall.,2022-12-30
6121,19372,1151,5,"Excellent product, highly recommend!",2023-08-13
6122,19377,699,4,Good value for money!,2025-06-23
6123,19380,929,5,"Excellent product, highly recommend!",2024-10-23
6124,19383,925,5,"Excellent product, highly recommend!",2023-07-22
6125,19383,997,4,Good value for money!,2021-11-13
6126,19387,349,5,"Excellent product, highly recommend!",2024-06-27
6127,19387,379,5,"Excellent product, highly recommend!",2023-03-30
6128,19394,500,5,"Excellent product, highly recommend!",2024-02-13
6129,19398,1159,5,"Excellent product, highly recommend!",2024-01-31
6130,19403,709,5,"Excellent product, highly recommend!",2024-11-10
6131,19403,911,4,Good value for money!,2021-12-15
6132,19403,352,5,"Excellent product, highly recommend!",2022-11-17
6133,19403,885,4,Good value for money!,2025-10-07
6134,19412,1132,1,"Very disappointed, would not buy again.",2023-11-22
6135,19412,1180,1,"Very disappointed, would not buy again.",2022-03-28
6136,19413,677,4,Good value for money!,2022-11-17
6137,19413,1041,5,"Excellent product, highly recommend!",2023-01-15
6138,19413,858,4,Good value for money!,2024-07-25
6139,19413,219,5,"Excellent product, highly recommend!",2024-12-18
6140,19414,558,4,Good value for money!,2023-10-28
6141,19427,195,4,Good value for money!,2025-03-08
6142,19438,40,4,Good value for money!,2021-05-30
6143,19442,798,4,Good value for money!,2022-08-03
6144,19443,1059,5,"Excellent product, highly recommend!",2024-03-20
6145,19443,873,4,Good value for money!,2020-10-23
6146,19443,986,4,Good value for money!,2024-12-31
6147,19444,1145,3,Okay overall.,2024-01-11
6148,19444,389,4,Good value for money!,2025-03-04
6149,19444,930,4,Good value for money!,2021-06-17
6150,19447,583,4,Good value for money!,2020-11-15
6151,19456,958,4,Good value for money!,2021-08-01
6152,19463,1032,5,"Excellent product, highly recommend!",2024-07-17
6153,19466,440,5,"Excellent product, highly recommend!",2022-09-10
6154,19477,1041,2,Not great quality.,2022-09-08
6155,19477,1054,2,Not great quality.,2020-07-13
6156,19479,545,4,Good value for money!,2022-08-22
6157,19482,451,4,Good value for money!,2020-11-21
6158,19494,811,4,Good value for money!,2022-02-02
6159,19494,248,4,Good value for money!,2020-08-07
6160,19494,234,5,"Excellent product, highly recommend!",2021-06-14
6161,19506,1158,4,Good value for money!,2023-07-06
6162,19521,289,5,"Excellent product, highly recommend!",2024-09-27
6163,19534,522,4,Good value for money!,2025-01-19
6164,19540,1120,5,"Excellent product, highly recommend!",2024-05-25
6165,19540,1179,2,Not great quality.,2022-05-31
6166,19540,1117,4,Good value for money!,2024-03-27
6167,19551,1192,4,Good value for money!,2021-04-13
6168,19555,1114,4,Good value for money!,2025-08-11
6169,19555,199,3,Okay overall.,2020-01-13
6170,19558,923,1,"Very disappointed, would not buy again.",2022-09-25
6171,19560,362,5,"Excellent product, highly recommend!",2022-11-30
6172,19588,271,3,Okay overall.,2024-03-18
6173,19588,142,5,"Excellent product, highly recommend!",2022-05-28
6174,19593,1160,5,"Excellent product, highly recommend!",2023-01-22
6175,19593,288,2,Not great quality.,2021-04-18
6176,19594,832,5,"Excellent product, highly recommend!",2024-01-18
6177,19594,1083,5,"Excellent product, highly recommend!",2024-07-17
6178,19597,66,3,Okay overall.,2024-01-22
6179,19597,562,4,Good value for money!,2024-09-24
6180,19597,600,5,"Excellent product, highly recommend!",2021-02-23
6181,19597,526,4,Good value for money!,2025-08-06
6182,19599,781,5,"Excellent product, highly recommend!",2024-02-26
6183,19599,879,5,"Excellent product, highly recommend!",2024-09-20
6184,19602,312,5,"Excellent product, highly recommend!",2023-05-03
6185,19602,645,5,"Excellent product, highly recommend!",2023-09-11
6186,19602,400,5,"Excellent product, highly recommend!",2024-05-27
6187,19602,532,4,Good value for money!,2020-01-01
6188,19606,121,4,Good value for money!,2024-10-05
6189,19606,864,4,Good value for money!,2023-11-01
6190,19607,56,5,"Excellent product, highly recommend!",2024-03-31
6191,19607,205,3,Okay overall.,2022-08-24
6192,19607,1189,5,"Excellent product, highly recommend!",2022-02-14
6193,19609,394,3,Okay overall.,2022-02-25
6194,19610,870,5,"Excellent product, highly recommend!",2022-10-21
6195,19611,404,5,"Excellent product, highly recommend!",2024-01-14
6196,19636,327,5,"Excellent product, highly recommend!",2025-01-05
6197,19640,677,5,"Excellent product, highly recommend!",2022-07-25
6198,19640,633,4,Good value for money!,2023-01-26
6199,19640,531,4,Good value for money!,2021-01-29
6200,19640,479,4,Good value for money!,2021-01-27
6201,19641,253,5,"Excellent product, highly recommend!",2021-08-01
6202,19670,954,4,Good value for money!,2020-12-29
6203,19675,233,5,"Excellent product, highly recommend!",2024-07-26
6204,19677,320,4,Good value for money!,2020-03-09
6205,19679,974,5,"Excellent product, highly recommend!",2022-09-06
6206,19679,476,2,Not great quality.,2021-09-25
6207,19679,513,2,Not great quality.,2021-09-28
6208,19680,1097,4,Good value for money!,2020-07-07
6209,19680,1078,5,"Excellent product, highly recommend!",2020-02-20
6210,19692,732,4,Good value for money!,2025-01-25
6211,19697,761,5,"Excellent product, highly recommend!",2021-03-20
6212,19699,1135,3,Okay overall.,2024-10-05
6213,19699,964,5,"Excellent product, highly recommend!",2023-02-10
6214,19709,839,4,Good value for money!,2020-11-29
6215,19709,204,4,Good value for money!,2020-06-25
6216,19717,703,2,Not great quality.,2025-10-07
6217,19732,894,4,Good value for money!,2024-06-04
6218,19738,243,4,Good value for money!,2024-12-04
6219,19738,1129,5,"Excellent product, highly recommend!",2023-10-02
6220,19738,745,3,Okay overall.,2025-02-01
6221,19739,83,5,"Excellent product, highly recommend!",2024-04-29
6222,19739,505,5,"Excellent product, highly recommend!",2020-01-09
6223,19739,445,4,Good value for money!,2021-09-18
6224,19739,401,5,"Excellent product, highly recommend!",2021-05-05
6225,19743,392,5,"Excellent product, highly recommend!",2020-12-19
6226,19746,1119,5,"Excellent product, highly recommend!",2023-04-23
6227,19748,893,5,"Excellent product, highly recommend!",2022-01-12
6228,19748,14,2,Not great quality.,2021-07-15
6229,19751,438,4,Good value for money!,2022-09-07
6230,19759,607,4,Good value for money!,2023-04-21
6231,19759,1083,3,Okay overall.,2024-05-17
6232,19767,1160,1,"Very disappointed, would not buy again.",2020-06-23
6233,19767,206,5,"Excellent product, highly recommend!",2023-01-13
6234,19768,894,5,"Excellent product, highly recommend!",2022-08-16
6235,19768,628,2,Not great quality.,2024-02-24
6236,19770,673,5,"Excellent product, highly recommend!",2020-11-05
6237,19772,870,5,"Excellent product, highly recommend!",2022-12-19
6238,19780,1044,4,Good value for money!,2023-01-18
6239,19780,759,5,"Excellent product, highly recommend!",2024-06-03
6240,19780,94,5,"Excellent product, highly recommend!",2024-05-26
6241,19783,563,3,Okay overall.,2024-02-07
6242,19783,771,4,Good value for money!,2023-07-21
6243,19787,490,4,Good value for money!,2021-09-19
6244,19787,486,5,"Excellent product, highly recommend!",2024-09-01
6245,19787,409,5,"Excellent product, highly recommend!",2022-04-17
6246,19791,1142,3,Okay overall.,2025-04-25
6247,19797,934,3,Okay overall.,2024-01-06
6248,19799,423,1,"Very disappointed, would not buy again.",2021-04-22
6249,19803,968,4,Good value for money!,2024-09-09
6250,19803,733,4,Good value for money!,2025-05-19
6251,19807,872,3,Okay overall.,2024-08-23
6252,19807,1101,5,"Excellent product, highly recommend!",2025-02-01
6253,19807,583,4,Good value for money!,2024-11-26
6254,19807,200,4,Good value for money!,2022-04-01
6255,19812,895,3,Okay overall.,2020-07-12
6256,19815,448,1,"Very disappointed, would not buy again.",2020-10-15
6257,19815,1180,2,Not great quality.,2025-07-13
6258,19816,733,4,Good value for money!,2020-05-09
6259,19816,958,5,"Excellent product, highly recommend!",2023-05-03
6260,19823,69,5,"Excellent product, highly recommend!",2024-03-07
6261,19823,55,5,"Excellent product, highly recommend!",2021-06-15
6262,19824,762,5,"Excellent product, highly recommend!",2020-02-12
6263,19824,915,4,Good value for money!,2023-12-11
6264,19827,1126,4,Good value for money!,2022-08-16
6265,19827,686,4,Good value for money!,2021-10-15
6266,19829,214,4,Good value for money!,2023-12-05
6267,19829,1180,4,Good value for money!,2025-03-03
6268,19839,1052,3,Okay overall.,2022-11-14
6269,19839,360,4,Good value for money!,2024-01-07
6270,19842,1032,5,"Excellent product, highly recommend!",2022-06-18
6271,19843,669,4,Good value for money!,2025-02-15
6272,19844,278,4,Good value for money!,2024-06-11
6273,19844,435,3,Okay overall.,2024-06-01
6274,19851,485,5,"Excellent product, highly recommend!",2024-02-02
6275,19851,1181,4,Good value for money!,2021-05-12
6276,19855,289,4,Good value for money!,2023-11-24
6277,19859,792,4,Good value for money!,2021-12-21
6278,19861,805,2,Not great quality.,2024-11-24
6279,19867,1053,3,Okay overall.,2021-07-27
6280,19869,1061,3,Okay overall.,2021-04-27
6281,19882,880,4,Good value for money!,2025-01-30
6282,19882,1165,1,"Very disappointed, would not buy again.",2023-10-02
6283,19905,219,3,Okay overall.,2021-02-02
6284,19907,369,5,"Excellent product, highly recommend!",2023-04-24
6285,19907,498,3,Okay overall.,2024-05-28
6286,19907,863,4,Good value for money!,2024-03-09
6287,19914,525,4,Good value for money!,2020-10-20
6288,19914,636,2,Not great quality.,2024-10-24
6289,19914,514,3,Okay overall.,2021-01-26
6290,19916,929,3,Okay overall.,2025-02-19
6291,19916,849,5,"Excellent product, highly recommend!",2021-09-01
6292,19916,1023,3,Okay overall.,2021-11-28
6293,19919,574,4,Good value for money!,2020-09-21
6294,19920,451,4,Good value for money!,2025-05-23
6295,19950,505,5,"Excellent product, highly recommend!",2024-03-13
6296,19950,77,2,Not great quality.,2025-07-03
6297,19951,369,4,Good value for money!,2023-05-16
6298,19960,620,3,Okay overall.,2021-06-24
6299,19960,36,4,Good value for money!,2024-05-07
6300,19962,401,4,Good value for money!,2025-01-18
6301,19963,307,4,Good value for money!,2024-04-29
6302,19963,155,3,Okay overall.,2024-05-15
6303,19969,1150,4,Good value for money!,2023-05-27
6304,19969,1194,3,Okay overall.,2022-12-19
6305,19969,1029,4,Good value for money!,2022-04-28
6306,19974,908,4,Good value for money!,2022-08-20
6307,19990,1043,3,Okay overall.,2021-08-24
6308,19992,971,4,Good value for money!,2020-06-22
6309,19992,868,5,"Excellent product, highly recommend!",2020-06-30
6310,19992,770,4,Good value for money!,2023-03-10
6311,19992,974,4,Good value for money!,2020-08-25
6312,19992,943,4,Good value for money!,2022-08-04
6313,19995,730,2,Not great quality.,2020-03-23
6314,19995,804,4,Good value for money!,2021-04-14
6315,19997,1135,4,Good value for money!,2024-08-05
6316,20002,816,3,Okay overall.,2021-09-28
6317,20002,792,3,Okay overall.,2024-06-06
6318,20003,391,5,"Excellent product, highly recommend!",2022-04-25
6319,20003,375,5,"Excellent product, highly recommend!",2023-04-24
6320,20021,1160,3,Okay overall.,2025-10-06
6321,20021,294,5,"Excellent product, highly recommend!",2022-01-05
6322,20048,535,4,Good value for money!,2021-07-07
6323,20052,504,3,Okay overall.,2025-04-28
6324,20053,1141,4,Good value for money!,2025-02-14
6325,20056,374,4,Good value for money!,2020-05-11
6326,20057,330,5,"Excellent product, highly recommend!",2022-09-20
6327,20063,664,5,"Excellent product, highly recommend!",2022-03-21
6328,20063,487,4,Good value for money!,2021-01-06
6329,20075,1103,4,Good value for money!,2024-10-06
6330,20075,358,4,Good value for money!,2020-09-07
6331,20075,1170,4,Good value for money!,2020-09-13
6332,20080,464,5,"Excellent product, highly recommend!",2020-02-19
6333,20080,428,5,"Excellent product, highly recommend!",2024-09-05
6334,20080,462,5,"Excellent product, highly recommend!",2024-07-17
6335,20080,422,4,Good value for money!,2024-12-26
6336,20113,1124,4,Good value for money!,2022-11-30
6337,20113,1038,4,Good value for money!,2020-11-30
6338,20113,865,3,Okay overall.,2024-12-04
6339,20113,93,5,"Excellent product, highly recommend!",2024-12-08
6340,20126,1011,1,"Very disappointed, would not buy again.",2025-02-18
6341,20126,913,4,Good value for money!,2020-11-11
6342,20126,881,3,Okay overall.,2022-06-19
6343,20136,247,1,"Very disappointed, would not buy again.",2020-06-09
6344,20136,184,4,Good value for money!,2023-02-14
6345,20138,1108,4,Good value for money!,2021-02-17
6346,20138,1063,4,Good value for money!,2021-06-08
6347,20144,867,4,Good value for money!,2022-04-28
6348,20149,1078,4,Good value for money!,2021-12-09
6349,20153,4,4,Good value for money!,2021-03-16
6350,20161,1062,4,Good value for money!,2021-12-10
6351,20161,688,2,Not great quality.,2022-03-16
6352,20161,675,3,Okay overall.,2020-12-25
6353,20164,328,5,"Excellent product, highly recommend!",2022-08-11
6354,20164,853,5,"Excellent product, highly recommend!",2020-06-20
6355,20172,590,4,Good value for money!,2023-03-04
6356,20172,571,3,Okay overall.,2023-05-17
6357,20190,489,2,Not great quality.,2024-12-05
6358,20194,986,5,"Excellent product, highly recommend!",2022-10-19
6359,20195,981,4,Good value for money!,2021-02-17
6360,20196,1108,5,"Excellent product, highly recommend!",2021-01-24
6361,20199,1194,5,"Excellent product, highly recommend!",2022-01-23
6362,20199,1089,2,Not great quality.,2023-10-05
6363,20199,1142,3,Okay overall.,2024-01-23
6364,20211,958,4,Good value for money!,2024-05-17
6365,20213,664,4,Good value for money!,2020-05-24
6366,20222,871,3,Okay overall.,2024-01-13
6367,20222,965,3,Okay overall.,2022-12-25
6368,20257,106,5,"Excellent product, highly recommend!",2021-04-15
6369,20260,1010,5,"Excellent product, highly recommend!",2025-05-02
6370,20262,896,5,"Excellent product, highly recommend!",2022-03-19
6371,20262,1175,4,Good value for money!,2021-04-02
6372,20265,429,5,"Excellent product, highly recommend!",2021-03-01
6373,20269,315,4,Good value for money!,2022-05-11
6374,20277,267,4,Good value for money!,2025-01-22
6375,20277,334,3,Okay overall.,2022-01-22
6376,20277,338,4,Good value for money!,2020-06-23
6377,20279,583,4,Good value for money!,2021-05-31
6378,20279,1177,5,"Excellent product, highly recommend!",2022-12-26
6379,20279,762,5,"Excellent product, highly recommend!",2022-08-03
6380,20279,313,5,"Excellent product, highly recommend!",2021-09-04
6381,20283,1162,5,"Excellent product, highly recommend!",2025-01-02
6382,20283,429,5,"Excellent product, highly recommend!",2020-10-03
6383,20304,1052,4,Good value for money!,2025-04-08
6384,20304,721,4,Good value for money!,2021-04-26
6385,20315,701,3,Okay overall.,2020-06-01
6386,20315,984,4,Good value for money!,2023-11-07
6387,20315,427,1,"Very disappointed, would not buy again.",2021-07-27
6388,20324,795,2,Not great quality.,2024-07-21
6389,20324,832,5,"Excellent product, highly recommend!",2025-08-21
6390,20324,854,3,Okay overall.,2020-08-20
6391,20325,971,3,Okay overall.,2023-11-16
6392,20325,491,4,Good value for money!,2020-10-06
6393,20327,1052,5,"Excellent product, highly recommend!",2024-05-17
6394,20327,1159,3,Okay overall.,2025-01-04
6395,20327,1104,5,"Excellent product, highly recommend!",2020-04-11
6396,20330,565,3,Okay overall.,2020-05-31
6397,20351,993,5,"Excellent product, highly recommend!",2020-09-14
6398,20351,669,4,Good value for money!,2023-04-17
6399,20351,973,5,"Excellent product, highly recommend!",2021-06-24
6400,20351,941,2,Not great quality.,2025-08-16
6401,20358,359,5,"Excellent product, highly recommend!",2025-09-16
6402,20358,224,5,"Excellent product, highly recommend!",2025-02-16
6403,20358,954,3,Okay overall.,2022-12-20
6404,20361,795,5,"Excellent product, highly recommend!",2023-01-19
6405,20366,1081,5,"Excellent product, highly recommend!",2020-04-18
6406,20366,1161,5,"Excellent product, highly recommend!",2023-03-02
6407,20366,1173,5,"Excellent product, highly recommend!",2020-07-03
6408,20370,344,3,Okay overall.,2025-10-25
6409,20370,384,5,"Excellent product, highly recommend!",2021-08-07
6410,20371,62,2,Not great quality.,2021-09-12
6411,20375,678,5,"Excellent product, highly recommend!",2020-07-25
6412,20378,664,5,"Excellent product, highly recommend!",2024-08-11
6413,20378,533,5,"Excellent product, highly recommend!",2020-02-17
6414,20380,340,4,Good value for money!,2024-11-23
6415,20387,365,5,"Excellent product, highly recommend!",2023-09-14
6416,20387,1011,4,Good value for money!,2024-04-17
6417,20389,912,5,"Excellent product, highly recommend!",2021-04-28
6418,20389,505,5,"Excellent product, highly recommend!",2020-07-17
6419,20394,239,3,Okay overall.,2023-03-04
6420,20395,574,4,Good value for money!,2025-07-03
6421,20396,946,3,Okay overall.,2022-04-02
6422,20396,447,5,"Excellent product, highly recommend!",2023-01-04
6423,20396,322,4,Good value for money!,2025-10-16
6424,20408,940,5,"Excellent product, highly recommend!",2022-05-15
6425,20411,582,4,Good value for money!,2021-06-21
6426,20414,1197,1,"Very disappointed, would not buy again.",2024-06-15
6427,20414,970,5,"Excellent product, highly recommend!",2021-04-05
6428,20414,1067,4,Good value for money!,2025-10-28
6429,20431,1129,2,Not great quality.,2025-03-20
6430,20431,904,5,"Excellent product, highly recommend!",2024-09-17
6431,20431,1003,4,Good value for money!,2024-08-28
6432,20435,111,5,"Excellent product, highly recommend!",2023-04-10
6433,20446,505,3,Okay overall.,2022-07-27
6434,20446,428,5,"Excellent product, highly recommend!",2023-11-09
6435,20446,391,4,Good value for money!,2023-07-24
6436,20448,309,5,"Excellent product, highly recommend!",2020-11-08
6437,20448,276,3,Okay overall.,2023-08-09
6438,20450,670,3,Okay overall.,2020-12-05
6439,20455,197,5,"Excellent product, highly recommend!",2024-03-28
6440,20455,1126,4,Good value for money!,2024-11-15
6441,20457,998,3,Okay overall.,2020-06-26
6442,20463,1148,4,Good value for money!,2025-03-07
6443,20473,285,4,Good value for money!,2021-08-04
6444,20474,216,2,Not great quality.,2021-01-16
6445,20478,1016,1,"Very disappointed, would not buy again.",2021-06-30
6446,20478,938,5,"Excellent product, highly recommend!",2021-08-11
6447,20478,1020,4,Good value for money!,2021-07-07
6448,20495,591,3,Okay overall.,2023-04-04
6449,20495,564,5,"Excellent product, highly recommend!",2022-08-24
6450,20495,1116,4,Good value for money!,2022-04-08
6451,20503,1082,5,"Excellent product, highly recommend!",2025-02-09
6452,20506,929,5,"Excellent product, highly recommend!",2020-09-16
6453,20506,918,2,Not great quality.,2024-09-02
6454,20506,1016,4,Good value for money!,2023-05-29
6455,20511,897,3,Okay overall.,2024-06-17
6456,20517,811,5,"Excellent product, highly recommend!",2022-09-02
6457,20520,898,4,Good value for money!,2022-03-29
6458,20520,1185,4,Good value for money!,2021-07-05
6459,20520,626,3,Okay overall.,2025-02-03
6460,20521,838,4,Good value for money!,2022-07-18
6461,20521,982,4,Good value for money!,2022-01-03
6462,20524,458,4,Good value for money!,2021-02-19
6463,20524,446,3,Okay overall.,2023-04-01
6464,20524,457,4,Good value for money!,2024-06-25
6465,20524,486,5,"Excellent product, highly recommend!",2025-03-06
6466,20526,938,4,Good value for money!,2022-11-05
6467,20526,463,5,"Excellent product, highly recommend!",2021-03-28
6468,20526,1156,3,Okay overall.,2025-07-19
6469,20526,1175,3,Okay overall.,2023-03-07
6470,20528,273,5,"Excellent product, highly recommend!",2024-04-06
6471,20530,1170,4,Good value for money!,2022-03-02
6472,20530,1097,3,Okay overall.,2023-10-22
6473,20539,898,4,Good value for money!,2024-10-16
6474,20541,504,5,"Excellent product, highly recommend!",2025-06-16
6475,20541,482,5,"Excellent product, highly recommend!",2024-07-26
6476,20541,361,3,Okay overall.,2024-08-22
6477,20543,889,3,Okay overall.,2024-05-25
6478,20543,1186,4,Good value for money!,2020-01-03
6479,20548,1140,5,"Excellent product, highly recommend!",2020-11-23
6480,20548,438,5,"Excellent product, highly recommend!",2020-01-23
6481,20548,1094,1,"Very disappointed, would not buy again.",2025-08-13
6482,20559,466,5,"Excellent product, highly recommend!",2025-08-04
6483,20559,481,2,Not great quality.,2025-05-18
6484,20564,1130,5,"Excellent product, highly recommend!",2025-02-08
6485,20565,1147,3,Okay overall.,2024-02-26
6486,20569,772,5,"Excellent product, highly recommend!",2024-09-14
6487,20571,711,5,"Excellent product, highly recommend!",2022-12-16
6488,20572,485,4,Good value for money!,2025-01-15
6489,20572,405,4,Good value for money!,2020-03-24
6490,20579,722,4,Good value for money!,2024-10-28
6491,20595,162,3,Okay overall.,2024-12-02
6492,20600,804,5,"Excellent product, highly recommend!",2025-09-13
6493,20600,744,5,"Excellent product, highly recommend!",2022-09-02
6494,20600,707,4,Good value for money!,2020-05-13
6495,20600,412,5,"Excellent product, highly recommend!",2023-11-30
6496,20603,485,4,Good value for money!,2025-08-07
6497,20603,354,5,"Excellent product, highly recommend!",2025-07-06
6498,20603,289,5,"Excellent product, highly recommend!",2023-01-16
6499,20603,503,4,Good value for money!,2021-09-20
6500,20608,1106,3,Okay overall.,2020-04-01
6501,20608,1092,3,Okay overall.,2025-06-12
6502,20608,1137,5,"Excellent product, highly recommend!",2024-03-09
6503,20608,934,4,Good value for money!,2021-01-16
6504,20608,1179,4,Good value for money!,2025-05-19
6505,20612,565,3,Okay overall.,2023-06-18
6506,20614,207,5,"Excellent product, highly recommend!",2021-07-25
6507,20620,968,5,"Excellent product, highly recommend!",2022-08-04
6508,20626,463,4,Good value for money!,2025-03-01
6509,20626,509,4,Good value for money!,2022-01-19
6510,20626,460,4,Good value for money!,2020-09-09
6511,20630,827,3,Okay overall.,2021-01-19
6512,20630,761,5,"Excellent product, highly recommend!",2025-10-14
6513,20631,204,3,Okay overall.,2021-09-21
6514,20632,714,5,"Excellent product, highly recommend!",2021-05-16
6515,20632,823,5,"Excellent product, highly recommend!",2021-03-05
6516,20635,303,4,Good value for money!,2020-04-04
6517,20639,228,4,Good value for money!,2025-06-24
6518,20648,614,4,Good value for money!,2020-02-28
6519,20648,623,4,Good value for money!,2021-11-13
6520,20648,802,3,Okay overall.,2022-07-13
6521,20650,1062,2,Not great quality.,2022-07-07
6522,20650,1155,5,"Excellent product, highly recommend!",2024-04-13
6523,20652,947,4,Good value for money!,2023-03-28
6524,20660,1191,4,Good value for money!,2023-10-28
6525,20660,401,3,Okay overall.,2021-12-25
6526,20669,1195,5,"Excellent product, highly recommend!",2025-02-13
6527,20669,984,4,Good value for money!,2024-02-25
6528,20680,669,5,"Excellent product, highly recommend!",2024-08-22
6529,20685,793,5,"Excellent product, highly recommend!",2021-05-28
6530,20685,69,5,"Excellent product, highly recommend!",2020-03-07
6531,20688,741,5,"Excellent product, highly recommend!",2020-03-04
6532,20702,472,5,"Excellent product, highly recommend!",2020-04-04
6533,20702,1173,2,Not great quality.,2023-01-26
6534,20712,356,4,Good value for money!,2021-08-08
6535,20712,379,5,"Excellent product, highly recommend!",2023-03-06
6536,20713,898,4,Good value for money!,2021-04-14
6537,20714,805,5,"Excellent product, highly recommend!",2025-04-27
6538,20714,717,4,Good value for money!,2022-01-11
6539,20722,1150,4,Good value for money!,2024-11-29
6540,20726,360,2,Not great quality.,2021-12-07
6541,20739,929,4,Good value for money!,2021-11-02
6542,20744,996,3,Okay overall.,2025-09-03
6543,20746,699,5,"Excellent product, highly recommend!",2020-07-20
6544,20748,896,5,"Excellent product, highly recommend!",2021-09-23
6545,20748,981,4,Good value for money!,2025-01-11
6546,20748,868,5,"Excellent product, highly recommend!",2021-10-14
6547,20756,250,2,Not great quality.,2024-04-18
6548,20756,1066,5,"Excellent product, highly recommend!",2023-05-31
6549,20759,204,4,Good value for money!,2020-12-08
6550,20759,255,4,Good value for money!,2024-03-18
6551,20759,244,5,"Excellent product, highly recommend!",2021-08-19
6552,20764,780,5,"Excellent product, highly recommend!",2020-11-08
6553,20764,265,2,Not great quality.,2022-03-28
6554,20764,1007,5,"Excellent product, highly recommend!",2022-02-14
6555,20766,879,4,Good value for money!,2024-05-07
6556,20768,615,4,Good value for money!,2024-12-22
6557,20772,678,4,Good value for money!,2025-08-03
6558,20780,966,5,"Excellent product, highly recommend!",2025-01-26
6559,20785,226,5,"Excellent product, highly recommend!",2020-04-15
6560,20785,706,4,Good value for money!,2021-06-02
6561,20787,1184,5,"Excellent product, highly recommend!",2024-03-14
6562,20788,193,4,Good value for money!,2023-02-10
6563,20792,1070,5,"Excellent product, highly recommend!",2025-10-13
6564,20794,571,3,Okay overall.,2022-11-20
6565,20794,1044,5,"Excellent product, highly recommend!",2022-01-24
6566,20794,897,5,"Excellent product, highly recommend!",2021-06-14
6567,20803,778,5,"Excellent product, highly recommend!",2023-12-08
6568,20809,781,4,Good value for money!,2025-01-25
6569,20809,1129,2,Not great quality.,2024-10-23
6570,20809,1092,4,Good value for money!,2023-09-28
6571,20813,813,4,Good value for money!,2022-12-16
6572,20813,741,4,Good value for money!,2020-07-21
6573,20818,25,5,"Excellent product, highly recommend!",2022-02-02
6574,20818,433,4,Good value for money!,2024-11-22
6575,20818,891,4,Good value for money!,2025-02-24
6576,20823,360,5,"Excellent product, highly recommend!",2024-11-06
6577,20824,1067,5,"Excellent product, highly recommend!",2025-02-03
6578,20826,423,2,Not great quality.,2021-03-30
6579,20829,154,5,"Excellent product, highly recommend!",2025-06-13
6580,20829,679,5,"Excellent product, highly recommend!",2023-09-29
6581,20829,842,4,Good value for money!,2025-05-29
6582,20831,1160,4,Good value for money!,2021-05-01
6583,20831,541,3,Okay overall.,2025-07-23
6584,20838,620,3,Okay overall.,2021-03-07
6585,20839,1026,5,"Excellent product, highly recommend!",2025-03-27
6586,20849,190,2,Not great quality.,2020-09-24
6587,20849,231,4,Good value for money!,2022-01-11
6588,20849,325,5,"Excellent product, highly recommend!",2023-04-20
6589,20851,351,3,Okay overall.,2021-07-12
6590,20858,675,4,Good value for money!,2022-10-22
6591,20860,1149,4,Good value for money!,2022-03-15
6592,20860,496,4,Good value for money!,2021-10-22
6593,20870,740,5,"Excellent product, highly recommend!",2021-06-13
6594,20870,914,5,"Excellent product, highly recommend!",2024-11-05
6595,20870,487,3,Okay overall.,2022-02-15
6596,20871,941,4,Good value for money!,2023-10-27
6597,20871,912,2,Not great quality.,2023-12-09
6598,20877,967,5,"Excellent product, highly recommend!",2020-11-22
6599,20877,942,4,Good value for money!,2020-01-26
6600,20877,1012,5,"Excellent product, highly recommend!",2024-03-19
6601,20880,1061,1,"Very disappointed, would not buy again.",2020-07-26
6602,20880,359,3,Okay overall.,2022-06-23
6603,20880,452,5,"Excellent product, highly recommend!",2023-11-08
6604,20895,1056,4,Good value for money!,2020-01-10
6605,20911,1149,5,"Excellent product, highly recommend!",2024-10-12
6606,20911,1085,5,"Excellent product, highly recommend!",2022-07-15
6607,20914,612,3,Okay overall.,2025-02-23
6608,20930,356,3,Okay overall.,2024-03-25
6609,20931,1165,5,"Excellent product, highly recommend!",2025-09-24
6610,20931,476,5,"Excellent product, highly recommend!",2022-12-18
6611,20933,129,5,"Excellent product, highly recommend!",2024-02-26
6612,20933,470,3,Okay overall.,2024-12-04
6613,20938,1097,5,"Excellent product, highly recommend!",2022-06-20
6614,20938,213,4,Good value for money!,2021-09-18
6615,20939,198,4,Good value for money!,2025-01-14
6616,20939,1145,5,"Excellent product, highly recommend!",2020-04-08
6617,20947,638,4,Good value for money!,2021-01-11
6618,20948,208,4,Good value for money!,2020-10-12
6619,20948,282,3,Okay overall.,2021-09-16
6620,20948,1159,5,"Excellent product, highly recommend!",2025-09-05
6621,20952,1021,3,Okay overall.,2024-05-07
6622,20952,1125,4,Good value for money!,2021-04-19
6623,20955,1030,5,"Excellent product, highly recommend!",2024-01-26
6624,20955,445,3,Okay overall.,2020-03-15
6625,20955,847,4,Good value for money!,2020-03-13
6626,20955,1059,5,"Excellent product, highly recommend!",2024-02-14
6627,20956,1103,5,"Excellent product, highly recommend!",2021-09-30
6628,20960,740,5,"Excellent product, highly recommend!",2024-08-09
6629,20964,1014,5,"Excellent product, highly recommend!",2025-10-12
6630,20967,1162,5,"Excellent product, highly recommend!",2025-08-19
6631,20967,460,5,"Excellent product, highly recommend!",2025-01-17
6632,20967,1125,3,Okay overall.,2021-04-26
6633,20981,118,5,"Excellent product, highly recommend!",2022-04-26
6634,20994,1131,3,Okay overall.,2020-10-03
6635,21011,463,4,Good value for money!,2021-03-25
6636,21011,449,5,"Excellent product, highly recommend!",2022-09-09
6637,21017,442,4,Good value for money!,2022-05-23
6638,21017,753,4,Good value for money!,2025-06-19
6639,21021,967,3,Okay overall.,2023-06-24
6640,21023,209,3,Okay overall.,2022-02-26
6641,21033,924,4,Good value for money!,2025-04-14
6642,21034,912,5,"Excellent product, highly recommend!",2025-08-31
6643,21040,377,5,"Excellent product, highly recommend!",2021-07-07
6644,21040,827,4,Good value for money!,2022-12-06
6645,21046,909,4,Good value for money!,2023-11-20
6646,21049,807,4,Good value for money!,2021-05-09
6647,21049,392,2,Not great quality.,2021-12-04
6648,21059,369,5,"Excellent product, highly recommend!",2024-01-07
6649,21075,701,5,"Excellent product, highly recommend!",2020-03-21
6650,21080,753,2,Not great quality.,2024-01-20
6651,21083,308,5,"Excellent product, highly recommend!",2023-09-16
6652,21083,373,3,Okay overall.,2020-05-19
6653,21083,416,4,Good value for money!,2022-05-18
6654,21086,770,5,"Excellent product, highly recommend!",2020-01-21
6655,21086,816,3,Okay overall.,2023-04-02
6656,21089,481,4,Good value for money!,2024-07-07
6657,21096,513,4,Good value for money!,2023-12-26
6658,21097,1151,3,Okay overall.,2021-04-08
6659,21097,1134,5,"Excellent product, highly recommend!",2024-02-08
6660,21103,196,4,Good value for money!,2022-09-13
6661,21106,921,4,Good value for money!,2025-07-11
6662,21120,404,4,Good value for money!,2022-11-28
6663,21122,1044,3,Okay overall.,2020-11-11
6664,21127,922,4,Good value for money!,2022-10-17
6665,21127,1004,5,"Excellent product, highly recommend!",2022-12-31
6666,21132,1049,3,Okay overall.,2020-10-29
6667,21132,1037,4,Good value for money!,2024-07-21
6668,21140,1191,4,Good value for money!,2022-07-31
6669,21146,612,5,"Excellent product, highly recommend!",2021-04-26
6670,21148,838,4,Good value for money!,2021-10-15
6671,21149,118,3,Okay overall.,2025-07-30
6672,21152,825,4,Good value for money!,2022-05-24
6673,21152,832,1,"Very disappointed, would not buy again.",2023-11-12
6674,21154,275,4,Good value for money!,2020-01-04
6675,21157,1112,4,Good value for money!,2020-10-27
6676,21158,1060,2,Not great quality.,2025-07-26
6677,21158,282,4,Good value for money!,2022-10-05
6678,21158,427,5,"Excellent product, highly recommend!",2022-06-27
6679,21162,1190,5,"Excellent product, highly recommend!",2020-06-02
6680,21162,1119,5,"Excellent product, highly recommend!",2023-10-10
6681,21165,268,4,Good value for money!,2024-01-25
6682,21165,248,3,Okay overall.,2022-09-19
6683,21171,352,3,Okay overall.,2022-10-14
6684,21171,935,2,Not great quality.,2022-05-07
6685,21173,522,5,"Excellent product, highly recommend!",2025-08-25
6686,21179,917,5,"Excellent product, highly recommend!",2022-11-19
6687,21182,945,4,Good value for money!,2021-11-25
6688,21186,709,3,Okay overall.,2024-10-05
6689,21188,31,5,"Excellent product, highly recommend!",2023-10-10
6690,21190,1148,5,"Excellent product, highly recommend!",2024-08-20
6691,21190,446,4,Good value for money!,2022-12-26
6692,21195,201,5,"Excellent product, highly recommend!",2025-08-29
6693,21195,211,4,Good value for money!,2024-11-28
6694,21197,114,5,"Excellent product, highly recommend!",2023-03-21
6695,21197,18,4,Good value for money!,2021-05-10
6696,21200,761,5,"Excellent product, highly recommend!",2020-04-01
6697,21204,1137,5,"Excellent product, highly recommend!",2025-11-01
6698,21204,443,4,Good value for money!,2021-03-14
6699,21219,1001,5,"Excellent product, highly recommend!",2024-07-26
6700,21219,496,4,Good value for money!,2024-02-12
6701,21220,464,4,Good value for money!,2024-03-26
6702,21231,38,2,Not great quality.,2021-10-01
6703,21232,441,5,"Excellent product, highly recommend!",2023-10-02
6704,21233,288,5,"Excellent product, highly recommend!",2024-01-25
6705,21233,881,5,"Excellent product, highly recommend!",2020-04-16
6706,21235,741,4,Good value for money!,2020-10-04
6707,21236,24,5,"Excellent product, highly recommend!",2022-08-19
6708,21236,206,5,"Excellent product, highly recommend!",2022-09-10
6709,21236,169,5,"Excellent product, highly recommend!",2024-05-20
6710,21240,976,4,Good value for money!,2025-07-21
6711,21241,1068,3,Okay overall.,2021-02-06
6712,21241,1191,4,Good value for money!,2022-01-18
6713,21245,156,3,Okay overall.,2025-07-09
6714,21247,1082,4,Good value for money!,2022-04-01
6715,21247,23,4,Good value for money!,2024-03-23
6716,21274,890,4,Good value for money!,2020-09-15
6717,21274,958,2,Not great quality.,2025-04-24
6718,21274,946,5,"Excellent product, highly recommend!",2021-04-20
6719,21274,1020,4,Good value for money!,2022-03-16
6720,21274,992,3,Okay overall.,2021-04-14
6721,21275,415,5,"Excellent product, highly recommend!",2022-03-14
6722,21279,899,3,Okay overall.,2023-10-31
6723,21279,863,4,Good value for money!,2024-06-09
6724,21279,920,4,Good value for money!,2023-03-23
6725,21280,483,4,Good value for money!,2021-06-21
6726,21280,1084,4,Good value for money!,2021-12-16
6727,21282,974,4,Good value for money!,2020-07-07
6728,21283,520,5,"Excellent product, highly recommend!",2023-05-17
6729,21283,684,5,"Excellent product, highly recommend!",2021-11-08
6730,21289,215,4,Good value for money!,2020-02-20
6731,21289,250,5,"Excellent product, highly recommend!",2022-03-19
6732,21299,1160,3,Okay overall.,2021-09-30
6733,21310,229,4,Good value for money!,2024-04-05
6734,21313,278,5,"Excellent product, highly recommend!",2021-12-05
6735,21313,1191,4,Good value for money!,2023-06-21
6736,21317,10,5,"Excellent product, highly recommend!",2024-07-13
6737,21324,255,3,Okay overall.,2023-05-15
6738,21324,879,4,Good value for money!,2022-03-09
6739,21332,485,4,Good value for money!,2020-09-23
6740,21332,385,3,Okay overall.,2021-06-12
6741,21337,1000,5,"Excellent product, highly recommend!",2023-07-06
6742,21337,128,3,Okay overall.,2024-11-17
6743,21337,1165,5,"Excellent product, highly recommend!",2024-03-20
6744,21342,354,4,Good value for money!,2020-01-23
6745,21356,176,3,Okay overall.,2023-09-13
6746,21360,917,3,Okay overall.,2025-05-23
6747,21363,51,5,"Excellent product, highly recommend!",2021-06-03
6748,21371,316,4,Good value for money!,2020-02-03
6749,21373,635,4,Good value for money!,2024-09-10
6750,21373,493,5,"Excellent product, highly recommend!",2025-02-01
6751,21382,890,3,Okay overall.,2023-12-26
6752,21390,326,1,"Very disappointed, would not buy again.",2023-01-01
6753,21391,493,5,"Excellent product, highly recommend!",2025-09-02
6754,21393,392,1,"Very disappointed, would not buy again.",2024-03-22
6755,21395,1065,3,Okay overall.,2022-12-05
6756,21405,715,4,Good value for money!,2021-12-11
6757,21405,84,5,"Excellent product, highly recommend!",2023-07-25
6758,21411,379,5,"Excellent product, highly recommend!",2023-10-27
6759,21426,793,1,"Very disappointed, would not buy again.",2023-03-11
6760,21434,990,5,"Excellent product, highly recommend!",2020-03-22
6761,21434,912,3,Okay overall.,2024-05-22
6762,21434,263,2,Not great quality.,2025-03-03
6763,21449,36,5,"Excellent product, highly recommend!",2022-01-17
6764,21449,525,5,"Excellent product, highly recommend!",2021-05-18
6765,21461,95,5,"Excellent product, highly recommend!",2025-08-25
6766,21467,404,5,"Excellent product, highly recommend!",2023-12-09
6767,21471,490,5,"Excellent product, highly recommend!",2020-07-06
6768,21478,854,4,Good value for money!,2023-04-26
6769,21478,729,4,Good value for money!,2025-05-16
6770,21478,265,3,Okay overall.,2021-01-20
6771,21478,845,3,Okay overall.,2024-01-16
6772,21483,96,4,Good value for money!,2022-01-15
6773,21495,367,3,Okay overall.,2020-04-19
6774,21495,602,5,"Excellent product, highly recommend!",2022-03-29
6775,21495,1176,4,Good value for money!,2025-01-24
6776,21495,879,5,"Excellent product, highly recommend!",2024-04-02
6777,21504,876,3,Okay overall.,2022-01-15
6778,21504,467,4,Good value for money!,2024-12-07
6779,21511,702,5,"Excellent product, highly recommend!",2025-05-05
6780,21511,288,2,Not great quality.,2023-06-04
6781,21514,918,5,"Excellent product, highly recommend!",2024-12-09
6782,21514,946,5,"Excellent product, highly recommend!",2021-02-07
6783,21514,884,4,Good value for money!,2021-10-15
6784,21514,897,5,"Excellent product, highly recommend!",2020-09-13
6785,21519,1126,5,"Excellent product, highly recommend!",2024-05-03
6786,21531,1039,5,"Excellent product, highly recommend!",2020-01-23
6787,21535,623,4,Good value for money!,2025-06-07
6788,21536,327,4,Good value for money!,2023-04-23
6789,21537,578,2,Not great quality.,2020-05-14
6790,21539,235,5,"Excellent product, highly recommend!",2021-09-10
6791,21540,694,4,Good value for money!,2023-07-09
6792,21542,1004,5,"Excellent product, highly recommend!",2021-06-06
6793,21542,1188,5,"Excellent product, highly recommend!",2025-10-31
6794,21542,1158,4,Good value for money!,2022-03-01
6795,21542,1175,4,Good value for money!,2024-06-11
6796,21544,438,5,"Excellent product, highly recommend!",2023-11-03
6797,21554,952,4,Good value for money!,2022-03-03
6798,21566,95,3,Okay overall.,2022-05-25
6799,21568,1022,5,"Excellent product, highly recommend!",2025-03-23
6800,21568,564,1,"Very disappointed, would not buy again.",2025-08-10
6801,21582,1151,4,Good value for money!,2023-06-01
6802,21582,1032,4,Good value for money!,2025-08-13
6803,21582,1032,4,Good value for money!,2023-05-07
6804,21587,132,4,Good value for money!,2021-02-26
6805,21590,405,4,Good value for money!,2022-06-05
6806,21590,375,1,"Very disappointed, would not buy again.",2022-07-12
6807,21594,580,4,Good value for money!,2021-06-30
6808,21594,405,1,"Very disappointed, would not buy again.",2022-05-05
6809,21597,953,4,Good value for money!,2024-06-12
6810,21597,253,5,"Excellent product, highly recommend!",2024-03-18
6811,21597,234,4,Good value for money!,2024-12-12
6812,21597,348,5,"Excellent product, highly recommend!",2025-05-22
6813,21600,646,5,"Excellent product, highly recommend!",2020-11-09
6814,21600,575,5,"Excellent product, highly recommend!",2025-10-03
6815,21600,1119,4,Good value for money!,2025-02-08
6816,21604,792,2,Not great quality.,2024-01-17
6817,21604,748,4,Good value for money!,2025-06-21
6818,21619,703,3,Okay overall.,2024-01-12
6819,21623,495,5,"Excellent product, highly recommend!",2020-04-17
6820,21623,740,2,Not great quality.,2022-12-24
6821,21642,453,5,"Excellent product, highly recommend!",2021-11-27
6822,21642,690,4,Good value for money!,2021-02-20
6823,21642,476,4,Good value for money!,2021-09-09
6824,21644,128,3,Okay overall.,2025-03-04
6825,21644,155,3,Okay overall.,2024-10-25
6826,21662,863,3,Okay overall.,2024-10-21
6827,21662,640,5,"Excellent product, highly recommend!",2023-12-07
6828,21665,344,5,"Excellent product, highly recommend!",2023-09-11
6829,21665,344,3,Okay overall.,2022-04-22
6830,21668,901,3,Okay overall.,2021-12-12
6831,21669,666,5,"Excellent product, highly recommend!",2020-11-12
6832,21672,908,3,Okay overall.,2022-12-08
6833,21672,938,5,"Excellent product, highly recommend!",2024-01-05
6834,21673,891,4,Good value for money!,2024-10-08
6835,21678,504,4,Good value for money!,2022-09-28
6836,21679,350,5,"Excellent product, highly recommend!",2023-03-30
6837,21679,368,1,"Very disappointed, would not buy again.",2025-05-16
6838,21686,835,4,Good value for money!,2021-04-15
6839,21686,795,5,"Excellent product, highly recommend!",2023-09-25
6840,21690,883,5,"Excellent product, highly recommend!",2022-07-29
6841,21699,625,4,Good value for money!,2023-10-03
6842,21709,1109,5,"Excellent product, highly recommend!",2021-08-23
6843,21709,866,3,Okay overall.,2022-06-19
6844,21712,501,3,Okay overall.,2020-05-12
6845,21712,381,5,"Excellent product, highly recommend!",2020-08-24
6846,21712,155,2,Not great quality.,2024-08-01
6847,21712,354,5,"Excellent product, highly recommend!",2021-10-13
6848,21718,576,2,Not great quality.,2023-09-18
6849,21718,573,5,"Excellent product, highly recommend!",2023-05-21
6850,21719,1121,4,Good value for money!,2023-07-19
6851,21727,403,4,Good value for money!,2022-05-14
6852,21730,851,4,Good value for money!,2025-03-08
6853,21730,437,2,Not great quality.,2022-06-07
6854,21732,209,4,Good value for money!,2023-12-07
6855,21738,946,3,Okay overall.,2024-01-06
6856,21738,457,3,Okay overall.,2021-08-07
6857,21739,620,5,"Excellent product, highly recommend!",2023-12-25
6858,21744,987,4,Good value for money!,2020-04-11
6859,21746,1149,1,"Very disappointed, would not buy again.",2021-10-17
6860,21746,1101,3,Okay overall.,2021-07-08
6861,21746,1098,4,Good value for money!,2023-03-03
6862,21746,239,5,"Excellent product, highly recommend!",2021-03-27
6863,21746,1067,4,Good value for money!,2024-10-19
6864,21746,142,4,Good value for money!,2022-05-19
6865,21749,637,4,Good value for money!,2025-10-05
6866,21749,550,5,"Excellent product, highly recommend!",2021-04-10
6867,21752,195,5,"Excellent product, highly recommend!",2025-05-11
6868,21760,695,3,Okay overall.,2023-08-06
6869,21765,1063,5,"Excellent product, highly recommend!",2022-05-29
6870,21765,478,5,"Excellent product, highly recommend!",2022-05-24
6871,21767,1131,5,"Excellent product, highly recommend!",2022-02-10
6872,21776,1117,5,"Excellent product, highly recommend!",2020-01-06
6873,21784,615,5,"Excellent product, highly recommend!",2021-07-08
6874,21785,367,5,"Excellent product, highly recommend!",2020-03-04
6875,21785,1137,4,Good value for money!,2024-11-23
6876,21785,362,3,Okay overall.,2024-06-30
6877,21800,797,4,Good value for money!,2020-10-27
6878,21801,957,5,"Excellent product, highly recommend!",2025-02-28
6879,21801,625,5,"Excellent product, highly recommend!",2024-03-03
6880,21801,1070,5,"Excellent product, highly recommend!",2022-11-14
6881,21801,231,4,Good value for money!,2025-10-09
6882,21806,730,5,"Excellent product, highly recommend!",2025-02-20
6883,21811,1139,5,"Excellent product, highly recommend!",2023-09-11
6884,21815,891,2,Not great quality.,2020-05-03
6885,21819,1045,4,Good value for money!,2021-11-09
6886,21819,895,4,Good value for money!,2023-12-03
6887,21824,77,4,Good value for money!,2021-04-10
6888,21824,969,5,"Excellent product, highly recommend!",2020-12-27
6889,21834,497,5,"Excellent product, highly recommend!",2023-03-28
6890,21838,5,5,"Excellent product, highly recommend!",2021-05-13
6891,21846,434,2,Not great quality.,2025-03-05
6892,21846,432,5,"Excellent product, highly recommend!",2025-06-24
6893,21846,510,5,"Excellent product, highly recommend!",2023-07-16
6894,21846,452,5,"Excellent product, highly recommend!",2023-08-05
6895,21852,257,4,Good value for money!,2024-05-25
6896,21852,305,5,"Excellent product, highly recommend!",2022-02-11
6897,21852,461,3,Okay overall.,2022-04-26
6898,21868,847,2,Not great quality.,2024-10-25
6899,21868,1021,1,"Very disappointed, would not buy again.",2021-09-02
6900,21868,867,1,"Very disappointed, would not buy again.",2020-10-08
6901,21868,940,5,"Excellent product, highly recommend!",2024-06-23
6902,21870,868,4,Good value for money!,2024-04-27
6903,21870,138,5,"Excellent product, highly recommend!",2024-12-24
6904,21877,314,5,"Excellent product, highly recommend!",2024-05-28
6905,21878,288,5,"Excellent product, highly recommend!",2022-12-31
6906,21878,727,5,"Excellent product, highly recommend!",2021-03-07
6907,21886,1163,4,Good value for money!,2021-06-14
6908,21886,428,4,Good value for money!,2023-07-02
6909,21886,618,5,"Excellent product, highly recommend!",2024-08-13
6910,21889,684,4,Good value for money!,2024-09-15
6911,21889,583,4,Good value for money!,2025-05-15
6912,21896,256,4,Good value for money!,2025-02-08
6913,21903,755,5,"Excellent product, highly recommend!",2022-02-03
6914,21905,458,2,Not great quality.,2021-10-22
6915,21911,467,4,Good value for money!,2022-01-16
6916,21911,437,1,"Very disappointed, would not buy again.",2025-02-26
6917,21911,994,3,Okay overall.,2022-08-16
6918,21919,189,4,Good value for money!,2025-06-07
6919,21919,128,1,"Very disappointed, would not buy again.",2021-01-07
6920,21919,204,4,Good value for money!,2023-03-14
6921,21919,1023,2,Not great quality.,2023-04-07
6922,21922,1075,4,Good value for money!,2020-03-25
6923,21922,1106,5,"Excellent product, highly recommend!",2022-03-03
6924,21922,1132,2,Not great quality.,2021-05-03
6925,21924,480,3,Okay overall.,2020-02-26
6926,21926,1012,2,Not great quality.,2022-06-15
6927,21926,381,4,Good value for money!,2024-11-06
6928,21931,1137,2,Not great quality.,2024-01-02
6929,21931,1033,2,Not great quality.,2024-02-02
6930,21931,1069,4,Good value for money!,2021-06-04
6931,21932,1052,3,Okay overall.,2022-02-15
6932,21932,398,3,Okay overall.,2023-10-21
6933,21933,922,5,"Excellent product, highly recommend!",2023-05-03
6934,21933,523,5,"Excellent product, highly recommend!",2024-04-12
6935,21933,898,4,Good value for money!,2022-01-16
6936,21933,932,5,"Excellent product, highly recommend!",2022-02-02
6937,21957,618,4,Good value for money!,2024-01-26
6938,21969,1074,4,Good value for money!,2025-08-31
6939,21971,657,5,"Excellent product, highly recommend!",2023-06-08
6940,21973,198,2,Not great quality.,2025-10-24
6941,21973,250,2,Not great quality.,2021-03-22
6942,21987,892,4,Good value for money!,2023-08-24
6943,21990,338,4,Good value for money!,2020-10-24
6944,21990,1000,5,"Excellent product, highly recommend!",2024-11-22
6945,21993,468,5,"Excellent product, highly recommend!",2022-09-03
6946,21993,869,3,Okay overall.,2020-06-21
6947,21993,500,4,Good value for money!,2023-06-26
6948,21995,588,5,"Excellent product, highly recommend!",2025-04-03
6949,22002,831,4,Good value for money!,2023-07-04
6950,22010,521,4,Good value for money!,2023-05-28
6951,22010,868,5,"Excellent product, highly recommend!",2020-06-30
6952,22010,1178,5,"Excellent product, highly recommend!",2020-03-29
6953,22011,1045,5,"Excellent product, highly recommend!",2020-09-16
6954,22011,367,4,Good value for money!,2024-05-24
6955,22011,494,5,"Excellent product, highly recommend!",2021-12-15
6956,22015,401,5,"Excellent product, highly recommend!",2024-07-07
6957,22015,1037,5,"Excellent product, highly recommend!",2021-09-18
6958,22026,440,4,Good value for money!,2022-09-01
6959,22026,1118,3,Okay overall.,2025-06-20
6960,22026,362,1,"Very disappointed, would not buy again.",2025-09-19
6961,22031,941,5,"Excellent product, highly recommend!",2021-03-12
6962,22031,1008,5,"Excellent product, highly recommend!",2024-11-12
6963,22031,995,4,Good value for money!,2020-05-23
6964,22034,450,5,"Excellent product, highly recommend!",2024-11-14
6965,22039,841,3,Okay overall.,2020-03-12
6966,22041,612,3,Okay overall.,2024-07-26
6967,22041,887,3,Okay overall.,2023-08-12
6968,22043,913,5,"Excellent product, highly recommend!",2021-05-08
6969,22049,767,4,Good value for money!,2023-02-18
6970,22050,945,4,Good value for money!,2021-01-31
6971,22052,947,5,"Excellent product, highly recommend!",2024-10-05
6972,22052,845,5,"Excellent product, highly recommend!",2023-01-22
6973,22055,369,4,Good value for money!,2025-05-30
6974,22055,698,1,"Very disappointed, would not buy again.",2024-06-25
6975,22055,956,4,Good value for money!,2022-08-20
6976,22064,1127,4,Good value for money!,2022-10-21
6977,22064,1114,4,Good value for money!,2020-04-21
6978,22064,1176,4,Good value for money!,2023-08-31
6979,22078,1192,2,Not great quality.,2023-01-10
6980,22078,689,3,Okay overall.,2023-06-11
6981,22083,631,2,Not great quality.,2021-11-03
6982,22090,314,5,"Excellent product, highly recommend!",2022-09-06
6983,22090,1090,5,"Excellent product, highly recommend!",2021-12-01
6984,22093,538,3,Okay overall.,2022-07-16
6985,22097,55,3,Okay overall.,2024-11-12
6986,22097,757,5,"Excellent product, highly recommend!",2020-12-20
6987,22097,48,1,"Very disappointed, would not buy again.",2020-06-13
6988,22099,243,2,Not great quality.,2024-08-15
6989,22099,886,5,"Excellent product, highly recommend!",2020-07-21
6990,22099,772,4,Good value for money!,2022-10-20
6991,22099,1117,5,"Excellent product, highly recommend!",2024-09-11
6992,22099,924,4,Good value for money!,2020-11-20
6993,22102,816,4,Good value for money!,2022-01-31
6994,22102,885,3,Okay overall.,2023-05-07
6995,22108,101,5,"Excellent product, highly recommend!",2023-09-28
6996,22108,904,5,"Excellent product, highly recommend!",2020-04-21
6997,22109,570,3,Okay overall.,2021-09-07
6998,22114,369,3,Okay overall.,2023-02-03
6999,22114,1126,2,Not great quality.,2024-12-08
7000,22133,548,5,"Excellent product, highly recommend!",2023-03-31
7001,22133,630,4,Good value for money!,2021-02-26
7002,22136,462,4,Good value for money!,2022-04-07
7003,22137,917,5,"Excellent product, highly recommend!",2021-04-28
7004,22150,538,5,"Excellent product, highly recommend!",2022-04-14
7005,22150,1164,3,Okay overall.,2021-09-06
7006,22150,532,5,"Excellent product, highly recommend!",2021-10-10
7007,22168,565,5,"Excellent product, highly recommend!",2024-02-22
7008,22170,1121,5,"Excellent product, highly recommend!",2025-09-23
7009,22173,498,1,"Very disappointed, would not buy again.",2022-04-29
7010,22173,998,5,"Excellent product, highly recommend!",2024-04-15
7011,22184,914,4,Good value for money!,2022-09-12
7012,22185,723,5,"Excellent product, highly recommend!",2024-11-24
7013,22186,664,3,Okay overall.,2024-10-07
7014,22186,880,4,Good value for money!,2024-07-09
7015,22191,1097,4,Good value for money!,2023-03-06
7016,22191,401,5,"Excellent product, highly recommend!",2022-10-30
7017,22191,377,1,"Very disappointed, would not buy again.",2022-04-19
7018,22192,946,5,"Excellent product, highly recommend!",2022-01-07
7019,22192,945,4,Good value for money!,2023-05-06
7020,22192,1017,5,"Excellent product, highly recommend!",2022-08-22
7021,22194,1114,3,Okay overall.,2024-07-23
7022,22194,215,4,Good value for money!,2021-11-29
7023,22203,575,3,Okay overall.,2024-08-22
7024,22210,671,1,"Very disappointed, would not buy again.",2021-02-01
7025,22210,1170,4,Good value for money!,2020-06-16
7026,22210,1051,5,"Excellent product, highly recommend!",2020-11-09
7027,22213,1006,4,Good value for money!,2020-10-26
7028,22214,521,5,"Excellent product, highly recommend!",2022-03-24
7029,22217,485,5,"Excellent product, highly recommend!",2020-08-21
7030,22217,959,4,Good value for money!,2023-02-08
7031,22220,758,5,"Excellent product, highly recommend!",2023-12-27
7032,22227,207,5,"Excellent product, highly recommend!",2021-01-25
7033,22229,473,3,Okay overall.,2020-04-01
7034,22232,934,5,"Excellent product, highly recommend!",2025-10-13
7035,22238,863,4,Good value for money!,2024-08-23
7036,22238,616,4,Good value for money!,2021-03-08
7037,22254,1064,4,Good value for money!,2024-08-21
7038,22259,485,4,Good value for money!,2023-12-20
7039,22259,412,3,Okay overall.,2023-01-26
7040,22270,521,4,Good value for money!,2020-01-04
7041,22270,1160,5,"Excellent product, highly recommend!",2025-02-10
7042,22271,9,5,"Excellent product, highly recommend!",2020-03-08
7043,22271,898,5,"Excellent product, highly recommend!",2024-07-20
7044,22271,236,1,"Very disappointed, would not buy again.",2021-01-28
7045,22287,115,5,"Excellent product, highly recommend!",2021-06-12
7046,22287,637,5,"Excellent product, highly recommend!",2020-03-06
7047,22287,14,5,"Excellent product, highly recommend!",2023-04-05
7048,22289,123,4,Good value for money!,2023-10-14
7049,22294,438,3,Okay overall.,2020-03-23
7050,22294,904,3,Okay overall.,2020-04-11
7051,22294,990,3,Okay overall.,2021-05-01
7052,22294,866,3,Okay overall.,2022-08-28
7053,22299,683,4,Good value for money!,2022-10-22
7054,22299,173,3,Okay overall.,2023-03-27
7055,22310,937,3,Okay overall.,2022-02-20
7056,22312,1117,2,Not great quality.,2021-07-25
7057,22323,1099,4,Good value for money!,2024-12-02
7058,22323,1158,4,Good value for money!,2025-05-26
7059,22323,1134,1,"Very disappointed, would not buy again.",2024-10-24
7060,22324,1061,2,Not great quality.,2021-10-02
7061,22335,1016,4,Good value for money!,2022-04-08
7062,22338,57,4,Good value for money!,2023-09-03
7063,22338,57,5,"Excellent product, highly recommend!",2021-06-11
7064,22342,1125,5,"Excellent product, highly recommend!",2025-03-22
7065,22342,952,4,Good value for money!,2024-12-30
7066,22348,442,5,"Excellent product, highly recommend!",2022-06-14
7067,22348,1144,3,Okay overall.,2024-06-08
7068,22351,429,4,Good value for money!,2024-03-03
7069,22355,329,4,Good value for money!,2024-05-12
7070,22364,711,4,Good value for money!,2024-09-09
7071,22364,400,4,Good value for money!,2021-07-30
7072,22367,505,2,Not great quality.,2020-04-11
7073,22370,867,3,Okay overall.,2021-05-29
7074,22370,137,5,"Excellent product, highly recommend!",2023-07-06
7075,22371,900,1,"Very disappointed, would not buy again.",2020-11-03
7076,22382,421,4,Good value for money!,2021-01-28
7077,22382,716,4,Good value for money!,2021-07-27
7078,22386,401,4,Good value for money!,2021-10-19
7079,22394,544,3,Okay overall.,2021-04-29
7080,22405,630,4,Good value for money!,2022-09-10
7081,22406,598,5,"Excellent product, highly recommend!",2025-03-12
7082,22416,824,5,"Excellent product, highly recommend!",2023-10-08
7083,22416,961,5,"Excellent product, highly recommend!",2020-03-29
7084,22434,1088,2,Not great quality.,2022-07-18
7085,22438,482,5,"Excellent product, highly recommend!",2022-01-13
7086,22438,344,4,Good value for money!,2020-06-29
7087,22443,478,5,"Excellent product, highly recommend!",2020-01-30
7088,22443,492,1,"Very disappointed, would not buy again.",2024-10-14
7089,22457,678,4,Good value for money!,2022-06-27
7090,22459,782,5,"Excellent product, highly recommend!",2025-10-23
7091,22459,741,5,"Excellent product, highly recommend!",2025-05-21
7092,22473,939,5,"Excellent product, highly recommend!",2021-08-13
7093,22483,265,4,Good value for money!,2024-08-05
7094,22483,899,5,"Excellent product, highly recommend!",2025-06-16
7095,22489,553,3,Okay overall.,2023-11-01
7096,22489,175,5,"Excellent product, highly recommend!",2023-08-28
7097,22489,668,4,Good value for money!,2025-09-12
7098,22495,1043,2,Not great quality.,2024-06-20
7099,22495,1123,3,Okay overall.,2022-04-06
7100,22500,783,3,Okay overall.,2021-10-09
7101,22500,754,1,"Very disappointed, would not buy again.",2020-07-17
7102,22502,556,5,"Excellent product, highly recommend!",2025-07-01
7103,22502,201,4,Good value for money!,2025-10-23
7104,22515,217,5,"Excellent product, highly recommend!",2024-09-06
7105,22523,941,4,Good value for money!,2023-04-18
7106,22523,971,3,Okay overall.,2022-06-27
7107,22530,360,5,"Excellent product, highly recommend!",2021-05-06
7108,22531,69,2,Not great quality.,2023-05-16
7109,22533,864,4,Good value for money!,2024-06-18
7110,22533,953,5,"Excellent product, highly recommend!",2023-10-09
7111,22533,862,5,"Excellent product, highly recommend!",2024-01-15
7112,22533,976,4,Good value for money!,2025-03-18
7113,22536,256,4,Good value for money!,2023-12-06
7114,22536,277,3,Okay overall.,2020-04-20
7115,22536,297,4,Good value for money!,2021-09-17
7116,22538,401,4,Good value for money!,2023-05-06
7117,22556,380,4,Good value for money!,2024-05-03
7118,22556,1143,5,"Excellent product, highly recommend!",2023-10-21
7119,22557,310,3,Okay overall.,2023-10-02
7120,22557,282,4,Good value for money!,2025-03-13
7121,22558,850,3,Okay overall.,2021-12-05
7122,22558,1189,3,Okay overall.,2020-01-08
7123,22560,979,4,Good value for money!,2025-01-28
7124,22560,1025,3,Okay overall.,2024-07-04
7125,22562,929,4,Good value for money!,2020-10-14
7126,22569,355,2,Not great quality.,2023-12-02
7127,22569,489,4,Good value for money!,2023-04-12
7128,22569,1036,5,"Excellent product, highly recommend!",2020-03-08
7129,22569,349,4,Good value for money!,2020-04-19
7130,22575,888,4,Good value for money!,2023-08-13
7131,22575,428,5,"Excellent product, highly recommend!",2024-06-03
7132,22587,1170,2,Not great quality.,2020-09-28
7133,22587,1062,4,Good value for money!,2023-01-30
7134,22587,1177,1,"Very disappointed, would not buy again.",2022-08-31
7135,22587,1140,5,"Excellent product, highly recommend!",2025-01-27
7136,22593,1021,3,Okay overall.,2020-11-02
7137,22602,741,3,Okay overall.,2024-09-16
7138,22603,420,5,"Excellent product, highly recommend!",2020-10-27
7139,22603,612,5,"Excellent product, highly recommend!",2020-10-03
7140,22603,958,4,Good value for money!,2022-04-19
7141,22604,1135,5,"Excellent product, highly recommend!",2020-09-23
7142,22606,373,2,Not great quality.,2023-04-06
7143,22606,408,3,Okay overall.,2024-12-28
7144,22609,726,3,Okay overall.,2020-01-25
7145,22613,947,4,Good value for money!,2023-06-07
7146,22613,790,4,Good value for money!,2025-03-16
7147,22613,969,4,Good value for money!,2023-08-18
7148,22622,989,5,"Excellent product, highly recommend!",2024-01-17
7149,22630,282,5,"Excellent product, highly recommend!",2022-06-19
7150,22637,664,4,Good value for money!,2023-06-04
7151,22637,544,5,"Excellent product, highly recommend!",2023-06-19
7152,22637,1051,4,Good value for money!,2020-02-14
7153,22637,435,5,"Excellent product, highly recommend!",2022-05-29
7154,22637,513,3,Okay overall.,2021-04-22
7155,22646,1031,5,"Excellent product, highly recommend!",2024-08-06
7156,22647,215,5,"Excellent product, highly recommend!",2023-03-02
7157,22647,341,3,Okay overall.,2020-04-07
7158,22659,219,5,"Excellent product, highly recommend!",2023-09-07
7159,22670,208,5,"Excellent product, highly recommend!",2020-12-27
7160,22672,1071,3,Okay overall.,2020-02-25
7161,22679,897,5,"Excellent product, highly recommend!",2021-12-20
7162,22679,265,1,"Very disappointed, would not buy again.",2024-05-26
7163,22681,164,5,"Excellent product, highly recommend!",2024-04-23
7164,22691,1185,4,Good value for money!,2021-06-03
7165,22697,1150,5,"Excellent product, highly recommend!",2020-08-14
7166,22697,1112,4,Good value for money!,2025-05-16
7167,22697,1064,4,Good value for money!,2022-05-19
7168,22697,1115,5,"Excellent product, highly recommend!",2021-06-18
7169,22722,276,5,"Excellent product, highly recommend!",2025-02-11
7170,22722,823,5,"Excellent product, highly recommend!",2022-03-29
7171,22722,554,4,Good value for money!,2025-06-26
7172,22731,215,3,Okay overall.,2025-06-07
7173,22735,962,2,Not great quality.,2023-09-28
7174,22735,1107,3,Okay overall.,2020-03-05
7175,22740,683,3,Okay overall.,2020-08-29
7176,22740,989,4,Good value for money!,2023-02-10
7177,22742,537,4,Good value for money!,2025-07-27
7178,22742,647,4,Good value for money!,2023-10-29
7179,22749,606,5,"Excellent product, highly recommend!",2020-01-08
7180,22749,677,5,"Excellent product, highly recommend!",2020-08-15
7181,22749,759,4,Good value for money!,2022-09-02
7182,22749,846,5,"Excellent product, highly recommend!",2020-10-27
7183,22749,1116,4,Good value for money!,2025-08-01
7184,22757,347,5,"Excellent product, highly recommend!",2023-01-30
7185,22757,1044,5,"Excellent product, highly recommend!",2020-01-26
7186,22758,645,5,"Excellent product, highly recommend!",2025-06-16
7187,22758,934,5,"Excellent product, highly recommend!",2025-09-27
7188,22758,680,4,Good value for money!,2020-10-30
7189,22763,1034,3,Okay overall.,2020-09-27
7190,22763,604,2,Not great quality.,2022-03-30
7191,22763,316,5,"Excellent product, highly recommend!",2020-09-30
7192,22764,920,5,"Excellent product, highly recommend!",2024-09-29
7193,22764,24,5,"Excellent product, highly recommend!",2023-07-21
7194,22764,989,2,Not great quality.,2020-11-06
7195,22774,974,4,Good value for money!,2023-12-05
7196,22777,958,5,"Excellent product, highly recommend!",2022-10-28
7197,22777,450,1,"Very disappointed, would not buy again.",2022-02-23
7198,22791,237,5,"Excellent product, highly recommend!",2025-08-13
7199,22791,1024,3,Okay overall.,2022-09-13
7200,22816,486,5,"Excellent product, highly recommend!",2021-09-18
7201,22816,400,1,"Very disappointed, would not buy again.",2020-07-19
7202,22833,929,4,Good value for money!,2020-11-18
7203,22834,285,4,Good value for money!,2021-07-26
7204,22834,1021,4,Good value for money!,2025-07-25
7205,22841,146,4,Good value for money!,2020-11-01
7206,22841,94,5,"Excellent product, highly recommend!",2021-06-11
7207,22844,217,4,Good value for money!,2025-09-03
7208,22845,862,1,"Very disappointed, would not buy again.",2020-03-11
7209,22845,950,3,Okay overall.,2025-04-30
7210,22854,814,5,"Excellent product, highly recommend!",2023-10-15
7211,22861,466,4,Good value for money!,2023-05-12
7212,22861,417,3,Okay overall.,2025-01-08
7213,22862,977,4,Good value for money!,2020-06-09
7214,22867,20,5,"Excellent product, highly recommend!",2021-08-16
7215,22867,912,5,"Excellent product, highly recommend!",2021-08-06
7216,22877,886,5,"Excellent product, highly recommend!",2022-09-21
7217,22878,900,3,Okay overall.,2021-01-05
7218,22878,922,1,"Very disappointed, would not buy again.",2021-07-02
7219,22886,734,4,Good value for money!,2024-06-02
7220,22888,614,5,"Excellent product, highly recommend!",2024-01-23
7221,22894,121,1,"Very disappointed, would not buy again.",2024-09-21
7222,22896,453,5,"Excellent product, highly recommend!",2022-05-29
7223,22896,278,2,Not great quality.,2023-08-08
7224,22909,451,4,Good value for money!,2024-08-24
7225,22909,1107,3,Okay overall.,2020-12-19
7226,22909,452,5,"Excellent product, highly recommend!",2023-07-23
7227,22909,360,4,Good value for money!,2021-08-03
7228,22912,632,1,"Very disappointed, would not buy again.",2022-12-09
7229,22917,621,5,"Excellent product, highly recommend!",2022-01-05
7230,22917,84,3,Okay overall.,2020-01-02
7231,22921,858,2,Not great quality.,2025-10-25
7232,22929,1117,5,"Excellent product, highly recommend!",2021-12-26
7233,22930,916,5,"Excellent product, highly recommend!",2022-01-29
7234,22932,1109,5,"Excellent product, highly recommend!",2023-07-30
7235,22932,676,5,"Excellent product, highly recommend!",2022-12-18
7236,22932,572,3,Okay overall.,2023-09-30
7237,22932,933,1,"Very disappointed, would not buy again.",2023-02-14
7238,22938,402,3,Okay overall.,2024-01-27
7239,22938,921,4,Good value for money!,2021-08-13
7240,22940,1091,1,"Very disappointed, would not buy again.",2025-08-06
7241,22940,1085,4,Good value for money!,2025-02-27
7242,22941,687,3,Okay overall.,2024-02-01
7243,22941,740,5,"Excellent product, highly recommend!",2020-12-06
7244,22948,604,5,"Excellent product, highly recommend!",2023-04-22
7245,22948,929,2,Not great quality.,2021-09-13
7246,22948,428,5,"Excellent product, highly recommend!",2021-09-08
7247,22950,426,4,Good value for money!,2020-09-10
7248,22951,730,5,"Excellent product, highly recommend!",2024-01-12
7249,22951,790,5,"Excellent product, highly recommend!",2024-02-24
7250,22952,309,3,Okay overall.,2021-06-22
7251,22956,277,5,"Excellent product, highly recommend!",2020-08-22
7252,22958,190,2,Not great quality.,2022-05-01
7253,22958,511,5,"Excellent product, highly recommend!",2022-03-31
7254,22960,360,4,Good value for money!,2021-03-05
7255,22962,487,4,Good value for money!,2024-07-09
7256,22966,621,5,"Excellent product, highly recommend!",2025-05-19
7257,22970,365,4,Good value for money!,2024-03-28
7258,22970,472,5,"Excellent product, highly recommend!",2024-11-08
7259,22978,819,4,Good value for money!,2025-05-15
7260,22983,1098,4,Good value for money!,2024-03-20
7261,22984,944,3,Okay overall.,2020-06-21
7262,22984,246,5,"Excellent product, highly recommend!",2023-06-16
7263,22984,612,5,"Excellent product, highly recommend!",2020-05-17
7264,22986,1135,3,Okay overall.,2024-01-13
7265,22986,4,5,"Excellent product, highly recommend!",2020-06-09
7266,22989,401,3,Okay overall.,2020-04-19
7267,23000,94,4,Good value for money!,2023-05-22
7268,23000,100,5,"Excellent product, highly recommend!",2020-12-24
7269,23007,846,5,"Excellent product, highly recommend!",2022-06-09
7270,23007,1025,5,"Excellent product, highly recommend!",2020-01-24
7271,23009,402,4,Good value for money!,2020-10-20
7272,23009,619,3,Okay overall.,2023-06-06
7273,23013,758,5,"Excellent product, highly recommend!",2024-02-28
7274,23015,940,4,Good value for money!,2020-03-29
7275,23015,972,5,"Excellent product, highly recommend!",2022-01-20
7276,23033,412,3,Okay overall.,2023-11-19
7277,23038,972,2,Not great quality.,2020-05-24
7278,23038,1014,4,Good value for money!,2020-12-04
7279,23038,929,3,Okay overall.,2020-12-23
7280,23038,1002,4,Good value for money!,2022-07-24
7281,23043,511,5,"Excellent product, highly recommend!",2021-01-19
7282,23048,290,2,Not great quality.,2023-02-23
7283,23075,103,5,"Excellent product, highly recommend!",2021-04-18
7284,23078,27,3,Okay overall.,2020-12-06
7285,23078,881,5,"Excellent product, highly recommend!",2021-02-27
7286,23078,392,2,Not great quality.,2025-10-28
7287,23084,244,4,Good value for money!,2022-06-05
7288,23084,1072,5,"Excellent product, highly recommend!",2023-11-03
7289,23091,1137,4,Good value for money!,2021-11-01
7290,23091,1073,4,Good value for money!,2024-06-09
7291,23091,1123,4,Good value for money!,2023-08-15
7292,23104,277,4,Good value for money!,2025-07-17
7293,23108,9,5,"Excellent product, highly recommend!",2021-05-29
7294,23111,967,4,Good value for money!,2020-08-28
7295,23111,581,5,"Excellent product, highly recommend!",2023-09-07
7296,23112,989,5,"Excellent product, highly recommend!",2025-03-29
7297,23116,1096,4,Good value for money!,2020-05-29
7298,23116,845,2,Not great quality.,2024-04-22
7299,23116,358,4,Good value for money!,2021-04-15
7300,23121,361,1,"Very disappointed, would not buy again.",2022-01-10
7301,23121,480,5,"Excellent product, highly recommend!",2024-10-11
7302,23133,178,3,Okay overall.,2022-06-27
7303,23133,965,5,"Excellent product, highly recommend!",2020-06-19
7304,23133,464,5,"Excellent product, highly recommend!",2021-07-25
7305,23136,1181,2,Not great quality.,2024-11-24
7306,23136,984,5,"Excellent product, highly recommend!",2020-02-18
7307,23140,905,5,"Excellent product, highly recommend!",2022-11-14
7308,23154,679,3,Okay overall.,2025-10-18
7309,23155,781,2,Not great quality.,2022-08-01
7310,23155,700,3,Okay overall.,2020-06-25
7311,23155,761,5,"Excellent product, highly recommend!",2023-10-08
7312,23155,725,5,"Excellent product, highly recommend!",2024-11-03
7313,23156,1193,5,"Excellent product, highly recommend!",2020-11-21
7314,23156,1005,5,"Excellent product, highly recommend!",2021-01-31
7315,23162,38,4,Good value for money!,2025-04-07
7316,23163,479,4,Good value for money!,2025-01-10
7317,23164,620,5,"Excellent product, highly recommend!",2020-03-17
7318,23165,846,3,Okay overall.,2025-01-22
7319,23174,106,3,Okay overall.,2022-02-26
7320,23178,1132,3,Okay overall.,2024-05-28
7321,23179,936,4,Good value for money!,2021-01-19
7322,23181,107,5,"Excellent product, highly recommend!",2022-12-28
7323,23181,206,3,Okay overall.,2023-08-21
7324,23186,958,1,"Very disappointed, would not buy again.",2021-09-26
7325,23189,591,4,Good value for money!,2024-07-11
7326,23194,529,5,"Excellent product, highly recommend!",2024-10-23
7327,23194,898,5,"Excellent product, highly recommend!",2025-05-14
7328,23201,231,4,Good value for money!,2021-08-26
7329,23205,1068,4,Good value for money!,2023-01-17
7330,23205,1137,5,"Excellent product, highly recommend!",2025-02-14
7331,23205,1059,3,Okay overall.,2021-10-15
7332,23206,908,4,Good value for money!,2021-10-04
7333,23206,911,3,Okay overall.,2022-12-21
7334,23206,1156,4,Good value for money!,2021-07-10
7335,23206,426,5,"Excellent product, highly recommend!",2020-05-24
7336,23215,404,4,Good value for money!,2024-05-03
7337,23215,491,5,"Excellent product, highly recommend!",2023-05-27
7338,23215,903,3,Okay overall.,2024-03-06
7339,23215,263,5,"Excellent product, highly recommend!",2023-07-08
7340,23223,746,3,Okay overall.,2021-07-27
7341,23223,799,5,"Excellent product, highly recommend!",2021-08-02
7342,23224,934,2,Not great quality.,2022-10-02
7343,23243,346,5,"Excellent product, highly recommend!",2020-04-25
7344,23243,465,3,Okay overall.,2021-07-09
7345,23246,450,2,Not great quality.,2025-06-27
7346,23246,468,4,Good value for money!,2021-12-30
7347,23246,479,5,"Excellent product, highly recommend!",2024-06-24
7348,23251,1115,3,Okay overall.,2023-03-14
7349,23251,1179,4,Good value for money!,2023-12-02
7350,23251,278,1,"Very disappointed, would not buy again.",2022-10-17
7351,23251,1079,4,Good value for money!,2023-12-15
7352,23251,1088,3,Okay overall.,2020-08-11
7353,23253,852,4,Good value for money!,2023-10-26
7354,23255,759,4,Good value for money!,2021-04-26
7355,23255,262,4,Good value for money!,2023-11-13
7356,23255,671,3,Okay overall.,2021-06-03
7357,23265,881,4,Good value for money!,2022-03-26
7358,23265,411,5,"Excellent product, highly recommend!",2022-08-25
7359,23275,1030,5,"Excellent product, highly recommend!",2020-11-14
7360,23275,686,4,Good value for money!,2022-08-30
7361,23280,803,5,"Excellent product, highly recommend!",2025-07-06
7362,23288,458,5,"Excellent product, highly recommend!",2023-09-13
7363,23288,214,3,Okay overall.,2023-05-15
7364,23292,539,3,Okay overall.,2020-06-17
7365,23292,187,5,"Excellent product, highly recommend!",2022-11-01
7366,23297,395,5,"Excellent product, highly recommend!",2021-12-06
7367,23297,500,5,"Excellent product, highly recommend!",2025-05-18
7368,23297,427,5,"Excellent product, highly recommend!",2023-07-28
7369,23298,1108,5,"Excellent product, highly recommend!",2020-12-08
7370,23301,805,2,Not great quality.,2025-02-06
7371,23301,673,1,"Very disappointed, would not buy again.",2021-01-03
7372,23302,1010,3,Okay overall.,2021-07-06
7373,23302,1069,4,Good value for money!,2024-01-12
7374,23302,481,4,Good value for money!,2023-06-13
7375,23307,591,4,Good value for money!,2025-01-29
7376,23323,488,5,"Excellent product, highly recommend!",2024-12-02
7377,23327,177,5,"Excellent product, highly recommend!",2024-11-09
7378,23329,265,5,"Excellent product, highly recommend!",2022-01-22
7379,23335,726,4,Good value for money!,2022-07-29
7380,23342,195,4,Good value for money!,2020-04-14
7381,23342,364,5,"Excellent product, highly recommend!",2021-03-05
7382,23342,910,5,"Excellent product, highly recommend!",2020-03-21
7383,23348,558,3,Okay overall.,2024-02-28
7384,23348,118,3,Okay overall.,2022-02-03
7385,23360,372,3,Okay overall.,2023-07-22
7386,23360,371,3,Okay overall.,2025-05-21
7387,23362,862,5,"Excellent product, highly recommend!",2021-05-17
7388,23362,876,4,Good value for money!,2025-03-09
7389,23362,893,4,Good value for money!,2025-09-14
7390,23362,178,3,Okay overall.,2025-01-12
7391,23364,1001,5,"Excellent product, highly recommend!",2023-08-05
7392,23368,1065,5,"Excellent product, highly recommend!",2024-01-25
7393,23371,679,5,"Excellent product, highly recommend!",2020-05-19
7394,23376,896,4,Good value for money!,2024-03-18
7395,23381,45,5,"Excellent product, highly recommend!",2023-08-13
7396,23385,870,2,Not great quality.,2023-02-01
7397,23389,454,4,Good value for money!,2024-11-19
7398,23390,677,3,Okay overall.,2020-04-23
7399,23390,609,4,Good value for money!,2021-04-04
7400,23392,971,5,"Excellent product, highly recommend!",2024-12-08
7401,23392,317,2,Not great quality.,2020-12-19
7402,23392,36,4,Good value for money!,2023-03-09
7403,23392,467,4,Good value for money!,2021-06-20
7404,23403,358,1,"Very disappointed, would not buy again.",2023-05-08
7405,23410,1051,5,"Excellent product, highly recommend!",2021-08-16
7406,23410,208,2,Not great quality.,2023-08-29
7407,23415,1189,5,"Excellent product, highly recommend!",2024-10-22
7408,23417,615,3,Okay overall.,2020-03-18
7409,23420,386,1,"Very disappointed, would not buy again.",2020-07-16
7410,23420,496,3,Okay overall.,2020-06-16
7411,23420,507,5,"Excellent product, highly recommend!",2021-06-25
7412,23421,173,5,"Excellent product, highly recommend!",2022-04-26
7413,23421,216,4,Good value for money!,2020-03-25
7414,23424,959,3,Okay overall.,2024-05-31
7415,23424,457,2,Not great quality.,2024-03-06
7416,23424,563,5,"Excellent product, highly recommend!",2024-07-31
7417,23426,911,4,Good value for money!,2024-11-01
7418,23434,564,5,"Excellent product, highly recommend!",2020-04-26
7419,23435,282,4,Good value for money!,2025-04-07
7420,23435,823,5,"Excellent product, highly recommend!",2025-08-26
7421,23441,987,2,Not great quality.,2023-06-27
7422,23441,962,4,Good value for money!,2022-02-25
7423,23443,504,3,Okay overall.,2023-09-24
7424,23453,1140,3,Okay overall.,2020-06-04
7425,23458,1057,1,"Very disappointed, would not buy again.",2020-02-24
7426,23464,428,5,"Excellent product, highly recommend!",2022-11-17
7427,23464,778,5,"Excellent product, highly recommend!",2023-02-12
7428,23469,821,3,Okay overall.,2022-03-04
7429,23477,585,4,Good value for money!,2022-03-17
7430,23478,1023,4,Good value for money!,2022-02-17
7431,23485,1058,4,Good value for money!,2025-06-01
7432,23485,1087,5,"Excellent product, highly recommend!",2025-01-12
7433,23488,163,4,Good value for money!,2022-06-29
7434,23489,393,3,Okay overall.,2024-04-26
7435,23492,438,5,"Excellent product, highly recommend!",2023-05-14
7436,23494,38,5,"Excellent product, highly recommend!",2023-04-09
7437,23494,926,5,"Excellent product, highly recommend!",2024-11-10
7438,23502,1158,5,"Excellent product, highly recommend!",2022-11-03
7439,23504,38,5,"Excellent product, highly recommend!",2021-11-19
7440,23507,27,3,Okay overall.,2024-06-25
7441,23508,387,2,Not great quality.,2024-01-01
7442,23508,731,4,Good value for money!,2023-10-25
7443,23508,1148,4,Good value for money!,2023-08-19
7444,23520,431,2,Not great quality.,2021-04-11
7445,23520,1039,3,Okay overall.,2024-01-27
7446,23524,455,5,"Excellent product, highly recommend!",2021-02-24
7447,23527,462,4,Good value for money!,2024-10-21
7448,23532,123,5,"Excellent product, highly recommend!",2025-08-12
7449,23536,1056,4,Good value for money!,2023-02-21
7450,23536,971,5,"Excellent product, highly recommend!",2021-01-23
7451,23537,452,3,Okay overall.,2021-03-23
7452,23541,416,1,"Very disappointed, would not buy again.",2024-02-29
7453,23543,343,5,"Excellent product, highly recommend!",2025-03-11
7454,23543,938,3,Okay overall.,2025-09-21
7455,23544,898,5,"Excellent product, highly recommend!",2020-01-25
7456,23544,827,4,Good value for money!,2024-08-16
7457,23544,783,5,"Excellent product, highly recommend!",2020-09-25
7458,23544,618,5,"Excellent product, highly recommend!",2022-10-12
7459,23548,340,4,Good value for money!,2020-02-22
7460,23553,391,2,Not great quality.,2020-11-14
7461,23556,693,4,Good value for money!,2022-08-26
7462,23570,675,1,"Very disappointed, would not buy again.",2020-03-18
7463,23574,602,4,Good value for money!,2024-12-28
7464,23574,632,5,"Excellent product, highly recommend!",2022-02-12
7465,23574,290,3,Okay overall.,2022-06-05
7466,23581,942,4,Good value for money!,2024-03-18
7467,23587,268,2,Not great quality.,2020-03-09
7468,23592,1083,3,Okay overall.,2020-03-16
7469,23592,379,4,Good value for money!,2023-04-12
7470,23594,1119,5,"Excellent product, highly recommend!",2023-04-09
7471,23596,497,4,Good value for money!,2024-07-01
7472,23596,361,3,Okay overall.,2020-07-29
7473,23605,495,4,Good value for money!,2024-07-11
7474,23605,148,2,Not great quality.,2020-08-05
7475,23610,496,1,"Very disappointed, would not buy again.",2020-02-18
7476,23610,306,3,Okay overall.,2020-02-29
7477,23623,936,5,"Excellent product, highly recommend!",2024-08-27
7478,23623,886,5,"Excellent product, highly recommend!",2025-01-13
7479,23624,887,4,Good value for money!,2024-06-13
7480,23624,986,3,Okay overall.,2022-10-19
7481,23625,928,3,Okay overall.,2025-06-26
7482,23636,564,5,"Excellent product, highly recommend!",2022-05-25
7483,23641,1153,3,Okay overall.,2024-02-22
7484,23644,377,2,Not great quality.,2023-12-12
7485,23644,368,5,"Excellent product, highly recommend!",2022-04-07
7486,23648,821,3,Okay overall.,2024-08-19
7487,23663,1197,4,Good value for money!,2021-12-30
7488,23664,909,5,"Excellent product, highly recommend!",2023-03-15
7489,23664,972,4,Good value for money!,2025-03-30
7490,23670,935,3,Okay overall.,2025-05-16
7491,23670,916,4,Good value for money!,2020-05-22
7492,23671,992,4,Good value for money!,2024-05-03
7493,23674,415,5,"Excellent product, highly recommend!",2020-07-26
7494,23674,345,5,"Excellent product, highly recommend!",2023-04-12
7495,23675,402,5,"Excellent product, highly recommend!",2023-10-24
7496,23675,976,2,Not great quality.,2025-10-27
7497,23683,1169,4,Good value for money!,2023-05-01
7498,23690,778,5,"Excellent product, highly recommend!",2024-02-01
7499,23690,199,4,Good value for money!,2021-02-07
7500,23701,1087,4,Good value for money!,2023-08-26
7501,23706,874,4,Good value for money!,2023-08-11
7502,23710,775,1,"Very disappointed, would not buy again.",2024-07-21
7503,23711,661,5,"Excellent product, highly recommend!",2025-07-05
7504,23711,541,5,"Excellent product, highly recommend!",2025-05-05
7505,23732,1012,5,"Excellent product, highly recommend!",2023-02-14
7506,23732,1056,5,"Excellent product, highly recommend!",2021-10-19
7507,23735,587,3,Okay overall.,2020-08-01
7508,23735,319,3,Okay overall.,2020-05-06
7509,23744,1038,4,Good value for money!,2021-11-22
7510,23744,1009,4,Good value for money!,2023-11-03
7511,23744,1003,4,Good value for money!,2020-05-27
7512,23745,10,2,Not great quality.,2023-05-30
7513,23753,484,5,"Excellent product, highly recommend!",2022-11-08
7514,23753,360,5,"Excellent product, highly recommend!",2024-11-21
7515,23758,298,5,"Excellent product, highly recommend!",2022-04-17
7516,23760,138,5,"Excellent product, highly recommend!",2025-10-26
7517,23760,770,1,"Very disappointed, would not buy again.",2022-11-27
7518,23760,1037,3,Okay overall.,2025-04-02
7519,23765,1103,5,"Excellent product, highly recommend!",2020-06-04
7520,23772,909,4,Good value for money!,2021-10-08
7521,23773,909,5,"Excellent product, highly recommend!",2024-01-14
7522,23784,821,5,"Excellent product, highly recommend!",2025-02-17
7523,23793,303,4,Good value for money!,2020-05-07
7524,23796,406,4,Good value for money!,2022-03-08
7525,23796,31,3,Okay overall.,2025-06-08
7526,23802,36,5,"Excellent product, highly recommend!",2022-02-11
7527,23808,993,5,"Excellent product, highly recommend!",2020-03-09
7528,23808,757,3,Okay overall.,2025-03-20
7529,23808,412,5,"Excellent product, highly recommend!",2023-06-03
7530,23808,902,4,Good value for money!,2020-10-10
7531,23808,889,3,Okay overall.,2024-10-24
7532,23808,943,5,"Excellent product, highly recommend!",2020-06-06
7533,23813,773,5,"Excellent product, highly recommend!",2021-05-07
7534,23813,742,5,"Excellent product, highly recommend!",2025-08-01
7535,23813,716,4,Good value for money!,2025-02-27
7536,23814,1004,4,Good value for money!,2025-01-26
7537,23823,1158,4,Good value for money!,2024-05-15
7538,23823,327,2,Not great quality.,2020-04-14
7539,23823,344,3,Okay overall.,2020-01-31
7540,23826,1195,4,Good value for money!,2021-02-17
7541,23826,1064,4,Good value for money!,2022-02-09
7542,23828,905,4,Good value for money!,2023-02-21
7543,23828,1041,5,"Excellent product, highly recommend!",2021-01-01
7544,23830,1049,4,Good value for money!,2024-07-01
7545,23833,1115,5,"Excellent product, highly recommend!",2021-12-31
7546,23833,1195,5,"Excellent product, highly recommend!",2024-05-12
7547,23836,1038,4,Good value for money!,2021-11-27
7548,23840,832,2,Not great quality.,2023-09-12
7549,23843,829,2,Not great quality.,2024-05-11
7550,23860,913,5,"Excellent product, highly recommend!",2020-11-25
7551,23860,709,4,Good value for money!,2025-04-09
7552,23860,828,1,"Very disappointed, would not buy again.",2024-03-29
7553,23860,715,5,"Excellent product, highly recommend!",2024-06-23
7554,23862,177,5,"Excellent product, highly recommend!",2023-02-06
7555,23862,101,5,"Excellent product, highly recommend!",2024-05-18
7556,23865,522,4,Good value for money!,2025-04-13
7557,23867,1193,4,Good value for money!,2023-03-25
7558,23870,894,5,"Excellent product, highly recommend!",2021-04-16
7559,23877,480,4,Good value for money!,2025-02-24
7560,23877,655,5,"Excellent product, highly recommend!",2024-03-13
7561,23879,208,4,Good value for money!,2020-11-13
7562,23879,281,3,Okay overall.,2024-03-11
7563,23880,579,5,"Excellent product, highly recommend!",2022-03-31
7564,23884,1054,4,Good value for money!,2024-09-08
7565,23884,1155,3,Okay overall.,2020-08-07
7566,23884,445,5,"Excellent product, highly recommend!",2020-05-03
7567,23890,671,4,Good value for money!,2024-03-26
7568,23890,670,4,Good value for money!,2021-02-15
7569,23890,514,5,"Excellent product, highly recommend!",2021-08-26
7570,23895,1188,3,Okay overall.,2024-06-09
7571,23907,601,5,"Excellent product, highly recommend!",2023-02-23
7572,23907,573,4,Good value for money!,2025-03-20
7573,23908,173,3,Okay overall.,2023-12-04
7574,23909,440,5,"Excellent product, highly recommend!",2025-10-28
7575,23914,210,4,Good value for money!,2024-11-07
7576,23920,1102,2,Not great quality.,2022-11-21
7577,23921,45,3,Okay overall.,2021-12-23
7578,23921,10,4,Good value for money!,2022-12-28
7579,23926,994,3,Okay overall.,2022-01-04
7580,23926,496,4,Good value for money!,2022-05-11
7581,23926,1069,2,Not great quality.,2023-09-04
7582,23932,1177,3,Okay overall.,2020-02-22
7583,23932,1050,5,"Excellent product, highly recommend!",2022-05-09
7584,23937,458,4,Good value for money!,2024-02-03
7585,23937,443,4,Good value for money!,2021-11-21
7586,23940,91,5,"Excellent product, highly recommend!",2022-06-04
7587,23948,978,3,Okay overall.,2025-07-17
7588,23948,503,4,Good value for money!,2022-06-26
7589,23948,885,5,"Excellent product, highly recommend!",2024-08-26
7590,23953,266,5,"Excellent product, highly recommend!",2020-02-02
7591,23953,290,5,"Excellent product, highly recommend!",2025-03-01
7592,23953,281,4,Good value for money!,2020-01-12
7593,23953,335,5,"Excellent product, highly recommend!",2022-04-21
7594,23954,115,4,Good value for money!,2021-12-19
7595,23958,173,5,"Excellent product, highly recommend!",2025-04-15
7596,23960,239,5,"Excellent product, highly recommend!",2025-09-06
7597,23960,1157,5,"Excellent product, highly recommend!",2022-01-16
7598,23960,101,4,Good value for money!,2024-03-01
7599,23962,869,3,Okay overall.,2023-06-27
7600,23970,328,5,"Excellent product, highly recommend!",2022-04-14
7601,23970,1069,4,Good value for money!,2021-01-31
7602,23970,870,5,"Excellent product, highly recommend!",2022-10-12
7603,23971,831,5,"Excellent product, highly recommend!",2021-02-22
7604,23972,434,4,Good value for money!,2025-02-08
7605,23976,424,4,Good value for money!,2024-07-23
7606,23976,438,4,Good value for money!,2021-03-23
7607,23976,481,2,Not great quality.,2024-04-19
7608,23985,908,3,Okay overall.,2023-09-27
7609,23987,702,4,Good value for money!,2022-06-14
7610,23989,107,3,Okay overall.,2024-08-28
7611,23989,1013,3,Okay overall.,2020-07-24
7612,23989,1033,5,"Excellent product, highly recommend!",2023-03-04
7613,23990,867,5,"Excellent product, highly recommend!",2025-09-27
7614,23996,953,5,"Excellent product, highly recommend!",2021-08-24
7615,23996,1017,5,"Excellent product, highly recommend!",2021-09-29
7616,23996,880,5,"Excellent product, highly recommend!",2021-02-13
7617,24000,665,4,Good value for money!,2022-09-16
7618,24000,618,5,"Excellent product, highly recommend!",2020-10-25
7619,24005,1076,1,"Very disappointed, would not buy again.",2021-07-05
7620,24005,328,4,Good value for money!,2024-06-17
7621,24008,918,3,Okay overall.,2020-10-15
7622,24012,1138,5,"Excellent product, highly recommend!",2025-09-12
7623,24014,892,3,Okay overall.,2020-01-12
7624,24014,1107,3,Okay overall.,2021-12-23
7625,24021,505,4,Good value for money!,2021-02-20
7626,24024,496,3,Okay overall.,2022-12-05
7627,24027,496,4,Good value for money!,2021-04-06
7628,24027,406,4,Good value for money!,2021-04-29
7629,24031,1180,5,"Excellent product, highly recommend!",2021-10-25
7630,24034,156,5,"Excellent product, highly recommend!",2024-10-15
7631,24045,204,5,"Excellent product, highly recommend!",2023-05-08
7632,24051,476,5,"Excellent product, highly recommend!",2023-10-22
7633,24057,862,5,"Excellent product, highly recommend!",2023-11-10
7634,24066,1070,4,Good value for money!,2024-09-16
7635,24066,1126,3,Okay overall.,2021-02-02
7636,24072,173,3,Okay overall.,2022-07-24
7637,24072,65,2,Not great quality.,2020-06-05
7638,24076,913,2,Not great quality.,2024-02-24
7639,24077,904,5,"Excellent product, highly recommend!",2025-05-03
7640,24077,563,5,"Excellent product, highly recommend!",2021-02-20
7641,24078,1103,5,"Excellent product, highly recommend!",2021-10-11
7642,24082,10,4,Good value for money!,2020-01-05
7643,24086,744,4,Good value for money!,2022-12-31
7644,24087,706,4,Good value for money!,2022-01-09
7645,24106,878,4,Good value for money!,2024-01-24
7646,24111,709,5,"Excellent product, highly recommend!",2022-01-14
7647,24116,1063,5,"Excellent product, highly recommend!",2023-06-18
7648,24116,1035,5,"Excellent product, highly recommend!",2025-05-10
7649,24116,1029,5,"Excellent product, highly recommend!",2025-09-20
7650,24116,1174,3,Okay overall.,2024-05-21
7651,24119,1131,2,Not great quality.,2020-07-21
7652,24121,377,5,"Excellent product, highly recommend!",2023-04-04
7653,24123,280,4,Good value for money!,2025-10-15
7654,24123,297,1,"Very disappointed, would not buy again.",2020-12-19
7655,24123,193,5,"Excellent product, highly recommend!",2024-09-17
7656,24127,941,2,Not great quality.,2021-09-15
7657,24127,1168,4,Good value for money!,2024-09-21
7658,24128,426,3,Okay overall.,2022-06-18
7659,24128,995,5,"Excellent product, highly recommend!",2021-02-26
7660,24128,907,1,"Very disappointed, would not buy again.",2022-02-17
7661,24130,1087,4,Good value for money!,2021-11-07
7662,24133,709,5,"Excellent product, highly recommend!",2021-12-07
7663,24136,789,5,"Excellent product, highly recommend!",2025-10-17
7664,24140,1195,3,Okay overall.,2022-08-06
7665,24144,24,5,"Excellent product, highly recommend!",2022-08-19
7666,24150,10,4,Good value for money!,2025-01-07
7667,24150,509,3,Okay overall.,2024-12-10
7668,24150,496,4,Good value for money!,2022-08-13
7669,24157,487,4,Good value for money!,2025-07-26
7670,24164,859,5,"Excellent product, highly recommend!",2022-03-06
7671,24168,794,4,Good value for money!,2025-06-07
7672,24177,232,3,Okay overall.,2022-09-02
7673,24178,488,5,"Excellent product, highly recommend!",2025-02-18
7674,24187,934,4,Good value for money!,2023-07-10
7675,24188,559,5,"Excellent product, highly recommend!",2020-03-13
7676,24188,869,5,"Excellent product, highly recommend!",2020-12-14
7677,24188,652,1,"Very disappointed, would not buy again.",2023-01-17
7678,24194,427,3,Okay overall.,2023-07-13
7679,24195,1075,3,Okay overall.,2021-06-19
7680,24195,770,4,Good value for money!,2022-11-20
7681,24201,228,3,Okay overall.,2020-11-07
7682,24202,271,5,"Excellent product, highly recommend!",2025-10-21
7683,24204,177,5,"Excellent product, highly recommend!",2023-09-10
7684,24204,254,5,"Excellent product, highly recommend!",2021-01-10
7685,24205,965,2,Not great quality.,2020-08-09
7686,24205,1113,5,"Excellent product, highly recommend!",2022-02-06
7687,24213,355,5,"Excellent product, highly recommend!",2021-06-03
7688,24214,407,5,"Excellent product, highly recommend!",2023-01-15
7689,24214,500,5,"Excellent product, highly recommend!",2022-03-04
7690,24214,369,3,Okay overall.,2022-05-02
7691,24229,250,5,"Excellent product, highly recommend!",2020-01-30
7692,24233,368,4,Good value for money!,2020-04-12
7693,24233,464,2,Not great quality.,2025-05-13
7694,24233,931,2,Not great quality.,2024-11-02
7695,24237,608,5,"Excellent product, highly recommend!",2020-07-31
7696,24237,683,4,Good value for money!,2020-08-03
7697,24244,352,4,Good value for money!,2023-09-22
7698,24249,1098,4,Good value for money!,2024-04-04
7699,24255,827,3,Okay overall.,2024-11-15
7700,24255,669,5,"Excellent product, highly recommend!",2025-02-18
7701,24255,990,5,"Excellent product, highly recommend!",2023-07-04
7702,24256,951,3,Okay overall.,2021-12-25
7703,24256,1014,4,Good value for money!,2024-04-02
7704,24270,301,4,Good value for money!,2024-02-25
7705,24271,551,3,Okay overall.,2023-03-15
7706,24273,433,5,"Excellent product, highly recommend!",2020-08-12
7707,24273,403,4,Good value for money!,2024-06-13
7708,24273,442,3,Okay overall.,2024-03-05
7709,24276,1189,3,Okay overall.,2021-01-24
7710,24277,793,3,Okay overall.,2021-08-21
7711,24289,802,5,"Excellent product, highly recommend!",2020-07-13
7712,24289,704,1,"Very disappointed, would not buy again.",2021-10-10
7713,24289,835,4,Good value for money!,2021-05-27
7714,24289,107,3,Okay overall.,2024-09-24
7715,24296,880,4,Good value for money!,2021-11-26
7716,24298,1172,5,"Excellent product, highly recommend!",2025-10-20
7717,24303,457,5,"Excellent product, highly recommend!",2025-07-09
7718,24319,781,4,Good value for money!,2021-09-05
7719,24319,725,1,"Very disappointed, would not buy again.",2024-06-03
7720,24319,683,5,"Excellent product, highly recommend!",2024-05-31
7721,24333,505,5,"Excellent product, highly recommend!",2021-08-03
7722,24334,1172,4,Good value for money!,2023-05-08
7723,24334,257,2,Not great quality.,2022-12-22
7724,24340,1049,3,Okay overall.,2023-02-28
7725,24344,842,4,Good value for money!,2025-02-07
7726,24344,969,1,"Very disappointed, would not buy again.",2020-05-15
7727,24352,457,5,"Excellent product, highly recommend!",2022-09-01
7728,24354,496,2,Not great quality.,2024-05-22
7729,24358,507,5,"Excellent product, highly recommend!",2022-06-17
7730,24365,980,3,Okay overall.,2025-07-12
7731,24365,859,4,Good value for money!,2022-12-22
7732,24365,962,4,Good value for money!,2020-03-20
7733,24367,933,5,"Excellent product, highly recommend!",2024-08-12
7734,24367,1003,5,"Excellent product, highly recommend!",2022-07-07
7735,24371,1082,4,Good value for money!,2020-02-04
7736,24375,1093,3,Okay overall.,2022-03-18
7737,24377,915,5,"Excellent product, highly recommend!",2025-09-03
7738,24390,994,4,Good value for money!,2021-02-12
7739,24398,918,4,Good value for money!,2021-03-08
7740,24398,1110,5,"Excellent product, highly recommend!",2022-08-22
7741,24398,941,4,Good value for money!,2021-08-12
7742,24398,142,5,"Excellent product, highly recommend!",2020-11-30
7743,24398,855,2,Not great quality.,2022-10-16
7744,24400,1105,4,Good value for money!,2020-10-12
7745,24402,278,5,"Excellent product, highly recommend!",2021-05-31
7746,24402,758,5,"Excellent product, highly recommend!",2022-03-06
7747,24408,788,3,Okay overall.,2023-06-04
7748,24408,499,1,"Very disappointed, would not buy again.",2023-03-24
7749,24408,142,3,Okay overall.,2022-11-03
7750,24409,766,1,"Very disappointed, would not buy again.",2024-05-22
7751,24412,971,5,"Excellent product, highly recommend!",2024-09-04
7752,24412,638,3,Okay overall.,2021-09-08
7753,24421,826,4,Good value for money!,2024-11-15
7754,24421,767,2,Not great quality.,2022-02-07
7755,24425,477,4,Good value for money!,2021-04-08
7756,24425,38,4,Good value for money!,2023-07-24
7757,24431,891,3,Okay overall.,2021-08-23
7758,24431,983,4,Good value for money!,2023-08-19
7759,24433,685,5,"Excellent product, highly recommend!",2023-04-16
7760,24433,1115,5,"Excellent product, highly recommend!",2020-05-05
7761,24433,783,1,"Very disappointed, would not buy again.",2021-02-02
7762,24437,303,5,"Excellent product, highly recommend!",2021-01-13
7763,24437,407,4,Good value for money!,2025-07-14
7764,24437,904,5,"Excellent product, highly recommend!",2020-05-15
7765,24437,1190,5,"Excellent product, highly recommend!",2025-04-16
7766,24441,322,5,"Excellent product, highly recommend!",2025-04-23
7767,24441,297,1,"Very disappointed, would not buy again.",2023-10-02
7768,24444,764,5,"Excellent product, highly recommend!",2020-10-11
7769,24454,121,1,"Very disappointed, would not buy again.",2020-10-13
7770,24454,669,2,Not great quality.,2023-04-26
7771,24455,1082,4,Good value for money!,2023-11-28
7772,24455,206,4,Good value for money!,2021-11-02
7773,24455,179,1,"Very disappointed, would not buy again.",2021-11-01
7774,24463,521,4,Good value for money!,2025-10-05
7775,24463,628,3,Okay overall.,2024-06-19
7776,24476,646,5,"Excellent product, highly recommend!",2024-10-26
7777,24485,322,5,"Excellent product, highly recommend!",2022-10-08
7778,24490,24,5,"Excellent product, highly recommend!",2025-08-31
7779,24494,1120,3,Okay overall.,2021-03-11
7780,24505,1006,2,Not great quality.,2022-02-08
7781,24505,506,4,Good value for money!,2022-11-06
7782,24527,95,2,Not great quality.,2024-03-03
7783,24533,834,4,Good value for money!,2023-03-25
7784,24540,190,5,"Excellent product, highly recommend!",2021-11-19
7785,24540,890,5,"Excellent product, highly recommend!",2020-06-26
7786,24548,300,4,Good value for money!,2021-08-10
7787,24551,361,5,"Excellent product, highly recommend!",2020-03-28
7788,24553,379,5,"Excellent product, highly recommend!",2024-06-12
7789,24562,562,4,Good value for money!,2021-07-26
7790,24566,636,3,Okay overall.,2022-07-18
7791,24566,1047,5,"Excellent product, highly recommend!",2023-09-25
7792,24573,674,2,Not great quality.,2025-04-17
7793,24589,789,4,Good value for money!,2021-06-22
7794,24594,582,4,Good value for money!,2024-10-11
7795,24594,142,3,Okay overall.,2021-07-29
7796,24595,416,5,"Excellent product, highly recommend!",2020-04-28
7797,24602,428,5,"Excellent product, highly recommend!",2024-02-25
7798,24602,1194,5,"Excellent product, highly recommend!",2021-01-04
7799,24605,324,3,Okay overall.,2024-05-30
7800,24605,276,4,Good value for money!,2023-05-19
7801,24605,339,5,"Excellent product, highly recommend!",2025-05-03
7802,24608,417,4,Good value for money!,2023-10-07
7803,24611,107,5,"Excellent product, highly recommend!",2022-11-27
7804,24612,64,5,"Excellent product, highly recommend!",2021-04-02
7805,24612,254,5,"Excellent product, highly recommend!",2025-03-21
7806,24614,1036,5,"Excellent product, highly recommend!",2020-10-15
7807,24616,885,4,Good value for money!,2020-07-23
7808,24616,1156,5,"Excellent product, highly recommend!",2025-06-30
7809,24617,409,3,Okay overall.,2022-01-17
7810,24619,769,4,Good value for money!,2020-07-23
7811,24619,824,3,Okay overall.,2022-05-27
7812,24627,372,3,Okay overall.,2025-07-01
7813,24627,827,5,"Excellent product, highly recommend!",2022-01-10
7814,24627,255,5,"Excellent product, highly recommend!",2022-12-26
7815,24632,556,4,Good value for money!,2025-04-30
7816,24652,1007,5,"Excellent product, highly recommend!",2021-12-13
7817,24654,239,3,Okay overall.,2021-10-10
7818,24654,239,5,"Excellent product, highly recommend!",2022-08-18
7819,24661,991,3,Okay overall.,2025-08-09
7820,24661,862,5,"Excellent product, highly recommend!",2025-04-11
7821,24661,603,2,Not great quality.,2023-09-12
7822,24661,900,4,Good value for money!,2022-02-12
7823,24672,31,2,Not great quality.,2020-12-19
7824,24677,979,4,Good value for money!,2023-10-15
7825,24682,1017,3,Okay overall.,2025-07-24
7826,24693,1019,4,Good value for money!,2024-01-13
7827,24705,1137,5,"Excellent product, highly recommend!",2023-03-14
7828,24705,498,5,"Excellent product, highly recommend!",2022-01-05
7829,24705,482,3,Okay overall.,2022-03-02
7830,24705,1165,4,Good value for money!,2022-01-04
7831,24707,1194,4,Good value for money!,2021-10-05
7832,24707,1156,5,"Excellent product, highly recommend!",2024-04-01
7833,24712,397,3,Okay overall.,2024-11-27
7834,24714,123,4,Good value for money!,2023-02-21
7835,24714,437,5,"Excellent product, highly recommend!",2024-03-26
7836,24715,796,4,Good value for money!,2020-07-04
7837,24715,675,1,"Very disappointed, would not buy again.",2025-04-11
7838,24715,891,3,Okay overall.,2024-11-23
7839,24724,1171,3,Okay overall.,2023-06-23
7840,24724,935,3,Okay overall.,2020-10-12
7841,24725,441,3,Okay overall.,2023-05-27
7842,24729,313,5,"Excellent product, highly recommend!",2022-05-30
7843,24732,857,3,Okay overall.,2022-03-30
7844,24733,253,2,Not great quality.,2022-04-04
7845,24746,1154,5,"Excellent product, highly recommend!",2025-07-21
7846,24751,1014,4,Good value for money!,2020-03-18
7847,24751,40,4,Good value for money!,2024-08-28
7848,24756,1185,5,"Excellent product, highly recommend!",2025-10-06
7849,24756,1070,5,"Excellent product, highly recommend!",2021-08-05
7850,24759,228,5,"Excellent product, highly recommend!",2025-04-17
7851,24770,958,5,"Excellent product, highly recommend!",2024-03-06
7852,24777,458,4,Good value for money!,2022-03-17
7853,24784,1171,4,Good value for money!,2024-09-08
7854,24784,1172,5,"Excellent product, highly recommend!",2025-04-05
7855,24785,985,4,Good value for money!,2022-06-29
7856,24788,311,3,Okay overall.,2025-07-27
7857,24788,1107,4,Good value for money!,2023-12-22
7858,24789,781,5,"Excellent product, highly recommend!",2021-06-22
7859,24791,365,4,Good value for money!,2022-02-25
7860,24795,541,2,Not great quality.,2023-02-11
7861,24801,944,5,"Excellent product, highly recommend!",2020-10-29
7862,24803,515,5,"Excellent product, highly recommend!",2024-05-16
7863,24803,514,5,"Excellent product, highly recommend!",2020-02-27
7864,24803,334,4,Good value for money!,2023-01-28
7865,24803,194,4,Good value for money!,2020-09-04
7866,24805,464,5,"Excellent product, highly recommend!",2025-06-13
7867,24806,1037,4,Good value for money!,2020-07-14
7868,24829,906,3,Okay overall.,2021-11-09
7869,24838,282,4,Good value for money!,2024-01-21
7870,24845,591,4,Good value for money!,2023-09-29
7871,24846,653,3,Okay overall.,2024-06-18
7872,24851,359,5,"Excellent product, highly recommend!",2022-11-15
7873,24855,1051,5,"Excellent product, highly recommend!",2023-01-16
7874,24856,812,5,"Excellent product, highly recommend!",2023-05-11
7875,24856,974,4,Good value for money!,2021-07-05
7876,24858,167,3,Okay overall.,2020-06-25
7877,24861,929,5,"Excellent product, highly recommend!",2025-07-02
7878,24861,1011,3,Okay overall.,2023-05-25
7879,24880,882,3,Okay overall.,2021-07-04
7880,24895,1110,4,Good value for money!,2021-06-17
7881,24902,714,5,"Excellent product, highly recommend!",2023-01-19
7882,24902,828,5,"Excellent product, highly recommend!",2024-09-25
7883,24902,418,4,Good value for money!,2024-03-07
7884,24905,289,4,Good value for money!,2025-07-23
7885,24905,91,5,"Excellent product, highly recommend!",2022-01-22
7886,24913,1095,2,Not great quality.,2020-01-05
7887,24931,487,3,Okay overall.,2024-05-23
7888,24941,858,5,"Excellent product, highly recommend!",2023-10-08
7889,24941,443,5,"Excellent product, highly recommend!",2023-10-30
7890,24941,412,5,"Excellent product, highly recommend!",2023-09-01
7891,24947,653,3,Okay overall.,2023-12-14
7892,24955,994,4,Good value for money!,2020-11-09
7893,24960,677,4,Good value for money!,2023-04-22
7894,24960,382,5,"Excellent product, highly recommend!",2020-12-03
7895,24970,1180,5,"Excellent product, highly recommend!",2024-07-12
7896,24975,496,4,Good value for money!,2025-04-03
7897,24975,1130,3,Okay overall.,2024-04-02
7898,24977,348,4,Good value for money!,2024-09-22
7899,24977,769,5,"Excellent product, highly recommend!",2024-05-18
7900,24986,14,3,Okay overall.,2021-08-31
7901,24987,504,5,"Excellent product, highly recommend!",2021-12-15
7902,24987,382,4,Good value for money!,2022-12-17
7903,24998,804,3,Okay overall.,2024-03-28
7904,24998,744,5,"Excellent product, highly recommend!",2020-06-09
7905,25003,1159,2,Not great quality.,2021-06-04
7906,25007,1027,3,Okay overall.,2022-02-24
7907,25007,148,5,"Excellent product, highly recommend!",2020-02-15
7908,25013,1000,2,Not great quality.,2020-10-11
7909,25013,537,3,Okay overall.,2025-09-16
7910,25016,1180,4,Good value for money!,2021-03-23
7911,25017,621,3,Okay overall.,2024-12-26
7912,25020,477,5,"Excellent product, highly recommend!",2024-04-17
7913,25020,399,5,"Excellent product, highly recommend!",2023-02-26
7914,25025,447,5,"Excellent product, highly recommend!",2022-09-03
7915,25031,1145,5,"Excellent product, highly recommend!",2025-01-08
7916,25031,863,4,Good value for money!,2023-10-13
7917,25031,801,3,Okay overall.,2021-07-22
7918,25037,1188,4,Good value for money!,2023-02-19
7919,25037,228,3,Okay overall.,2025-03-11
7920,25037,918,4,Good value for money!,2020-08-22
7921,25041,250,4,Good value for money!,2024-02-09
7922,25043,752,5,"Excellent product, highly recommend!",2020-10-22
7923,25043,1111,4,Good value for money!,2021-12-10
7924,25044,1090,5,"Excellent product, highly recommend!",2023-05-27
7925,25044,422,5,"Excellent product, highly recommend!",2025-01-07
7926,25068,992,4,Good value for money!,2020-03-12
7927,25068,1033,3,Okay overall.,2022-07-23
7928,25075,874,5,"Excellent product, highly recommend!",2023-04-11
7929,25075,255,5,"Excellent product, highly recommend!",2020-03-23
7930,25075,275,4,Good value for money!,2024-11-04
7931,25075,696,4,Good value for money!,2021-11-02
7932,25075,305,4,Good value for money!,2023-05-06
7933,25080,1118,4,Good value for money!,2024-06-01
7934,25083,634,4,Good value for money!,2023-09-08
7935,25083,535,4,Good value for money!,2024-11-14
7936,25086,990,3,Okay overall.,2025-07-23
7937,25091,938,4,Good value for money!,2021-01-09
7938,25091,251,5,"Excellent product, highly recommend!",2023-01-07
7939,25091,1023,5,"Excellent product, highly recommend!",2025-02-19
7940,25094,893,4,Good value for money!,2022-12-11
7941,25094,992,5,"Excellent product, highly recommend!",2022-07-23
7942,25094,970,5,"Excellent product, highly recommend!",2020-01-21
7943,25094,946,5,"Excellent product, highly recommend!",2024-05-01
7944,25099,380,5,"Excellent product, highly recommend!",2021-03-10
7945,25100,505,4,Good value for money!,2020-08-08
7946,25114,308,4,Good value for money!,2020-11-30
7947,25128,824,3,Okay overall.,2020-01-30
7948,25128,693,4,Good value for money!,2024-09-07
7949,25140,1110,2,Not great quality.,2024-06-16
7950,25140,1028,4,Good value for money!,2020-04-28
7951,25142,630,4,Good value for money!,2020-11-01
7952,25142,454,3,Okay overall.,2023-09-16
7953,25142,216,5,"Excellent product, highly recommend!",2020-08-26
7954,25145,440,5,"Excellent product, highly recommend!",2023-12-13
7955,25145,1148,5,"Excellent product, highly recommend!",2024-03-10
7956,25148,239,1,"Very disappointed, would not buy again.",2020-12-01
7957,25169,249,3,Okay overall.,2020-03-26
7958,25169,323,5,"Excellent product, highly recommend!",2020-01-04
7959,25170,310,4,Good value for money!,2021-04-07
7960,25170,244,2,Not great quality.,2020-05-02
7961,25170,805,4,Good value for money!,2021-04-13
7962,25171,370,1,"Very disappointed, would not buy again.",2024-10-06
7963,25171,228,4,Good value for money!,2023-06-21
7964,25172,977,3,Okay overall.,2022-11-14
7965,25172,991,5,"Excellent product, highly recommend!",2024-01-12
7966,25172,1012,5,"Excellent product, highly recommend!",2022-10-01
7967,25172,922,5,"Excellent product, highly recommend!",2023-02-24
7968,25172,865,4,Good value for money!,2022-05-28
7969,25175,428,4,Good value for money!,2023-08-04
7970,25175,104,3,Okay overall.,2025-10-28
7971,25176,331,1,"Very disappointed, would not buy again.",2020-05-25
7972,25177,913,4,Good value for money!,2025-07-08
7973,25177,395,4,Good value for money!,2021-02-23
7974,25191,845,5,"Excellent product, highly recommend!",2025-09-28
7975,25205,371,4,Good value for money!,2021-12-16
7976,25205,532,5,"Excellent product, highly recommend!",2022-07-31
7977,25205,365,4,Good value for money!,2022-08-03
7978,25205,377,2,Not great quality.,2022-08-01
7979,25208,796,4,Good value for money!,2022-01-13
7980,25210,392,3,Okay overall.,2024-11-10
7981,25210,379,5,"Excellent product, highly recommend!",2022-10-18
7982,25210,443,5,"Excellent product, highly recommend!",2025-05-27
7983,25210,508,4,Good value for money!,2025-05-10
7984,25211,951,4,Good value for money!,2024-09-27
7985,25211,425,4,Good value for money!,2021-08-14
7986,25219,155,3,Okay overall.,2023-05-16
7987,25222,213,4,Good value for money!,2021-02-12
7988,25222,1163,3,Okay overall.,2023-05-25
7989,25225,690,4,Good value for money!,2023-09-30
7990,25233,369,4,Good value for money!,2022-02-16
7991,25235,240,5,"Excellent product, highly recommend!",2024-02-04
7992,25235,1196,2,Not great quality.,2023-09-10
7993,25237,1031,5,"Excellent product, highly recommend!",2023-03-30
7994,25241,483,1,"Very disappointed, would not buy again.",2021-05-16
7995,25246,417,3,Okay overall.,2025-10-23
7996,25247,288,3,Okay overall.,2023-10-15
7997,25247,1064,4,Good value for money!,2021-06-10
7998,25251,885,3,Okay overall.,2022-04-28
7999,25251,24,5,"Excellent product, highly recommend!",2022-07-11
8000,25252,684,4,Good value for money!,2021-10-21
8001,25267,413,5,"Excellent product, highly recommend!",2024-07-19
8002,25267,602,4,Good value for money!,2020-11-01
8003,25267,679,3,Okay overall.,2024-08-08
8004,25268,941,3,Okay overall.,2024-07-19
8005,25268,24,2,Not great quality.,2024-11-02
8006,25273,737,4,Good value for money!,2024-01-06
8007,25273,825,4,Good value for money!,2020-10-05
8008,25275,783,4,Good value for money!,2021-02-06
8009,25275,782,5,"Excellent product, highly recommend!",2022-04-18
8010,25282,335,5,"Excellent product, highly recommend!",2024-09-29
8011,25291,754,3,Okay overall.,2021-05-06
8012,25291,826,5,"Excellent product, highly recommend!",2021-05-09
8013,25291,848,4,Good value for money!,2022-06-13
8014,25297,513,4,Good value for money!,2025-02-25
8015,25300,897,5,"Excellent product, highly recommend!",2025-07-12
8016,25300,442,5,"Excellent product, highly recommend!",2023-10-24
8017,25300,919,4,Good value for money!,2022-09-15
8018,25300,360,4,Good value for money!,2022-02-16
8019,25300,942,2,Not great quality.,2025-05-01
8020,25304,928,3,Okay overall.,2022-08-31
8021,25304,187,5,"Excellent product, highly recommend!",2022-06-20
8022,25304,240,4,Good value for money!,2021-12-28
8023,25304,24,5,"Excellent product, highly recommend!",2024-11-01
8024,25311,946,4,Good value for money!,2023-10-11
8025,25314,335,5,"Excellent product, highly recommend!",2024-08-23
8026,25314,625,3,Okay overall.,2021-02-26
8027,25314,474,2,Not great quality.,2023-12-09
8028,25314,982,4,Good value for money!,2021-02-02
8029,25316,1170,5,"Excellent product, highly recommend!",2021-03-08
8030,25316,665,4,Good value for money!,2024-12-28
8031,25318,423,3,Okay overall.,2022-09-23
8032,25318,96,4,Good value for money!,2021-10-23
8033,25319,908,5,"Excellent product, highly recommend!",2023-12-01
8034,25319,540,2,Not great quality.,2025-03-10
8035,25330,941,5,"Excellent product, highly recommend!",2025-05-17
8036,25333,53,5,"Excellent product, highly recommend!",2020-05-27
8037,25333,103,5,"Excellent product, highly recommend!",2024-05-06
8038,25349,357,5,"Excellent product, highly recommend!",2021-12-26
8039,25355,961,4,Good value for money!,2021-10-21
8040,25362,884,4,Good value for money!,2024-01-07
8041,25362,903,5,"Excellent product, highly recommend!",2025-06-11
8042,25366,496,4,Good value for money!,2025-06-05
8043,25366,464,4,Good value for money!,2020-06-21
8044,25366,438,5,"Excellent product, highly recommend!",2021-08-16
8045,25366,964,4,Good value for money!,2024-07-11
8046,25368,972,1,"Very disappointed, would not buy again.",2022-08-23
8047,25374,308,1,"Very disappointed, would not buy again.",2025-09-23
8048,25376,792,5,"Excellent product, highly recommend!",2025-06-25
8049,25376,852,5,"Excellent product, highly recommend!",2020-04-05
8050,25378,1043,5,"Excellent product, highly recommend!",2020-09-10
8051,25378,1155,3,Okay overall.,2023-09-08
8052,25378,1182,4,Good value for money!,2020-06-16
8053,25379,981,1,"Very disappointed, would not buy again.",2025-03-27
8054,25382,747,4,Good value for money!,2025-01-02
8055,25382,698,4,Good value for money!,2024-09-27
8056,25382,831,3,Okay overall.,2021-11-26
8057,25391,1195,4,Good value for money!,2024-10-05
8058,25395,1047,5,"Excellent product, highly recommend!",2021-10-19
8059,25395,995,3,Okay overall.,2023-05-28
8060,25395,380,5,"Excellent product, highly recommend!",2024-06-25
8061,25395,875,1,"Very disappointed, would not buy again.",2024-04-29
8062,25401,14,4,Good value for money!,2024-10-27
8063,25401,1127,4,Good value for money!,2021-06-13
8064,25401,852,4,Good value for money!,2024-03-06
8065,25405,813,3,Okay overall.,2020-02-27
8066,25405,94,4,Good value for money!,2023-01-13
8067,25405,94,4,Good value for money!,2024-11-30
8068,25412,590,5,"Excellent product, highly recommend!",2023-12-22
8069,25418,632,5,"Excellent product, highly recommend!",2023-07-26
8070,25418,613,5,"Excellent product, highly recommend!",2021-01-24
8071,25420,773,2,Not great quality.,2021-09-16
8072,25424,362,3,Okay overall.,2020-09-30
8073,25424,998,3,Okay overall.,2022-09-22
8074,25428,900,5,"Excellent product, highly recommend!",2022-06-24
8075,25428,1022,4,Good value for money!,2024-06-29
8076,25448,1056,5,"Excellent product, highly recommend!",2024-01-09
8077,25448,985,5,"Excellent product, highly recommend!",2024-01-05
8078,25452,190,5,"Excellent product, highly recommend!",2022-04-22
8079,25454,160,5,"Excellent product, highly recommend!",2020-05-16
8080,25462,1110,4,Good value for money!,2025-07-17
8081,25465,479,4,Good value for money!,2022-01-01
8082,25466,115,3,Okay overall.,2024-02-10
8083,25471,839,4,Good value for money!,2020-04-18
8084,25471,14,5,"Excellent product, highly recommend!",2024-07-07
8085,25476,754,2,Not great quality.,2023-07-05
8086,25476,702,4,Good value for money!,2025-08-15
8087,25476,805,3,Okay overall.,2020-02-14
8088,25478,1099,3,Okay overall.,2025-05-14
8089,25480,24,5,"Excellent product, highly recommend!",2021-05-01
8090,25490,370,3,Okay overall.,2022-01-09
8091,25490,494,4,Good value for money!,2025-09-29
8092,25498,52,4,Good value for money!,2023-06-24
8093,25498,67,5,"Excellent product, highly recommend!",2023-05-13
8094,25498,147,5,"Excellent product, highly recommend!",2023-08-20
8095,25500,1181,3,Okay overall.,2023-07-24
8096,25502,275,3,Okay overall.,2023-01-15
8097,25502,1042,3,Okay overall.,2020-04-07
8098,25502,602,4,Good value for money!,2021-10-19
8099,25502,1160,5,"Excellent product, highly recommend!",2023-02-13
8100,25507,1185,5,"Excellent product, highly recommend!",2020-12-05
8101,25507,291,5,"Excellent product, highly recommend!",2021-08-05
8102,25521,1080,3,Okay overall.,2021-12-08
8103,25524,250,4,Good value for money!,2022-05-12
8104,25524,95,4,Good value for money!,2025-02-09
8105,25534,1023,3,Okay overall.,2025-04-25
8106,25534,1000,4,Good value for money!,2023-03-31
8107,25534,995,3,Okay overall.,2021-02-07
8108,25539,1054,4,Good value for money!,2021-06-09
8109,25539,656,5,"Excellent product, highly recommend!",2021-01-16
8110,25543,979,4,Good value for money!,2023-11-04
8111,25546,341,5,"Excellent product, highly recommend!",2023-07-22
8112,25552,1115,2,Not great quality.,2022-07-15
8113,25552,1119,3,Okay overall.,2020-07-05
8114,25552,993,4,Good value for money!,2023-11-22
8115,25552,1096,3,Okay overall.,2023-04-05
8116,25552,1193,4,Good value for money!,2025-01-24
8117,25557,387,3,Okay overall.,2021-03-10
8118,25564,1028,4,Good value for money!,2022-07-13
8119,25564,1091,5,"Excellent product, highly recommend!",2021-08-28
8120,25564,1189,5,"Excellent product, highly recommend!",2024-04-04
8121,25564,1063,3,Okay overall.,2021-04-24
8122,25573,37,5,"Excellent product, highly recommend!",2021-02-06
8123,25588,426,3,Okay overall.,2023-12-28
8124,25588,1101,4,Good value for money!,2021-08-07
8125,25591,176,4,Good value for money!,2024-09-01
8126,25592,249,4,Good value for money!,2022-02-20
8127,25593,725,5,"Excellent product, highly recommend!",2025-03-07
8128,25593,797,5,"Excellent product, highly recommend!",2025-02-11
8129,25602,513,4,Good value for money!,2024-04-30
8130,25604,271,4,Good value for money!,2025-10-04
8131,25604,197,3,Okay overall.,2020-11-24
8132,25604,805,5,"Excellent product, highly recommend!",2023-07-29
8133,25613,289,1,"Very disappointed, would not buy again.",2021-06-04
8134,25625,972,5,"Excellent product, highly recommend!",2023-07-09
8135,25627,850,2,Not great quality.,2020-08-21
8136,25627,685,4,Good value for money!,2022-05-29
8137,25630,1114,1,"Very disappointed, would not buy again.",2024-03-04
8138,25630,1066,5,"Excellent product, highly recommend!",2023-04-09
8139,25635,273,5,"Excellent product, highly recommend!",2024-09-03
8140,25639,435,3,Okay overall.,2022-05-02
8141,25639,407,4,Good value for money!,2025-09-02
8142,25640,676,5,"Excellent product, highly recommend!",2021-10-07
8143,25642,487,4,Good value for money!,2022-07-03
8144,25643,692,5,"Excellent product, highly recommend!",2021-04-07
8145,25643,278,5,"Excellent product, highly recommend!",2020-02-12
8146,25643,825,5,"Excellent product, highly recommend!",2022-09-08
8147,25643,51,2,Not great quality.,2022-06-09
8148,25652,1005,4,Good value for money!,2023-06-11
8149,25657,742,4,Good value for money!,2023-08-19
8150,25660,277,3,Okay overall.,2025-05-30
8151,25661,634,3,Okay overall.,2024-03-23
8152,25665,1044,3,Okay overall.,2025-01-23
8153,25665,956,4,Good value for money!,2023-10-26
8154,25674,683,5,"Excellent product, highly recommend!",2023-12-28
8155,25674,1067,5,"Excellent product, highly recommend!",2025-04-22
8156,25677,1123,4,Good value for money!,2024-07-17
8157,25677,1103,5,"Excellent product, highly recommend!",2022-06-03
8158,25679,945,5,"Excellent product, highly recommend!",2021-10-07
8159,25679,1195,5,"Excellent product, highly recommend!",2020-03-26
8160,25679,275,4,Good value for money!,2022-08-13
8161,25683,775,5,"Excellent product, highly recommend!",2024-09-18
8162,25683,511,5,"Excellent product, highly recommend!",2023-10-26
8163,25683,839,4,Good value for money!,2022-05-05
8164,25690,708,5,"Excellent product, highly recommend!",2023-09-17
8165,25692,551,4,Good value for money!,2022-10-09
8166,25694,945,5,"Excellent product, highly recommend!",2023-08-02
8167,25704,263,3,Okay overall.,2024-04-29
8168,25704,308,3,Okay overall.,2020-11-15
8169,25708,96,4,Good value for money!,2022-08-20
8170,25709,477,4,Good value for money!,2022-10-10
8171,25726,1054,3,Okay overall.,2020-06-07
8172,25730,974,4,Good value for money!,2022-05-22
8173,25730,886,5,"Excellent product, highly recommend!",2021-09-03
8174,25732,890,5,"Excellent product, highly recommend!",2025-04-28
8175,25732,1145,5,"Excellent product, highly recommend!",2024-08-29
8176,25734,5,5,"Excellent product, highly recommend!",2024-10-23
8177,25736,465,5,"Excellent product, highly recommend!",2023-03-02
8178,25736,1070,3,Okay overall.,2020-10-21
8179,25737,1067,4,Good value for money!,2023-06-06
8180,25737,1059,5,"Excellent product, highly recommend!",2025-10-09
8181,25737,1103,2,Not great quality.,2022-12-15
8182,25737,1019,4,Good value for money!,2025-10-23
8183,25738,101,5,"Excellent product, highly recommend!",2022-03-21
8184,25738,908,2,Not great quality.,2025-03-28
8185,25738,458,2,Not great quality.,2020-05-19
8186,25762,617,3,Okay overall.,2023-04-02
8187,25762,670,4,Good value for money!,2025-09-13
8188,25762,671,2,Not great quality.,2024-12-31
8189,25762,808,5,"Excellent product, highly recommend!",2020-02-27
8190,25762,563,5,"Excellent product, highly recommend!",2020-11-17
8191,25766,672,5,"Excellent product, highly recommend!",2021-09-17
8192,25766,1194,3,Okay overall.,2024-02-27
8193,25776,888,3,Okay overall.,2021-08-23
8194,25776,1023,2,Not great quality.,2022-05-18
8195,25778,607,2,Not great quality.,2023-11-19
8196,25783,308,4,Good value for money!,2025-10-13
8197,25794,504,4,Good value for money!,2024-01-03
8198,25794,402,4,Good value for money!,2021-10-23
8199,25794,420,5,"Excellent product, highly recommend!",2022-06-15
8200,25794,483,3,Okay overall.,2020-12-08
8201,25794,245,5,"Excellent product, highly recommend!",2023-09-13
8202,25794,1153,5,"Excellent product, highly recommend!",2023-01-23
8203,25802,391,3,Okay overall.,2021-12-20
8204,25810,328,5,"Excellent product, highly recommend!",2020-04-26
8205,25830,467,4,Good value for money!,2023-10-10
8206,25832,483,3,Okay overall.,2020-01-17
8207,25832,1134,5,"Excellent product, highly recommend!",2023-06-24
8208,25832,325,3,Okay overall.,2023-05-25
8209,25833,176,4,Good value for money!,2024-03-24
8210,25833,560,4,Good value for money!,2022-12-11
8211,25837,233,4,Good value for money!,2024-10-13
8212,25837,263,3,Okay overall.,2021-12-13
8213,25841,358,5,"Excellent product, highly recommend!",2024-12-26
8214,25843,213,2,Not great quality.,2025-09-11
8215,25863,618,4,Good value for money!,2020-04-19
8216,25863,60,5,"Excellent product, highly recommend!",2025-05-11
8217,25865,929,2,Not great quality.,2020-07-15
8218,25865,184,5,"Excellent product, highly recommend!",2020-08-09
8219,25865,875,4,Good value for money!,2025-06-26
8220,25878,408,3,Okay overall.,2021-03-27
8221,25878,583,4,Good value for money!,2021-03-15
8222,25882,998,4,Good value for money!,2021-01-15
8223,25884,171,1,"Very disappointed, would not buy again.",2021-06-07
8224,25887,574,4,Good value for money!,2020-10-10
8225,25892,690,4,Good value for money!,2025-10-12
8226,25892,750,4,Good value for money!,2022-02-20
8227,25894,824,2,Not great quality.,2024-06-27
8228,25896,917,4,Good value for money!,2021-07-23
8229,25896,1186,3,Okay overall.,2023-05-18
8230,25896,942,4,Good value for money!,2021-03-18
8231,25901,312,4,Good value for money!,2025-09-21
8232,25904,581,5,"Excellent product, highly recommend!",2022-06-12
8233,25905,477,5,"Excellent product, highly recommend!",2023-07-14
8234,25908,1076,5,"Excellent product, highly recommend!",2021-12-20
8235,25908,863,3,Okay overall.,2021-09-16
8236,25916,1080,5,"Excellent product, highly recommend!",2024-05-28
8237,25916,1172,3,Okay overall.,2021-04-29
8238,25918,1049,5,"Excellent product, highly recommend!",2020-01-01
8239,25918,638,4,Good value for money!,2024-01-02
8240,25922,841,3,Okay overall.,2022-03-25
8241,25922,919,4,Good value for money!,2025-07-30
8242,25922,1141,5,"Excellent product, highly recommend!",2023-01-20
8243,25928,1075,5,"Excellent product, highly recommend!",2020-01-13
8244,25928,819,4,Good value for money!,2023-11-27
8245,25935,671,3,Okay overall.,2025-01-20
8246,25944,1031,4,Good value for money!,2022-02-16
8247,25944,1046,5,"Excellent product, highly recommend!",2020-09-18
8248,25954,738,4,Good value for money!,2021-06-01
8249,25954,1032,5,"Excellent product, highly recommend!",2021-05-27
8250,25954,581,3,Okay overall.,2021-02-13
8251,25972,988,3,Okay overall.,2020-09-16
8252,25978,288,5,"Excellent product, highly recommend!",2024-10-31
8253,25978,236,4,Good value for money!,2020-12-08
8254,25978,250,5,"Excellent product, highly recommend!",2020-11-08
8255,25978,834,4,Good value for money!,2024-07-31
8256,25984,1194,5,"Excellent product, highly recommend!",2024-01-20
8257,25984,954,4,Good value for money!,2020-03-25
8258,25985,1066,4,Good value for money!,2023-12-27
8259,25985,121,5,"Excellent product, highly recommend!",2020-02-18
8260,25985,538,4,Good value for money!,2024-11-29
8261,25994,1070,5,"Excellent product, highly recommend!",2021-02-24
8262,25995,879,4,Good value for money!,2024-10-01
8263,25999,1148,4,Good value for money!,2025-01-27
8264,25999,796,4,Good value for money!,2023-11-02
8265,25999,853,4,Good value for money!,2025-03-15
8266,26000,527,5,"Excellent product, highly recommend!",2024-12-20
8267,26000,850,3,Okay overall.,2021-11-05
8268,26001,638,5,"Excellent product, highly recommend!",2020-09-11
8269,26001,250,5,"Excellent product, highly recommend!",2021-02-04
8270,26001,623,4,Good value for money!,2025-10-01
8271,26006,1092,5,"Excellent product, highly recommend!",2020-07-09
8272,26006,1149,5,"Excellent product, highly recommend!",2024-05-11
8273,26010,1108,2,Not great quality.,2020-12-20
8274,26010,910,5,"Excellent product, highly recommend!",2021-08-25
8275,26021,1018,4,Good value for money!,2020-05-28
8276,26026,863,2,Not great quality.,2021-01-11
8277,26026,1109,3,Okay overall.,2025-03-10
8278,26026,930,4,Good value for money!,2025-01-07
8279,26027,942,5,"Excellent product, highly recommend!",2021-11-10
8280,26027,1001,5,"Excellent product, highly recommend!",2024-02-07
8281,26028,1110,3,Okay overall.,2023-03-22
8282,26028,1191,3,Okay overall.,2024-03-01
8283,26032,963,5,"Excellent product, highly recommend!",2024-02-27
8284,26033,958,4,Good value for money!,2024-12-16
8285,26035,404,5,"Excellent product, highly recommend!",2024-07-25
8286,26038,805,5,"Excellent product, highly recommend!",2022-12-14
8287,26038,804,4,Good value for money!,2023-08-11
8288,26039,769,5,"Excellent product, highly recommend!",2024-03-06
8289,26041,190,2,Not great quality.,2020-07-03
8290,26042,1040,5,"Excellent product, highly recommend!",2023-04-30
8291,26046,930,2,Not great quality.,2021-06-22
8292,26046,927,1,"Very disappointed, would not buy again.",2025-08-13
8293,26046,995,4,Good value for money!,2024-05-02
8294,26046,987,5,"Excellent product, highly recommend!",2023-01-14
8295,26057,971,4,Good value for money!,2022-08-18
8296,26057,879,5,"Excellent product, highly recommend!",2022-01-05
8297,26057,868,3,Okay overall.,2024-05-22
8298,26060,1113,5,"Excellent product, highly recommend!",2022-02-19
8299,26060,273,4,Good value for money!,2025-06-16
8300,26060,1067,3,Okay overall.,2022-11-01
8301,26062,1052,3,Okay overall.,2020-12-19
8302,26062,538,4,Good value for money!,2025-01-06
8303,26062,683,5,"Excellent product, highly recommend!",2022-04-20
8304,26064,389,4,Good value for money!,2023-05-08
8305,26066,1186,1,"Very disappointed, would not buy again.",2024-09-24
8306,26067,208,4,Good value for money!,2021-07-22
8307,26073,412,4,Good value for money!,2022-10-20
8308,26074,548,5,"Excellent product, highly recommend!",2025-04-17
8309,26074,1171,5,"Excellent product, highly recommend!",2022-05-27
8310,26100,1173,3,Okay overall.,2025-10-29
8311,26100,361,5,"Excellent product, highly recommend!",2020-05-18
8312,26100,38,5,"Excellent product, highly recommend!",2021-03-03
8313,26100,819,2,Not great quality.,2025-08-26
8314,26103,1010,3,Okay overall.,2023-11-16
8315,26106,128,5,"Excellent product, highly recommend!",2021-11-08
8316,26112,781,5,"Excellent product, highly recommend!",2021-06-26
8317,26117,1108,5,"Excellent product, highly recommend!",2024-09-06
8318,26118,1171,1,"Very disappointed, would not buy again.",2020-05-17
8319,26118,943,5,"Excellent product, highly recommend!",2022-03-02
8320,26126,360,5,"Excellent product, highly recommend!",2022-10-05
8321,26128,828,5,"Excellent product, highly recommend!",2022-09-02
8322,26128,709,5,"Excellent product, highly recommend!",2024-09-25
8323,26140,996,2,Not great quality.,2021-02-02
8324,26140,825,4,Good value for money!,2025-07-14
8325,26152,1106,4,Good value for money!,2022-04-06
8326,26152,1165,3,Okay overall.,2022-09-10
8327,26169,476,3,Okay overall.,2022-04-20
8328,26176,1196,3,Okay overall.,2021-02-12
8329,26183,1085,5,"Excellent product, highly recommend!",2020-04-07
8330,26183,463,2,Not great quality.,2022-07-06
8331,26183,534,4,Good value for money!,2024-02-04
8332,26190,226,4,Good value for money!,2020-12-07
8333,26190,332,3,Okay overall.,2021-04-06
8334,26192,441,5,"Excellent product, highly recommend!",2024-01-25
8335,26196,336,5,"Excellent product, highly recommend!",2020-05-05
8336,26196,933,5,"Excellent product, highly recommend!",2022-04-11
8337,26196,336,4,Good value for money!,2020-04-23
8338,26198,900,4,Good value for money!,2023-03-22
8339,26198,303,5,"Excellent product, highly recommend!",2023-04-23
8340,26212,1164,5,"Excellent product, highly recommend!",2020-05-11
8341,26212,574,5,"Excellent product, highly recommend!",2020-11-07
8342,26212,613,3,Okay overall.,2024-05-11
8343,26215,575,5,"Excellent product, highly recommend!",2023-10-12
8344,26216,859,4,Good value for money!,2025-06-11
8345,26220,983,5,"Excellent product, highly recommend!",2020-12-16
8346,26232,343,4,Good value for money!,2024-12-26
8347,26237,793,4,Good value for money!,2022-10-19
8348,26238,882,4,Good value for money!,2021-06-06
8349,26238,510,4,Good value for money!,2022-11-07
8350,26253,611,2,Not great quality.,2023-11-15
8351,26254,670,5,"Excellent product, highly recommend!",2021-03-05
8352,26257,468,4,Good value for money!,2025-06-27
8353,26261,805,4,Good value for money!,2023-04-07
8354,26261,958,3,Okay overall.,2023-10-31
8355,26263,1060,1,"Very disappointed, would not buy again.",2020-07-20
8356,26265,170,3,Okay overall.,2020-12-04
8357,26268,987,5,"Excellent product, highly recommend!",2020-07-09
8358,26268,795,5,"Excellent product, highly recommend!",2021-01-30
8359,26272,539,5,"Excellent product, highly recommend!",2024-07-07
8360,26272,529,3,Okay overall.,2020-01-16
8361,26276,827,1,"Very disappointed, would not buy again.",2020-06-08
8362,26276,805,5,"Excellent product, highly recommend!",2023-12-14
8363,26279,758,4,Good value for money!,2023-04-05
8364,26285,49,4,Good value for money!,2022-07-13
8365,26287,722,5,"Excellent product, highly recommend!",2022-12-15
8366,26289,514,4,Good value for money!,2021-05-30
8367,26289,535,4,Good value for money!,2020-10-14
8368,26289,827,5,"Excellent product, highly recommend!",2022-05-02
8369,26292,1086,4,Good value for money!,2021-07-22
8370,26292,879,2,Not great quality.,2021-06-04
8371,26292,944,4,Good value for money!,2020-10-22
8372,26294,1163,3,Okay overall.,2024-10-08
8373,26313,898,2,Not great quality.,2023-09-30
8374,26322,492,4,Good value for money!,2021-11-19
8375,26322,678,4,Good value for money!,2022-08-08
8376,26322,377,4,Good value for money!,2024-07-10
8377,26329,392,5,"Excellent product, highly recommend!",2024-08-14
8378,26329,935,3,Okay overall.,2022-01-01
8379,26331,867,3,Okay overall.,2024-05-27
8380,26331,981,4,Good value for money!,2021-04-05
8381,26331,531,4,Good value for money!,2023-02-16
8382,26335,40,3,Okay overall.,2021-04-18
8383,26335,944,5,"Excellent product, highly recommend!",2024-11-12
8384,26335,870,4,Good value for money!,2022-10-17
8385,26335,456,3,Okay overall.,2022-07-13
8386,26336,1112,5,"Excellent product, highly recommend!",2022-04-09
8387,26341,698,5,"Excellent product, highly recommend!",2024-09-02
8388,26341,769,4,Good value for money!,2024-09-17
8389,26341,831,5,"Excellent product, highly recommend!",2022-05-14
8390,26363,338,4,Good value for money!,2022-04-17
8391,26363,317,4,Good value for money!,2025-02-02
8392,26367,221,5,"Excellent product, highly recommend!",2023-10-18
8393,26368,449,3,Okay overall.,2023-06-14
8394,26384,846,5,"Excellent product, highly recommend!",2023-05-04
8395,26392,905,5,"Excellent product, highly recommend!",2023-04-22
8396,26392,678,1,"Very disappointed, would not buy again.",2023-12-29
8397,26396,862,4,Good value for money!,2022-04-08
8398,26396,581,4,Good value for money!,2021-01-13
8399,26396,545,3,Okay overall.,2022-10-09
8400,26414,1125,3,Okay overall.,2025-04-29
8401,26414,822,2,Not great quality.,2022-01-07
8402,26419,1098,1,"Very disappointed, would not buy again.",2025-09-08
8403,26420,532,3,Okay overall.,2021-11-01
8404,26420,545,4,Good value for money!,2020-01-20
8405,26425,879,5,"Excellent product, highly recommend!",2023-04-02
8406,26428,423,5,"Excellent product, highly recommend!",2024-07-15
8407,26428,953,3,Okay overall.,2021-04-28
8408,26431,724,5,"Excellent product, highly recommend!",2023-01-27
8409,26431,787,5,"Excellent product, highly recommend!",2025-04-01
8410,26431,782,3,Okay overall.,2020-08-04
8411,26436,79,4,Good value for money!,2023-02-11
8412,26436,132,4,Good value for money!,2023-10-31
8413,26436,918,4,Good value for money!,2022-09-05
8414,26438,1168,4,Good value for money!,2025-07-10
8415,26440,994,5,"Excellent product, highly recommend!",2023-02-21
8416,26441,128,5,"Excellent product, highly recommend!",2020-10-16
8417,26441,13,5,"Excellent product, highly recommend!",2020-02-07
8418,26441,904,2,Not great quality.,2024-08-23
8419,26442,118,3,Okay overall.,2023-04-15
8420,26442,138,5,"Excellent product, highly recommend!",2023-07-31
8421,26446,864,5,"Excellent product, highly recommend!",2022-11-12
8422,26446,103,5,"Excellent product, highly recommend!",2025-02-09
8423,26447,1122,3,Okay overall.,2023-01-13
8424,26447,567,3,Okay overall.,2020-02-02
8425,26453,336,4,Good value for money!,2023-04-30
8426,26453,482,5,"Excellent product, highly recommend!",2021-09-09
8427,26456,1191,2,Not great quality.,2025-02-23
8428,26456,1085,4,Good value for money!,2025-04-10
8429,26456,572,4,Good value for money!,2020-10-27
8430,26463,114,3,Okay overall.,2023-11-25
8431,26467,874,4,Good value for money!,2020-01-11
8432,26470,972,4,Good value for money!,2021-08-24
8433,26476,36,5,"Excellent product, highly recommend!",2025-03-05
8434,26476,845,1,"Very disappointed, would not buy again.",2021-02-19
8435,26494,1148,4,Good value for money!,2025-01-24
8436,26497,738,5,"Excellent product, highly recommend!",2022-07-11
8437,26502,676,5,"Excellent product, highly recommend!",2023-05-29
8438,26508,936,3,Okay overall.,2025-06-28
8439,26508,962,5,"Excellent product, highly recommend!",2021-02-15
8440,26508,942,5,"Excellent product, highly recommend!",2022-01-21
8441,26510,432,3,Okay overall.,2022-12-29
8442,26510,979,4,Good value for money!,2020-08-22
8443,26510,980,5,"Excellent product, highly recommend!",2022-01-27
8444,26519,603,4,Good value for money!,2024-11-10
8445,26519,906,5,"Excellent product, highly recommend!",2020-01-31
8446,26519,1061,4,Good value for money!,2025-03-27
8447,26524,679,5,"Excellent product, highly recommend!",2021-08-24
8448,26524,334,5,"Excellent product, highly recommend!",2025-06-09
8449,26524,265,5,"Excellent product, highly recommend!",2022-05-05
8450,26527,1018,4,Good value for money!,2024-09-06
8451,26530,764,4,Good value for money!,2024-06-09
8452,26530,482,5,"Excellent product, highly recommend!",2024-08-05
8453,26532,1007,3,Okay overall.,2020-05-10
8454,26532,859,5,"Excellent product, highly recommend!",2025-06-01
8455,26539,479,3,Okay overall.,2025-04-07
8456,26540,905,4,Good value for money!,2023-01-31
8457,26540,372,5,"Excellent product, highly recommend!",2022-09-11
8458,26540,483,3,Okay overall.,2021-11-08
8459,26540,983,5,"Excellent product, highly recommend!",2021-06-15
8460,26545,718,3,Okay overall.,2024-03-14
8461,26545,1176,4,Good value for money!,2025-01-19
8462,26545,909,5,"Excellent product, highly recommend!",2025-09-04
8463,26547,336,5,"Excellent product, highly recommend!",2022-09-10
8464,26547,312,1,"Very disappointed, would not buy again.",2022-11-08
8465,26547,983,1,"Very disappointed, would not buy again.",2025-07-15
8466,26547,338,5,"Excellent product, highly recommend!",2024-06-23
8467,26550,1107,4,Good value for money!,2021-11-23
8468,26551,993,5,"Excellent product, highly recommend!",2025-07-22
8469,26552,999,3,Okay overall.,2021-09-15
8470,26552,1139,5,"Excellent product, highly recommend!",2023-04-23
8471,26552,958,2,Not great quality.,2021-10-30
8472,26556,1175,5,"Excellent product, highly recommend!",2023-06-05
8473,26556,904,2,Not great quality.,2024-01-03
8474,26566,183,1,"Very disappointed, would not buy again.",2021-08-09
8475,26567,1116,5,"Excellent product, highly recommend!",2022-01-29
8476,26567,1027,5,"Excellent product, highly recommend!",2020-02-26
8477,26567,1095,4,Good value for money!,2021-07-10
8478,26568,905,5,"Excellent product, highly recommend!",2025-09-23
8479,26578,312,4,Good value for money!,2025-02-20
8480,26578,928,2,Not great quality.,2021-06-10
8481,26578,173,3,Okay overall.,2020-02-02
8482,26579,390,4,Good value for money!,2022-07-13
8483,26581,1127,5,"Excellent product, highly recommend!",2020-06-19
8484,26582,288,5,"Excellent product, highly recommend!",2023-05-07
8485,26595,403,4,Good value for money!,2025-07-18
8486,26596,299,5,"Excellent product, highly recommend!",2020-08-19
8487,26599,300,5,"Excellent product, highly recommend!",2020-08-02
8488,26599,271,4,Good value for money!,2024-04-01
8489,26599,176,5,"Excellent product, highly recommend!",2024-07-30
8490,26601,100,5,"Excellent product, highly recommend!",2024-04-07
8491,26601,36,4,Good value for money!,2024-03-30
8492,26608,416,4,Good value for money!,2020-11-18
8493,26616,687,3,Okay overall.,2020-12-17
8494,26618,532,4,Good value for money!,2025-09-02
8495,26621,118,3,Okay overall.,2022-09-17
8496,26623,1027,3,Okay overall.,2020-11-03
8497,26630,365,5,"Excellent product, highly recommend!",2021-12-19
8498,26632,953,5,"Excellent product, highly recommend!",2024-06-17
8499,26636,794,5,"Excellent product, highly recommend!",2022-04-26
8500,26636,842,4,Good value for money!,2020-11-16
8501,26639,36,4,Good value for money!,2024-05-13
8502,26639,9,4,Good value for money!,2024-02-05
8503,26639,746,4,Good value for money!,2025-02-15
8504,26645,856,5,"Excellent product, highly recommend!",2024-12-06
8505,26649,171,1,"Very disappointed, would not buy again.",2023-12-15
8506,26653,749,4,Good value for money!,2023-08-16
8507,26653,828,5,"Excellent product, highly recommend!",2024-12-02
8508,26656,425,4,Good value for money!,2022-01-17
8509,26656,670,5,"Excellent product, highly recommend!",2025-06-06
8510,26657,894,4,Good value for money!,2020-01-10
8511,26662,1039,5,"Excellent product, highly recommend!",2021-10-24
8512,26662,1039,1,"Very disappointed, would not buy again.",2025-06-19
8513,26671,468,3,Okay overall.,2024-09-02
8514,26677,472,4,Good value for money!,2020-02-15
8515,26679,182,3,Okay overall.,2020-11-01
8516,26679,1067,5,"Excellent product, highly recommend!",2020-12-26
8517,26679,271,4,Good value for money!,2021-11-01
8518,26679,206,5,"Excellent product, highly recommend!",2024-03-11
8519,26680,747,5,"Excellent product, highly recommend!",2020-02-21
8520,26681,1177,5,"Excellent product, highly recommend!",2020-09-25
8521,26685,405,5,"Excellent product, highly recommend!",2024-01-15
8522,26685,432,1,"Very disappointed, would not buy again.",2025-04-24
8523,26685,431,3,Okay overall.,2021-08-12
8524,26686,1110,5,"Excellent product, highly recommend!",2024-02-27
8525,26692,420,4,Good value for money!,2025-04-12
8526,26705,930,4,Good value for money!,2022-05-05
8527,26711,244,3,Okay overall.,2023-03-14
8528,26715,958,5,"Excellent product, highly recommend!",2024-04-09
8529,26716,777,3,Okay overall.,2020-04-08
8530,26731,377,5,"Excellent product, highly recommend!",2025-05-11
8531,26731,280,5,"Excellent product, highly recommend!",2022-01-09
8532,26744,220,3,Okay overall.,2020-09-17
8533,26761,870,4,Good value for money!,2024-10-27
8534,26766,465,4,Good value for money!,2023-05-15
8535,26766,342,3,Okay overall.,2022-05-23
8536,26766,975,4,Good value for money!,2023-12-28
8537,26769,970,3,Okay overall.,2022-06-29
8538,26769,1111,3,Okay overall.,2020-06-08
8539,26772,809,4,Good value for money!,2020-01-21
8540,26772,10,5,"Excellent product, highly recommend!",2023-07-06
8541,26773,133,3,Okay overall.,2025-05-04
8542,26773,828,4,Good value for money!,2024-12-28
8543,26777,256,5,"Excellent product, highly recommend!",2022-03-28
8544,26778,596,5,"Excellent product, highly recommend!",2025-03-15
8545,26783,557,3,Okay overall.,2020-07-04
8546,26783,647,4,Good value for money!,2020-02-03
8547,26786,728,3,Okay overall.,2020-12-02
8548,26786,608,2,Not great quality.,2020-03-06
8549,26786,352,4,Good value for money!,2021-05-05
8550,26789,824,1,"Very disappointed, would not buy again.",2021-12-31
8551,26791,655,5,"Excellent product, highly recommend!",2025-01-20
8552,26791,1149,4,Good value for money!,2023-01-09
8553,26791,1182,5,"Excellent product, highly recommend!",2023-01-22
8554,26799,983,4,Good value for money!,2025-01-10
8555,26799,877,5,"Excellent product, highly recommend!",2024-10-14
8556,26806,1190,3,Okay overall.,2020-07-11
8557,26806,1121,5,"Excellent product, highly recommend!",2025-05-12
8558,26806,1154,4,Good value for money!,2024-10-23
8559,26810,1144,3,Okay overall.,2022-01-10
8560,26815,154,1,"Very disappointed, would not buy again.",2023-04-19
8561,26816,385,5,"Excellent product, highly recommend!",2024-10-18
8562,26816,347,4,Good value for money!,2022-11-11
8563,26817,748,2,Not great quality.,2022-11-17
8564,26817,444,5,"Excellent product, highly recommend!",2024-05-04
8565,26817,1058,4,Good value for money!,2023-05-22
8566,26825,228,4,Good value for money!,2023-01-23
8567,26826,273,3,Okay overall.,2023-07-25
8568,26826,436,4,Good value for money!,2021-11-18
8569,26826,1081,5,"Excellent product, highly recommend!",2021-06-29
8570,26826,982,5,"Excellent product, highly recommend!",2020-05-15
8571,26830,591,4,Good value for money!,2020-10-10
8572,26837,939,3,Okay overall.,2021-03-14
8573,26838,879,4,Good value for money!,2022-07-01
8574,26843,114,4,Good value for money!,2024-04-25
8575,26854,320,5,"Excellent product, highly recommend!",2022-05-09
8576,26869,1084,4,Good value for money!,2022-02-14
8577,26870,1073,3,Okay overall.,2020-10-24
8578,26870,1092,4,Good value for money!,2024-10-06
8579,26885,483,4,Good value for money!,2022-10-23
8580,26886,789,4,Good value for money!,2023-10-15
8581,26886,488,5,"Excellent product, highly recommend!",2021-04-29
8582,26890,10,5,"Excellent product, highly recommend!",2023-04-08
8583,26893,195,5,"Excellent product, highly recommend!",2022-03-13
8584,26916,432,2,Not great quality.,2021-10-13
8585,26920,463,4,Good value for money!,2020-06-22
8586,26925,215,4,Good value for money!,2024-10-27
8587,26926,967,2,Not great quality.,2025-01-04
8588,26926,857,4,Good value for money!,2021-02-13
8589,26930,493,3,Okay overall.,2020-09-05
8590,26934,456,5,"Excellent product, highly recommend!",2022-08-07
8591,26935,220,4,Good value for money!,2022-05-12
8592,26935,542,5,"Excellent product, highly recommend!",2025-02-04
8593,26941,742,4,Good value for money!,2022-02-07
8594,26949,1121,3,Okay overall.,2023-12-14
8595,26952,708,5,"Excellent product, highly recommend!",2024-04-20
8596,26952,741,5,"Excellent product, highly recommend!",2020-03-21
8597,26954,821,3,Okay overall.,2022-03-10
8598,26959,354,5,"Excellent product, highly recommend!",2024-07-19
8599,26961,9,3,Okay overall.,2025-10-04
8600,26961,571,1,"Very disappointed, would not buy again.",2025-06-15
8601,26961,769,4,Good value for money!,2022-06-03
8602,26962,93,1,"Very disappointed, would not buy again.",2024-07-09
8603,26983,996,5,"Excellent product, highly recommend!",2023-10-06
8604,26983,1036,4,Good value for money!,2025-04-20
8605,26983,1115,3,Okay overall.,2023-09-24
8606,26985,905,4,Good value for money!,2024-09-14
8607,26985,929,5,"Excellent product, highly recommend!",2025-07-15
8608,26985,552,4,Good value for money!,2020-07-29
8609,26985,1148,5,"Excellent product, highly recommend!",2024-07-13
8610,26992,744,4,Good value for money!,2023-02-03
8611,26992,864,3,Okay overall.,2024-02-28
8612,27000,434,3,Okay overall.,2025-01-01
8613,27003,1110,4,Good value for money!,2020-01-20
8614,27003,454,5,"Excellent product, highly recommend!",2022-08-20
8615,27003,468,4,Good value for money!,2022-07-14
8616,27005,868,5,"Excellent product, highly recommend!",2025-09-12
8617,27006,1187,5,"Excellent product, highly recommend!",2023-07-03
8618,27006,1043,4,Good value for money!,2021-01-21
8619,27008,361,4,Good value for money!,2020-02-23
8620,27008,481,4,Good value for money!,2021-08-25
8621,27008,360,4,Good value for money!,2024-08-06
8622,27008,1061,5,"Excellent product, highly recommend!",2022-05-04
8623,27018,917,4,Good value for money!,2020-10-07
8624,27018,822,5,"Excellent product, highly recommend!",2025-02-26
8625,27029,1062,2,Not great quality.,2023-04-11
8626,27029,1188,4,Good value for money!,2021-12-18
8627,27029,1183,4,Good value for money!,2023-08-24
8628,27046,809,2,Not great quality.,2023-05-07
8629,27046,973,4,Good value for money!,2024-05-11
8630,27046,492,4,Good value for money!,2020-05-16
8631,27053,197,4,Good value for money!,2020-08-16
8632,27053,184,5,"Excellent product, highly recommend!",2022-07-28
8633,27055,379,3,Okay overall.,2022-07-01
8634,27055,870,3,Okay overall.,2021-12-01
8635,27055,491,5,"Excellent product, highly recommend!",2022-07-23
8636,27060,1161,5,"Excellent product, highly recommend!",2020-11-19
8637,27060,271,4,Good value for money!,2022-07-23
8638,27062,240,5,"Excellent product, highly recommend!",2025-07-09
8639,27062,601,3,Okay overall.,2020-01-19
8640,27062,669,3,Okay overall.,2023-07-17
8641,27062,1073,2,Not great quality.,2021-10-10
8642,27062,1115,5,"Excellent product, highly recommend!",2022-05-09
8643,27072,543,4,Good value for money!,2020-04-15
8644,27072,344,5,"Excellent product, highly recommend!",2020-05-01
8645,27077,1007,5,"Excellent product, highly recommend!",2024-09-15
8646,27077,839,4,Good value for money!,2025-10-16
8647,27080,878,4,Good value for money!,2021-01-10
8648,27082,906,1,"Very disappointed, would not buy again.",2024-05-07
8649,27082,1011,5,"Excellent product, highly recommend!",2021-03-26
8650,27085,687,5,"Excellent product, highly recommend!",2020-11-24
8651,27085,538,3,Okay overall.,2022-11-13
8652,27087,1174,5,"Excellent product, highly recommend!",2024-05-31
8653,27087,1174,3,Okay overall.,2023-03-31
8654,27087,1033,4,Good value for money!,2024-05-30
8655,27088,27,2,Not great quality.,2022-01-03
8656,27092,1181,4,Good value for money!,2025-04-21
8657,27092,741,5,"Excellent product, highly recommend!",2021-11-27
8658,27092,1142,3,Okay overall.,2022-11-23
8659,27092,1070,5,"Excellent product, highly recommend!",2021-07-25
8660,27092,1104,4,Good value for money!,2023-09-24
8661,27100,208,3,Okay overall.,2025-03-03
8662,27106,977,2,Not great quality.,2023-09-24
8663,27110,385,3,Okay overall.,2022-06-19
8664,27110,452,5,"Excellent product, highly recommend!",2023-11-28
8665,27117,291,3,Okay overall.,2024-01-13
8666,27120,1075,3,Okay overall.,2020-03-16
8667,27120,1043,5,"Excellent product, highly recommend!",2025-01-28
8668,27120,1035,5,"Excellent product, highly recommend!",2023-06-12
8669,27124,521,4,Good value for money!,2025-03-05
8670,27124,410,4,Good value for money!,2022-09-07
8671,27125,203,4,Good value for money!,2025-07-30
8672,27125,5,5,"Excellent product, highly recommend!",2021-03-18
8673,27129,747,4,Good value for money!,2022-08-25
8674,27131,774,4,Good value for money!,2021-06-08
8675,27140,952,3,Okay overall.,2025-01-04
8676,27154,968,5,"Excellent product, highly recommend!",2024-05-12
8677,27175,405,5,"Excellent product, highly recommend!",2024-09-11
8678,27181,930,2,Not great quality.,2022-10-26
8679,27181,200,1,"Very disappointed, would not buy again.",2021-07-26
8680,27183,554,5,"Excellent product, highly recommend!",2021-08-30
8681,27185,685,4,Good value for money!,2021-05-18
8682,27196,1093,5,"Excellent product, highly recommend!",2022-11-07
8683,27196,1033,1,"Very disappointed, would not buy again.",2021-12-23
8684,27196,1030,5,"Excellent product, highly recommend!",2023-05-23
8685,27196,1098,4,Good value for money!,2022-09-14
8686,27196,1175,4,Good value for money!,2023-11-15
8687,27201,412,5,"Excellent product, highly recommend!",2024-01-19
8688,27201,631,3,Okay overall.,2022-07-07
8689,27204,1090,5,"Excellent product, highly recommend!",2021-01-18
8690,27206,503,4,Good value for money!,2021-02-16
8691,27219,886,4,Good value for money!,2021-08-08
8692,27219,971,5,"Excellent product, highly recommend!",2021-03-29
8693,27223,968,4,Good value for money!,2021-10-25
8694,27223,883,3,Okay overall.,2020-08-22
8695,27229,939,3,Okay overall.,2022-02-19
8696,27232,906,4,Good value for money!,2021-03-13
8697,27238,1143,3,Okay overall.,2021-12-29
8698,27238,1086,5,"Excellent product, highly recommend!",2023-09-14
8699,27238,1049,5,"Excellent product, highly recommend!",2021-06-12
8700,27240,1076,5,"Excellent product, highly recommend!",2024-10-13
8701,27241,899,5,"Excellent product, highly recommend!",2023-10-27
8702,27267,962,5,"Excellent product, highly recommend!",2024-12-06
8703,27267,1031,4,Good value for money!,2020-11-12
8704,27267,294,3,Okay overall.,2022-07-23
8705,27269,121,1,"Very disappointed, would not buy again.",2021-02-05
8706,27269,496,5,"Excellent product, highly recommend!",2021-05-30
8707,27275,805,2,Not great quality.,2024-11-26
8708,27277,511,4,Good value for money!,2020-06-26
8709,27282,196,4,Good value for money!,2025-01-13
8710,27282,503,4,Good value for money!,2024-09-13
8711,27287,744,2,Not great quality.,2023-06-28
8712,27287,797,2,Not great quality.,2021-11-20
8713,27287,709,5,"Excellent product, highly recommend!",2020-06-28
8714,27296,14,5,"Excellent product, highly recommend!",2021-03-04
8715,27296,793,2,Not great quality.,2023-01-18
8716,27299,1046,3,Okay overall.,2024-09-03
8717,27299,436,3,Okay overall.,2025-09-18
8718,27302,1008,5,"Excellent product, highly recommend!",2020-04-25
8719,27305,340,4,Good value for money!,2024-03-21
8720,27309,1068,4,Good value for money!,2023-06-19
8721,27311,883,5,"Excellent product, highly recommend!",2020-09-25
8722,27311,769,3,Okay overall.,2024-07-20
8723,27311,814,4,Good value for money!,2020-04-18
8724,27311,615,5,"Excellent product, highly recommend!",2024-09-14
8725,27311,347,5,"Excellent product, highly recommend!",2020-05-27
8726,27314,1097,4,Good value for money!,2023-05-05
8727,27314,636,5,"Excellent product, highly recommend!",2020-07-31
8728,27315,740,4,Good value for money!,2021-03-21
8729,27315,704,5,"Excellent product, highly recommend!",2023-06-12
8730,27318,219,4,Good value for money!,2021-12-15
8731,27326,599,4,Good value for money!,2020-12-30
8732,27326,861,3,Okay overall.,2020-01-25
8733,27329,1109,5,"Excellent product, highly recommend!",2020-02-16
8734,27342,872,5,"Excellent product, highly recommend!",2021-09-15
8735,27342,730,5,"Excellent product, highly recommend!",2022-02-21
8736,27342,747,4,Good value for money!,2024-04-09
8737,27342,845,4,Good value for money!,2022-05-17
8738,27353,396,4,Good value for money!,2025-04-21
8739,27354,1073,4,Good value for money!,2022-11-09
8740,27355,412,3,Okay overall.,2021-09-24
8741,27355,368,3,Okay overall.,2023-04-08
8742,27355,989,5,"Excellent product, highly recommend!",2024-08-02
8743,27360,159,2,Not great quality.,2020-12-02
8744,27360,1011,5,"Excellent product, highly recommend!",2020-04-06
8745,27364,36,5,"Excellent product, highly recommend!",2024-04-23
8746,27375,1174,5,"Excellent product, highly recommend!",2021-12-26
8747,27376,1191,4,Good value for money!,2020-09-04
8748,27376,741,2,Not great quality.,2022-07-06
8749,27377,870,3,Okay overall.,2022-09-01
8750,27384,147,4,Good value for money!,2023-04-27
8751,27385,20,2,Not great quality.,2020-06-15
8752,27390,678,4,Good value for money!,2023-01-01
8753,27390,175,4,Good value for money!,2023-01-19
8754,27395,688,5,"Excellent product, highly recommend!",2021-04-13
8755,27395,859,4,Good value for money!,2021-12-25
8756,27405,1065,3,Okay overall.,2022-07-02
8757,27405,1045,3,Okay overall.,2023-12-08
8758,27409,303,4,Good value for money!,2025-06-11
8759,27418,1113,4,Good value for money!,2025-02-23
8760,27419,14,3,Okay overall.,2023-09-28
8761,27420,935,4,Good value for money!,2025-07-03
8762,27426,1030,3,Okay overall.,2021-02-21
8763,27426,213,3,Okay overall.,2020-09-21
8764,27426,896,4,Good value for money!,2025-06-13
8765,27439,1152,5,"Excellent product, highly recommend!",2024-01-22
8766,27439,1071,5,"Excellent product, highly recommend!",2023-12-27
8767,27443,874,4,Good value for money!,2023-10-01
8768,27444,814,5,"Excellent product, highly recommend!",2022-05-25
8769,27463,289,5,"Excellent product, highly recommend!",2023-04-19
8770,27469,731,4,Good value for money!,2024-03-20
8771,27470,510,3,Okay overall.,2025-09-30
8772,27470,944,4,Good value for money!,2024-01-13
8773,27479,440,4,Good value for money!,2020-12-21
8774,27479,340,5,"Excellent product, highly recommend!",2024-11-23
8775,27479,1148,2,Not great quality.,2023-11-10
8776,27486,965,3,Okay overall.,2021-08-11
8777,27487,1143,3,Okay overall.,2024-06-25
8778,27487,257,3,Okay overall.,2022-10-23
8779,27493,702,4,Good value for money!,2022-11-20
8780,27493,823,5,"Excellent product, highly recommend!",2023-05-13
8781,27493,796,2,Not great quality.,2024-04-03
8782,27497,982,3,Okay overall.,2023-03-31
8783,27497,987,3,Okay overall.,2021-06-26
8784,27497,1012,5,"Excellent product, highly recommend!",2024-01-23
8785,27500,435,4,Good value for money!,2023-10-21
8786,27502,672,3,Okay overall.,2025-04-09
8787,27502,252,5,"Excellent product, highly recommend!",2021-10-07
8788,27502,276,5,"Excellent product, highly recommend!",2020-07-07
8789,27508,955,1,"Very disappointed, would not buy again.",2021-12-09
8790,27508,486,3,Okay overall.,2021-08-09
8791,27508,991,4,Good value for money!,2025-03-03
8792,27523,1180,3,Okay overall.,2022-05-02
8793,27527,1138,5,"Excellent product, highly recommend!",2021-04-02
8794,27527,958,3,Okay overall.,2021-03-02
8795,27529,525,4,Good value for money!,2020-10-25
8796,27529,1105,4,Good value for money!,2022-11-10
8797,27538,596,4,Good value for money!,2021-03-28
8798,27541,705,3,Okay overall.,2023-09-23
8799,27542,282,5,"Excellent product, highly recommend!",2021-04-29
8800,27546,27,5,"Excellent product, highly recommend!",2024-01-13
8801,27562,583,1,"Very disappointed, would not buy again.",2022-05-09
8802,27562,990,4,Good value for money!,2020-11-16
8803,27566,915,1,"Very disappointed, would not buy again.",2025-10-25
8804,27566,926,3,Okay overall.,2022-08-27
8805,27576,975,1,"Very disappointed, would not buy again.",2021-01-29
8806,27576,1106,3,Okay overall.,2023-02-24
8807,27576,899,5,"Excellent product, highly recommend!",2020-07-13
8808,27580,226,4,Good value for money!,2021-10-13
8809,27583,804,3,Okay overall.,2025-09-26
8810,27583,231,5,"Excellent product, highly recommend!",2021-10-29
8811,27583,289,3,Okay overall.,2024-08-05
8812,27592,1021,3,Okay overall.,2020-10-02
8813,27598,817,4,Good value for money!,2022-05-31
8814,27598,538,4,Good value for money!,2020-07-14
8815,27599,989,5,"Excellent product, highly recommend!",2025-07-19
8816,27599,954,4,Good value for money!,2021-06-16
8817,27599,878,2,Not great quality.,2021-09-11
8818,27599,254,3,Okay overall.,2022-01-25
8819,27599,934,3,Okay overall.,2024-03-10
8820,27604,1180,3,Okay overall.,2024-12-01
8821,27605,743,5,"Excellent product, highly recommend!",2025-10-26
8822,27612,758,5,"Excellent product, highly recommend!",2022-04-10
8823,27612,926,4,Good value for money!,2024-12-23
8824,27612,1026,4,Good value for money!,2022-04-10
8825,27627,921,3,Okay overall.,2025-04-15
8826,27627,607,4,Good value for money!,2025-02-28
8827,27627,642,5,"Excellent product, highly recommend!",2021-10-22
8828,27633,474,5,"Excellent product, highly recommend!",2022-10-30
8829,27635,525,4,Good value for money!,2023-08-20
8830,27636,998,5,"Excellent product, highly recommend!",2024-08-21
8831,27636,899,4,Good value for money!,2024-09-10
8832,27638,658,4,Good value for money!,2021-11-28
8833,27639,614,5,"Excellent product, highly recommend!",2024-11-20
8834,27644,466,4,Good value for money!,2021-02-19
8835,27644,365,5,"Excellent product, highly recommend!",2022-03-01
8836,27645,491,4,Good value for money!,2022-05-10
8837,27645,398,5,"Excellent product, highly recommend!",2021-03-13
8838,27652,392,5,"Excellent product, highly recommend!",2022-01-06
8839,27652,13,5,"Excellent product, highly recommend!",2022-12-24
8840,27652,1191,4,Good value for money!,2023-01-22
8841,27656,762,5,"Excellent product, highly recommend!",2020-01-10
8842,27664,1180,3,Okay overall.,2025-09-04
8843,27664,1018,4,Good value for money!,2025-09-20
8844,27665,77,4,Good value for money!,2025-07-12
8845,27665,328,4,Good value for money!,2024-07-05
8846,27675,1146,5,"Excellent product, highly recommend!",2025-06-25
8847,27675,366,5,"Excellent product, highly recommend!",2021-09-05
8848,27682,356,5,"Excellent product, highly recommend!",2021-11-11
8849,27682,458,4,Good value for money!,2024-11-23
8850,27682,402,3,Okay overall.,2023-01-03
8851,27684,974,3,Okay overall.,2024-03-10
8852,27685,725,4,Good value for money!,2025-03-28
8853,27687,483,5,"Excellent product, highly recommend!",2022-03-30
8854,27688,379,4,Good value for money!,2024-05-14
8855,27690,804,3,Okay overall.,2024-03-01
8856,27690,778,4,Good value for money!,2022-11-30
8857,27697,923,3,Okay overall.,2021-09-01
8858,27697,962,4,Good value for money!,2025-09-03
8859,27699,437,4,Good value for money!,2024-02-04
8860,27699,360,4,Good value for money!,2022-01-18
8861,27700,297,4,Good value for money!,2023-06-04
8862,27703,298,4,Good value for money!,2022-11-18
8863,27703,388,5,"Excellent product, highly recommend!",2020-11-21
8864,27703,14,5,"Excellent product, highly recommend!",2024-07-24
8865,27706,706,5,"Excellent product, highly recommend!",2021-09-20
8866,27709,904,5,"Excellent product, highly recommend!",2024-06-19
8867,27709,886,3,Okay overall.,2023-03-08
8868,27709,961,2,Not great quality.,2024-04-09
8869,27709,929,3,Okay overall.,2024-03-28
8870,27710,435,4,Good value for money!,2022-03-31
8871,27717,1057,2,Not great quality.,2021-04-13
8872,27717,511,3,Okay overall.,2024-04-11
8873,27717,437,3,Okay overall.,2020-05-08
8874,27728,385,5,"Excellent product, highly recommend!",2022-03-08
8875,27735,394,4,Good value for money!,2022-11-06
8876,27735,460,5,"Excellent product, highly recommend!",2020-08-10
8877,27735,404,3,Okay overall.,2025-05-01
8878,27743,894,1,"Very disappointed, would not buy again.",2025-08-31
8879,27748,1138,1,"Very disappointed, would not buy again.",2024-06-14
8880,27748,1051,5,"Excellent product, highly recommend!",2024-04-20
8881,27748,1105,4,Good value for money!,2023-03-18
8882,27748,1072,5,"Excellent product, highly recommend!",2023-02-25
8883,27761,334,4,Good value for money!,2023-12-01
8884,27766,488,5,"Excellent product, highly recommend!",2023-12-27
8885,27769,1003,5,"Excellent product, highly recommend!",2020-10-15
8886,27769,799,4,Good value for money!,2023-02-13
8887,27774,313,2,Not great quality.,2020-11-01
8888,27775,827,4,Good value for money!,2025-03-26
8889,27776,871,3,Okay overall.,2024-07-28
8890,27778,851,4,Good value for money!,2025-01-03
8891,27779,423,5,"Excellent product, highly recommend!",2023-02-16
8892,27797,1073,4,Good value for money!,2024-02-15
8893,27801,364,5,"Excellent product, highly recommend!",2023-02-15
8894,27806,750,3,Okay overall.,2020-12-10
8895,27806,793,1,"Very disappointed, would not buy again.",2025-06-24
8896,27807,1122,5,"Excellent product, highly recommend!",2025-09-08
8897,27817,312,4,Good value for money!,2023-04-20
8898,27820,731,5,"Excellent product, highly recommend!",2024-06-07
8899,27832,890,5,"Excellent product, highly recommend!",2021-08-07
8900,27834,94,4,Good value for money!,2025-09-30
8901,27840,256,5,"Excellent product, highly recommend!",2025-05-01
8902,27848,906,4,Good value for money!,2022-01-25
8903,27850,1159,5,"Excellent product, highly recommend!",2025-05-01
8904,27856,1058,4,Good value for money!,2021-07-12
8905,27856,455,2,Not great quality.,2023-08-05
8906,27858,306,4,Good value for money!,2020-10-31
8907,27858,355,4,Good value for money!,2020-10-20
8908,27861,978,4,Good value for money!,2020-10-12
8909,27870,1119,3,Okay overall.,2023-06-09
8910,27874,380,5,"Excellent product, highly recommend!",2022-04-17
8911,27874,1114,5,"Excellent product, highly recommend!",2022-09-14
8912,27878,759,5,"Excellent product, highly recommend!",2024-11-03
8913,27878,566,5,"Excellent product, highly recommend!",2023-11-03
8914,27887,946,4,Good value for money!,2024-07-23
8915,27887,928,2,Not great quality.,2020-09-28
8916,27890,387,3,Okay overall.,2021-11-18
8917,27890,690,5,"Excellent product, highly recommend!",2021-04-03
8918,27901,984,3,Okay overall.,2024-03-02
8919,27913,239,4,Good value for money!,2023-10-13
8920,27918,904,5,"Excellent product, highly recommend!",2025-07-20
8921,27918,351,4,Good value for money!,2025-01-03
8922,27923,353,5,"Excellent product, highly recommend!",2022-01-17
8923,27926,891,5,"Excellent product, highly recommend!",2022-11-04
8924,27926,783,5,"Excellent product, highly recommend!",2022-04-17
8925,27937,974,4,Good value for money!,2021-04-30
8926,27937,925,5,"Excellent product, highly recommend!",2020-08-24
8927,27937,751,3,Okay overall.,2020-03-27
8928,27937,441,4,Good value for money!,2021-06-20
8929,27939,911,5,"Excellent product, highly recommend!",2023-05-18
8930,27943,573,1,"Very disappointed, would not buy again.",2022-04-25
8931,27955,1043,3,Okay overall.,2022-07-05
8932,27967,753,5,"Excellent product, highly recommend!",2020-06-26
8933,27967,232,4,Good value for money!,2021-06-21
8934,27981,646,5,"Excellent product, highly recommend!",2021-10-22
8935,27981,942,5,"Excellent product, highly recommend!",2025-08-11
8936,27981,303,3,Okay overall.,2020-01-24
8937,27988,1095,5,"Excellent product, highly recommend!",2020-02-02
8938,28005,760,5,"Excellent product, highly recommend!",2020-10-11
8939,28014,376,5,"Excellent product, highly recommend!",2025-01-29
8940,28014,840,3,Okay overall.,2024-06-24
8941,28014,1039,4,Good value for money!,2022-09-10
8942,28014,1062,5,"Excellent product, highly recommend!",2023-11-14
8943,28014,1043,5,"Excellent product, highly recommend!",2023-03-06
8944,28015,1069,4,Good value for money!,2025-07-15
8945,28015,233,5,"Excellent product, highly recommend!",2025-07-17
8946,28015,65,3,Okay overall.,2021-02-04
8947,28015,335,3,Okay overall.,2025-05-25
8948,28019,683,5,"Excellent product, highly recommend!",2022-03-12
8949,28019,412,5,"Excellent product, highly recommend!",2020-05-28
8950,28019,369,4,Good value for money!,2020-12-22
8951,28025,1083,4,Good value for money!,2020-02-27
8952,28040,1117,2,Not great quality.,2022-02-26
8953,28040,1046,5,"Excellent product, highly recommend!",2024-06-21
8954,28040,303,5,"Excellent product, highly recommend!",2021-07-10
8955,28041,947,4,Good value for money!,2021-11-20
8956,28049,1129,5,"Excellent product, highly recommend!",2023-05-11
8957,28063,1033,4,Good value for money!,2021-01-31
8958,28063,943,5,"Excellent product, highly recommend!",2025-02-19
8959,28063,949,5,"Excellent product, highly recommend!",2023-11-24
8960,28065,959,5,"Excellent product, highly recommend!",2020-03-14
8961,28065,922,1,"Very disappointed, would not buy again.",2020-07-23
8962,28065,372,4,Good value for money!,2021-04-23
8963,28070,951,4,Good value for money!,2021-04-17
8964,28070,938,5,"Excellent product, highly recommend!",2022-06-22
8965,28070,1021,5,"Excellent product, highly recommend!",2025-01-25
8966,28070,895,4,Good value for money!,2020-05-28
8967,28074,562,5,"Excellent product, highly recommend!",2023-03-23
8968,28074,563,4,Good value for money!,2021-02-07
8969,28074,549,2,Not great quality.,2020-10-22
8970,28084,925,4,Good value for money!,2024-12-22
8971,28090,879,5,"Excellent product, highly recommend!",2021-11-24
8972,28091,262,4,Good value for money!,2024-04-03
8973,28091,1081,4,Good value for money!,2024-10-07
8974,28092,1116,5,"Excellent product, highly recommend!",2023-09-14
8975,28099,55,2,Not great quality.,2021-06-25
8976,28099,233,3,Okay overall.,2025-07-04
8977,28100,267,4,Good value for money!,2025-02-18
8978,28105,989,5,"Excellent product, highly recommend!",2023-09-26
8979,28110,953,4,Good value for money!,2023-07-08
8980,28110,982,4,Good value for money!,2025-02-16
8981,28127,60,5,"Excellent product, highly recommend!",2023-07-05
8982,28127,444,3,Okay overall.,2025-09-08
8983,28135,839,4,Good value for money!,2025-01-27
8984,28135,575,5,"Excellent product, highly recommend!",2020-09-26
8985,28139,1082,5,"Excellent product, highly recommend!",2024-11-06
8986,28139,1147,5,"Excellent product, highly recommend!",2024-07-17
8987,28142,1148,2,Not great quality.,2022-10-12
8988,28143,476,3,Okay overall.,2022-08-02
8989,28159,176,5,"Excellent product, highly recommend!",2023-03-19
8990,28159,449,4,Good value for money!,2021-11-16
8991,28168,392,4,Good value for money!,2020-02-04
8992,28170,304,5,"Excellent product, highly recommend!",2025-08-27
8993,28170,1048,4,Good value for money!,2020-07-09
8994,28170,389,3,Okay overall.,2021-04-17
8995,28171,156,5,"Excellent product, highly recommend!",2023-12-24
8996,28176,993,3,Okay overall.,2023-10-30
8997,28178,568,3,Okay overall.,2020-03-16
8998,28178,858,5,"Excellent product, highly recommend!",2025-02-25
8999,28181,340,4,Good value for money!,2023-12-09
9000,28181,726,4,Good value for money!,2022-04-13
9001,28181,215,4,Good value for money!,2024-09-14
9002,28182,226,4,Good value for money!,2020-12-30
9003,28189,1044,4,Good value for money!,2025-08-18
9004,28193,55,3,Okay overall.,2023-08-20
9005,28193,96,3,Okay overall.,2022-12-18
9006,28203,1163,3,Okay overall.,2024-10-19
9007,28206,663,4,Good value for money!,2022-11-24
9008,28209,1011,5,"Excellent product, highly recommend!",2021-05-22
9009,28214,444,5,"Excellent product, highly recommend!",2020-04-08
9010,28215,566,5,"Excellent product, highly recommend!",2021-10-22
9011,28226,400,5,"Excellent product, highly recommend!",2024-10-04
9012,28226,495,2,Not great quality.,2024-09-25
9013,28226,385,5,"Excellent product, highly recommend!",2021-12-03
9014,28230,79,4,Good value for money!,2025-05-07
9015,28230,1036,4,Good value for money!,2024-12-15
9016,28231,901,4,Good value for money!,2025-02-28
9017,28231,868,2,Not great quality.,2023-06-18
9018,28231,1087,4,Good value for money!,2025-03-19
9019,28245,579,3,Okay overall.,2024-07-01
9020,28245,542,3,Okay overall.,2024-09-05
9021,28246,906,5,"Excellent product, highly recommend!",2025-05-16
9022,28249,770,5,"Excellent product, highly recommend!",2021-07-22
9023,28249,689,4,Good value for money!,2023-07-27
9024,28249,758,5,"Excellent product, highly recommend!",2023-12-27
9025,28249,848,5,"Excellent product, highly recommend!",2024-02-11
9026,28250,1144,2,Not great quality.,2021-04-16
9027,28250,1176,5,"Excellent product, highly recommend!",2023-03-30
9028,28250,1132,5,"Excellent product, highly recommend!",2023-12-28
9029,28251,1072,3,Okay overall.,2022-05-10
9030,28251,1096,4,Good value for money!,2021-10-12
9031,28257,881,4,Good value for money!,2022-07-17
9032,28265,786,2,Not great quality.,2020-12-30
9033,28276,851,4,Good value for money!,2025-09-28
9034,28277,801,4,Good value for money!,2022-09-18
9035,28281,535,5,"Excellent product, highly recommend!",2022-01-08
9036,28284,686,1,"Very disappointed, would not buy again.",2023-10-30
9037,28284,402,3,Okay overall.,2020-11-05
9038,28285,1057,5,"Excellent product, highly recommend!",2023-09-17
9039,28285,565,5,"Excellent product, highly recommend!",2021-08-13
9040,28285,563,1,"Very disappointed, would not buy again.",2020-03-13
9041,28285,541,5,"Excellent product, highly recommend!",2024-06-27
9042,28289,91,4,Good value for money!,2025-09-23
9043,28292,1099,5,"Excellent product, highly recommend!",2022-04-24
9044,28292,1154,5,"Excellent product, highly recommend!",2024-03-22
9045,28295,882,3,Okay overall.,2020-09-13
9046,28300,762,3,Okay overall.,2024-10-23
9047,28300,994,5,"Excellent product, highly recommend!",2020-07-29
9048,28300,842,3,Okay overall.,2025-06-25
9049,28300,422,5,"Excellent product, highly recommend!",2023-05-31
9050,28303,835,4,Good value for money!,2023-12-11
9051,28310,664,2,Not great quality.,2023-08-30
9052,28311,402,5,"Excellent product, highly recommend!",2025-07-26
9053,28316,452,5,"Excellent product, highly recommend!",2025-10-13
9054,28323,88,3,Okay overall.,2024-07-05
9055,28327,1003,1,"Very disappointed, would not buy again.",2021-11-25
9056,28327,936,3,Okay overall.,2025-05-29
9057,28327,565,5,"Excellent product, highly recommend!",2020-05-23
9058,28327,876,5,"Excellent product, highly recommend!",2022-06-26
9059,28329,1122,4,Good value for money!,2020-03-08
9060,28329,894,4,Good value for money!,2025-07-11
9061,28330,78,5,"Excellent product, highly recommend!",2022-06-16
9062,28333,1012,3,Okay overall.,2022-05-14
9063,28334,1194,4,Good value for money!,2020-07-22
9064,28337,467,2,Not great quality.,2021-08-18
9065,28341,75,3,Okay overall.,2021-02-19
9066,28349,1001,5,"Excellent product, highly recommend!",2020-04-04
9067,28349,855,3,Okay overall.,2021-04-11
9068,28349,1159,5,"Excellent product, highly recommend!",2020-04-16
9069,28349,804,5,"Excellent product, highly recommend!",2023-05-16
9070,28350,1120,4,Good value for money!,2020-04-17
9071,28356,1195,5,"Excellent product, highly recommend!",2020-12-10
9072,28359,445,4,Good value for money!,2025-02-18
9073,28359,670,3,Okay overall.,2024-06-04
9074,28360,401,3,Okay overall.,2024-04-29
9075,28382,977,1,"Very disappointed, would not buy again.",2020-02-23
9076,28391,683,5,"Excellent product, highly recommend!",2021-07-09
9077,28391,381,3,Okay overall.,2022-05-07
9078,28400,360,5,"Excellent product, highly recommend!",2022-03-26
9079,28403,173,3,Okay overall.,2022-01-24
9080,28403,948,5,"Excellent product, highly recommend!",2022-02-03
9081,28419,457,5,"Excellent product, highly recommend!",2024-03-05
9082,28420,273,5,"Excellent product, highly recommend!",2024-10-18
9083,28422,974,4,Good value for money!,2022-12-09
9084,28427,464,4,Good value for money!,2023-06-22
9085,28427,372,3,Okay overall.,2023-11-11
9086,28431,970,3,Okay overall.,2025-06-27
9087,28431,358,2,Not great quality.,2021-09-16
9088,28431,175,5,"Excellent product, highly recommend!",2024-01-20
9089,28444,352,4,Good value for money!,2024-02-15
9090,28466,679,1,"Very disappointed, would not buy again.",2020-11-10
9091,28466,1185,3,Okay overall.,2022-08-19
9092,28466,957,5,"Excellent product, highly recommend!",2023-03-31
9093,28483,938,1,"Very disappointed, would not buy again.",2020-12-19
9094,28483,767,4,Good value for money!,2024-11-19
9095,28483,698,4,Good value for money!,2022-03-21
9096,28483,173,4,Good value for money!,2020-12-19
9097,28486,51,3,Okay overall.,2024-04-28
9098,28502,142,4,Good value for money!,2020-08-25
9099,28502,154,5,"Excellent product, highly recommend!",2022-09-14
9100,28502,1113,5,"Excellent product, highly recommend!",2020-09-11
9101,28506,356,4,Good value for money!,2023-02-28
9102,28509,957,2,Not great quality.,2024-09-29
9103,28509,1108,5,"Excellent product, highly recommend!",2024-04-08
9104,28511,212,3,Okay overall.,2024-04-14
9105,28511,176,5,"Excellent product, highly recommend!",2020-02-10
9106,28511,182,5,"Excellent product, highly recommend!",2025-02-09
9107,28511,228,2,Not great quality.,2021-06-20
9108,28516,953,5,"Excellent product, highly recommend!",2021-10-05
9109,28522,303,3,Okay overall.,2022-08-28
9110,28523,851,4,Good value for money!,2022-04-06
9111,28523,385,4,Good value for money!,2023-03-18
9112,28523,260,5,"Excellent product, highly recommend!",2024-06-08
9113,28535,1107,4,Good value for money!,2025-05-25
9114,28535,490,4,Good value for money!,2023-12-04
9115,28535,301,5,"Excellent product, highly recommend!",2024-10-21
9116,28538,984,5,"Excellent product, highly recommend!",2023-09-01
9117,28547,665,4,Good value for money!,2022-06-16
9118,28547,576,5,"Excellent product, highly recommend!",2021-08-13
9119,28554,1102,3,Okay overall.,2021-11-14
9120,28554,121,4,Good value for money!,2024-01-28
9121,28558,572,4,Good value for money!,2024-04-17
9122,28558,404,4,Good value for money!,2022-11-05
9123,28558,705,3,Okay overall.,2023-10-03
9124,28564,731,4,Good value for money!,2023-09-26
9125,28564,425,4,Good value for money!,2025-06-29
9126,28564,336,4,Good value for money!,2025-08-09
9127,28570,1083,5,"Excellent product, highly recommend!",2022-09-25
9128,28570,205,4,Good value for money!,2024-02-27
9129,28577,248,4,Good value for money!,2023-01-10
9130,28577,205,1,"Very disappointed, would not buy again.",2023-02-08
9131,28582,517,4,Good value for money!,2020-02-20
9132,28584,930,5,"Excellent product, highly recommend!",2024-04-29
9133,28586,467,4,Good value for money!,2021-06-22
9134,28586,1091,4,Good value for money!,2024-11-17
9135,28590,816,4,Good value for money!,2020-01-06
9136,28598,1138,5,"Excellent product, highly recommend!",2024-09-16
9137,28610,662,3,Okay overall.,2021-02-13
9138,28610,987,5,"Excellent product, highly recommend!",2024-12-27
9139,28617,493,5,"Excellent product, highly recommend!",2022-03-10
9140,28617,476,3,Okay overall.,2025-09-10
9141,28618,403,3,Okay overall.,2020-02-22
9142,28618,347,3,Okay overall.,2020-06-30
9143,28621,948,5,"Excellent product, highly recommend!",2023-07-05
9144,28631,1128,5,"Excellent product, highly recommend!",2023-09-08
9145,28637,1189,5,"Excellent product, highly recommend!",2024-11-08
9146,28641,987,4,Good value for money!,2024-04-27
9147,28641,255,4,Good value for money!,2020-01-19
9148,28642,368,3,Okay overall.,2023-12-21
9149,28642,731,4,Good value for money!,2021-06-16
9150,28642,481,5,"Excellent product, highly recommend!",2022-07-07
9151,28649,1001,3,Okay overall.,2021-11-07
9152,28654,933,3,Okay overall.,2024-03-03
9153,28656,1071,5,"Excellent product, highly recommend!",2022-02-25
9154,28656,1083,5,"Excellent product, highly recommend!",2024-11-29
9155,28656,1074,5,"Excellent product, highly recommend!",2023-06-13
9156,28659,686,3,Okay overall.,2022-05-31
9157,28659,741,4,Good value for money!,2020-10-30
9158,28664,716,4,Good value for money!,2021-08-25
9159,28664,740,5,"Excellent product, highly recommend!",2025-07-08
9160,28664,735,5,"Excellent product, highly recommend!",2024-02-22
9161,28667,842,5,"Excellent product, highly recommend!",2022-01-03
9162,28670,888,5,"Excellent product, highly recommend!",2023-02-26
9163,28670,1067,5,"Excellent product, highly recommend!",2024-02-04
9164,28671,336,4,Good value for money!,2025-02-14
9165,28675,1075,5,"Excellent product, highly recommend!",2021-09-21
9166,28675,1184,5,"Excellent product, highly recommend!",2024-04-30
9167,28675,1119,2,Not great quality.,2025-07-09
9168,28679,1069,5,"Excellent product, highly recommend!",2025-07-31
9169,28680,1196,3,Okay overall.,2025-06-07
9170,28680,1165,2,Not great quality.,2022-09-26
9171,28686,476,5,"Excellent product, highly recommend!",2023-09-28
9172,28686,938,3,Okay overall.,2021-12-01
9173,28686,404,3,Okay overall.,2022-09-07
9174,28688,513,3,Okay overall.,2025-07-10
9175,28688,259,5,"Excellent product, highly recommend!",2020-02-15
9176,28688,579,4,Good value for money!,2020-09-28
9177,28688,915,5,"Excellent product, highly recommend!",2021-09-12
9178,28689,373,5,"Excellent product, highly recommend!",2022-04-17
9179,28691,943,3,Okay overall.,2020-08-11
9180,28691,833,5,"Excellent product, highly recommend!",2021-09-18
9181,28693,836,4,Good value for money!,2022-06-13
9182,28706,822,4,Good value for money!,2025-05-14
9183,28710,775,5,"Excellent product, highly recommend!",2023-05-16
9184,28710,261,5,"Excellent product, highly recommend!",2024-05-28
9185,28712,219,3,Okay overall.,2022-12-16
9186,28712,912,5,"Excellent product, highly recommend!",2021-08-02
9187,28713,743,5,"Excellent product, highly recommend!",2022-06-30
9188,28722,1091,4,Good value for money!,2020-07-04
9189,28722,955,5,"Excellent product, highly recommend!",2025-06-13
9190,28722,908,5,"Excellent product, highly recommend!",2023-10-03
9191,28722,1068,5,"Excellent product, highly recommend!",2023-09-07
9192,28723,1082,4,Good value for money!,2023-10-28
9193,28727,1186,3,Okay overall.,2020-03-25
9194,28727,20,3,Okay overall.,2022-11-28
9195,28737,839,5,"Excellent product, highly recommend!",2020-02-27
9196,28737,74,4,Good value for money!,2025-06-15
9197,28738,375,5,"Excellent product, highly recommend!",2022-10-06
9198,28751,325,4,Good value for money!,2020-08-18
9199,28751,1111,4,Good value for money!,2025-07-15
9200,28751,994,4,Good value for money!,2021-04-23
9201,28751,1192,1,"Very disappointed, would not buy again.",2022-10-10
9202,28760,797,5,"Excellent product, highly recommend!",2022-10-02
9203,28760,1001,5,"Excellent product, highly recommend!",2022-07-11
9204,28760,997,4,Good value for money!,2020-07-10
9205,28762,731,5,"Excellent product, highly recommend!",2021-11-15
9206,28762,734,5,"Excellent product, highly recommend!",2024-02-06
9207,28765,963,4,Good value for money!,2020-02-29
9208,28768,404,5,"Excellent product, highly recommend!",2020-09-29
9209,28768,426,5,"Excellent product, highly recommend!",2024-10-09
9210,28768,442,3,Okay overall.,2024-09-06
9211,28771,979,4,Good value for money!,2021-05-26
9212,28771,183,3,Okay overall.,2021-05-03
9213,28771,883,4,Good value for money!,2021-12-27
9214,28773,9,3,Okay overall.,2021-04-09
9215,28773,48,5,"Excellent product, highly recommend!",2024-05-26
9216,28783,1194,4,Good value for money!,2020-11-16
9217,28799,942,4,Good value for money!,2021-02-06
9218,28799,753,2,Not great quality.,2020-06-05
9219,28812,219,3,Okay overall.,2021-10-13
9220,28813,330,4,Good value for money!,2025-01-07
9221,28813,195,4,Good value for money!,2024-08-26
9222,28813,281,5,"Excellent product, highly recommend!",2021-11-26
9223,28813,248,5,"Excellent product, highly recommend!",2021-09-18
9224,28813,212,5,"Excellent product, highly recommend!",2021-06-16
9225,28819,984,5,"Excellent product, highly recommend!",2024-10-13
9226,28834,454,1,"Very disappointed, would not buy again.",2022-04-11
9227,28844,511,5,"Excellent product, highly recommend!",2020-11-08
9228,28844,903,4,Good value for money!,2020-02-10
9229,28846,1067,5,"Excellent product, highly recommend!",2025-09-12
9230,28848,151,3,Okay overall.,2024-04-03
9231,28851,383,3,Okay overall.,2021-12-27
9232,28851,378,4,Good value for money!,2021-05-29
9233,28851,369,4,Good value for money!,2025-04-04
9234,28864,487,1,"Very disappointed, would not buy again.",2023-11-16
9235,28864,393,4,Good value for money!,2023-04-18
9236,28864,405,5,"Excellent product, highly recommend!",2022-09-15
9237,28866,994,5,"Excellent product, highly recommend!",2022-01-31
9238,28866,950,3,Okay overall.,2024-03-24
9239,28866,972,3,Okay overall.,2024-05-25
9240,28882,1108,4,Good value for money!,2024-03-19
9241,28882,772,3,Okay overall.,2022-10-06
9242,28885,749,4,Good value for money!,2024-12-25
9243,28885,1048,3,Okay overall.,2023-03-11
9244,28889,170,3,Okay overall.,2022-12-01
9245,28889,360,5,"Excellent product, highly recommend!",2021-01-05
9246,28898,477,4,Good value for money!,2023-12-25
9247,28900,814,5,"Excellent product, highly recommend!",2020-02-09
9248,28900,911,5,"Excellent product, highly recommend!",2022-11-11
9249,28900,466,5,"Excellent product, highly recommend!",2024-11-25
9250,28901,505,4,Good value for money!,2024-02-25
9251,28901,399,5,"Excellent product, highly recommend!",2024-07-29
9252,28901,364,5,"Excellent product, highly recommend!",2023-08-08
9253,28904,467,4,Good value for money!,2022-03-08
9254,28910,895,5,"Excellent product, highly recommend!",2022-09-15
9255,28910,177,4,Good value for money!,2025-03-21
9256,28910,419,5,"Excellent product, highly recommend!",2024-01-06
9257,28910,660,4,Good value for money!,2025-08-17
9258,28914,1063,5,"Excellent product, highly recommend!",2025-01-08
9259,28917,1179,4,Good value for money!,2020-05-25
9260,28917,216,3,Okay overall.,2024-06-08
9261,28917,658,5,"Excellent product, highly recommend!",2022-11-28
9262,28917,418,3,Okay overall.,2021-04-22
9263,28917,1031,3,Okay overall.,2021-06-24
9264,28918,215,3,Okay overall.,2020-04-11
9265,28918,38,5,"Excellent product, highly recommend!",2022-10-11
9266,28918,800,3,Okay overall.,2024-01-26
9267,28918,467,2,Not great quality.,2025-04-27
9268,28918,817,5,"Excellent product, highly recommend!",2020-08-30
9269,28918,636,3,Okay overall.,2023-12-09
9270,28921,451,5,"Excellent product, highly recommend!",2022-04-12
9271,28921,433,5,"Excellent product, highly recommend!",2024-07-14
9272,28928,318,4,Good value for money!,2025-10-25
9273,28928,14,3,Okay overall.,2025-08-26
9274,28931,971,4,Good value for money!,2023-03-12
9275,28932,1084,5,"Excellent product, highly recommend!",2024-08-29
9276,28935,416,5,"Excellent product, highly recommend!",2023-02-02
9277,28936,326,4,Good value for money!,2020-09-17
9278,28937,1142,3,Okay overall.,2021-04-16
9279,28937,971,3,Okay overall.,2022-03-08
9280,28937,410,2,Not great quality.,2022-02-22
9281,28944,894,3,Okay overall.,2021-12-06
9282,28944,1117,4,Good value for money!,2022-10-15
9283,28944,900,3,Okay overall.,2021-10-20
9284,28944,860,1,"Very disappointed, would not buy again.",2020-11-13
9285,28944,938,5,"Excellent product, highly recommend!",2023-09-01
9286,28945,1014,3,Okay overall.,2022-08-24
9287,28953,889,4,Good value for money!,2024-08-21
9288,28953,930,3,Okay overall.,2022-12-12
9289,28953,889,5,"Excellent product, highly recommend!",2022-03-13
9290,28954,911,4,Good value for money!,2023-02-19
9291,28954,924,4,Good value for money!,2020-11-12
9292,28954,958,5,"Excellent product, highly recommend!",2022-10-20
9293,28954,868,5,"Excellent product, highly recommend!",2025-01-16
9294,28954,900,5,"Excellent product, highly recommend!",2024-02-03
9295,28958,839,3,Okay overall.,2021-04-16
9296,28961,1180,4,Good value for money!,2023-11-07
9297,28961,1144,1,"Very disappointed, would not buy again.",2021-10-12
9298,28974,563,5,"Excellent product, highly recommend!",2024-08-31
9299,28974,455,5,"Excellent product, highly recommend!",2020-11-22
9300,28976,484,5,"Excellent product, highly recommend!",2025-01-28
9301,28994,787,5,"Excellent product, highly recommend!",2025-03-08
9302,28994,38,3,Okay overall.,2023-09-16
9303,28994,852,5,"Excellent product, highly recommend!",2021-09-09
9304,28995,955,3,Okay overall.,2020-05-15
9305,28995,1176,5,"Excellent product, highly recommend!",2024-03-16
9306,28996,990,4,Good value for money!,2020-01-14
9307,28996,169,3,Okay overall.,2022-09-08
9308,28996,1055,4,Good value for money!,2020-01-05
9309,28996,895,3,Okay overall.,2024-09-12
9310,28999,1026,4,Good value for money!,2022-06-27
9311,28999,874,5,"Excellent product, highly recommend!",2020-11-24
9312,29002,271,3,Okay overall.,2020-08-14
9313,29002,243,1,"Very disappointed, would not buy again.",2021-08-21
9314,29009,303,5,"Excellent product, highly recommend!",2022-04-13
9315,29013,392,5,"Excellent product, highly recommend!",2020-05-18
9316,29018,809,4,Good value for money!,2021-06-07
9317,29018,1067,4,Good value for money!,2022-10-02
9318,29018,219,4,Good value for money!,2020-08-02
9319,29020,1176,2,Not great quality.,2022-02-15
9320,29020,408,4,Good value for money!,2020-03-04
9321,29028,10,4,Good value for money!,2023-10-07
9322,29029,1162,5,"Excellent product, highly recommend!",2024-06-04
9323,29038,657,3,Okay overall.,2021-01-01
9324,29041,972,2,Not great quality.,2021-11-29
9325,29051,293,2,Not great quality.,2023-11-11
9326,29063,1187,5,"Excellent product, highly recommend!",2023-09-15
9327,29067,402,4,Good value for money!,2025-10-01
9328,29071,44,4,Good value for money!,2022-10-15
9329,29074,830,5,"Excellent product, highly recommend!",2023-08-18
9330,29074,884,4,Good value for money!,2022-02-20
9331,29079,1043,4,Good value for money!,2021-01-18
9332,29080,979,4,Good value for money!,2020-04-03
9333,29082,115,5,"Excellent product, highly recommend!",2025-06-03
9334,29087,903,5,"Excellent product, highly recommend!",2025-06-09
9335,29087,847,1,"Very disappointed, would not buy again.",2024-05-08
9336,29103,611,5,"Excellent product, highly recommend!",2022-10-22
9337,29103,699,5,"Excellent product, highly recommend!",2023-04-24
9338,29112,829,3,Okay overall.,2024-06-26
9339,29113,1105,5,"Excellent product, highly recommend!",2021-01-10
9340,29119,263,3,Okay overall.,2021-08-02
9341,29126,628,5,"Excellent product, highly recommend!",2024-10-12
9342,29126,748,1,"Very disappointed, would not buy again.",2022-11-12
9343,29127,1084,4,Good value for money!,2025-08-25
9344,29127,690,4,Good value for money!,2023-04-23
9345,29131,861,4,Good value for money!,2025-04-21
9346,29135,177,5,"Excellent product, highly recommend!",2020-01-23
9347,29135,249,3,Okay overall.,2023-04-30
9348,29143,929,2,Not great quality.,2023-10-25
9349,29144,104,3,Okay overall.,2024-10-12
9350,29150,179,3,Okay overall.,2020-05-08
9351,29150,337,3,Okay overall.,2023-08-02
9352,29150,226,4,Good value for money!,2020-06-16
9353,29150,262,5,"Excellent product, highly recommend!",2025-10-30
9354,29151,931,4,Good value for money!,2025-06-14
9355,29154,742,5,"Excellent product, highly recommend!",2023-08-29
9356,29154,900,4,Good value for money!,2020-12-20
9357,29154,1170,4,Good value for money!,2022-09-15
9358,29155,1040,4,Good value for money!,2020-04-23
9359,29166,1066,4,Good value for money!,2022-11-20
9360,29166,862,5,"Excellent product, highly recommend!",2021-01-14
9361,29170,792,5,"Excellent product, highly recommend!",2020-04-01
9362,29172,213,4,Good value for money!,2021-01-23
9363,29174,1086,4,Good value for money!,2023-11-30
9364,29174,1098,1,"Very disappointed, would not buy again.",2025-06-29
9365,29176,394,5,"Excellent product, highly recommend!",2023-12-02
9366,29176,445,5,"Excellent product, highly recommend!",2022-02-26
9367,29178,982,5,"Excellent product, highly recommend!",2024-06-14
9368,29182,256,1,"Very disappointed, would not buy again.",2022-05-02
9369,29187,111,3,Okay overall.,2024-11-10
9370,29187,1177,5,"Excellent product, highly recommend!",2022-05-03
9371,29191,510,5,"Excellent product, highly recommend!",2021-05-17
9372,29191,388,5,"Excellent product, highly recommend!",2020-12-27
9373,29191,607,3,Okay overall.,2022-10-02
9374,29197,701,5,"Excellent product, highly recommend!",2020-03-18
9375,29206,373,4,Good value for money!,2021-05-23
9376,29206,472,3,Okay overall.,2022-10-13
9377,29212,832,4,Good value for money!,2024-02-14
9378,29213,748,2,Not great quality.,2024-09-10
9379,29215,915,4,Good value for money!,2020-07-10
9380,29230,914,5,"Excellent product, highly recommend!",2022-04-15
9381,29242,873,4,Good value for money!,2021-10-20
9382,29242,931,5,"Excellent product, highly recommend!",2020-10-25
9383,29256,889,3,Okay overall.,2024-04-14
9384,29257,860,5,"Excellent product, highly recommend!",2024-04-04
9385,29266,1035,2,Not great quality.,2020-11-21
9386,29266,176,1,"Very disappointed, would not buy again.",2023-08-11
9387,29266,409,5,"Excellent product, highly recommend!",2025-10-27
9388,29272,513,4,Good value for money!,2024-09-04
9389,29272,503,3,Okay overall.,2020-08-24
9390,29274,1149,4,Good value for money!,2023-05-14
9391,29275,717,5,"Excellent product, highly recommend!",2022-10-03
9392,29275,458,5,"Excellent product, highly recommend!",2020-06-17
9393,29275,1158,4,Good value for money!,2024-08-15
9394,29285,366,5,"Excellent product, highly recommend!",2021-03-02
9395,29285,783,1,"Very disappointed, would not buy again.",2024-08-28
9396,29286,115,5,"Excellent product, highly recommend!",2025-04-30
9397,29289,532,4,Good value for money!,2022-12-28
9398,29292,525,5,"Excellent product, highly recommend!",2024-03-10
9399,29292,670,5,"Excellent product, highly recommend!",2025-04-02
9400,29299,1057,5,"Excellent product, highly recommend!",2021-09-09
9401,29302,1108,2,Not great quality.,2023-04-19
9402,29305,407,4,Good value for money!,2022-10-21
9403,29312,850,4,Good value for money!,2023-02-18
9404,29312,819,4,Good value for money!,2023-12-05
9405,29312,245,5,"Excellent product, highly recommend!",2025-09-27
9406,29312,857,4,Good value for money!,2024-10-03
9407,29316,869,3,Okay overall.,2022-07-10
9408,29319,807,5,"Excellent product, highly recommend!",2021-03-11
9409,29321,1010,4,Good value for money!,2023-12-27
9410,29321,925,5,"Excellent product, highly recommend!",2021-05-05
9411,29328,349,4,Good value for money!,2021-03-04
9412,29328,472,4,Good value for money!,2022-01-09
9413,29338,1039,2,Not great quality.,2020-11-29
9414,29338,1013,3,Okay overall.,2024-03-08
9415,29338,977,5,"Excellent product, highly recommend!",2023-10-07
9416,29338,953,5,"Excellent product, highly recommend!",2025-07-29
9417,29342,365,3,Okay overall.,2024-09-01
9418,29342,902,5,"Excellent product, highly recommend!",2021-04-03
9419,29351,249,2,Not great quality.,2023-08-17
9420,29351,415,4,Good value for money!,2021-10-05
9421,29352,346,5,"Excellent product, highly recommend!",2022-09-04
9422,29352,360,3,Okay overall.,2021-10-01
9423,29353,909,5,"Excellent product, highly recommend!",2020-03-02
9424,29353,1024,2,Not great quality.,2023-04-27
9425,29353,1038,4,Good value for money!,2020-02-25
9426,29358,336,2,Not great quality.,2021-06-19
9427,29365,819,3,Okay overall.,2021-06-16
9428,29371,342,4,Good value for money!,2023-11-28
9429,29385,1127,5,"Excellent product, highly recommend!",2023-11-03
9430,29385,1180,2,Not great quality.,2021-10-09
9431,29392,839,1,"Very disappointed, would not buy again.",2025-07-23
9432,29393,851,4,Good value for money!,2020-08-12
9433,29393,687,3,Okay overall.,2020-03-12
9434,29395,231,5,"Excellent product, highly recommend!",2025-02-08
9435,29395,684,5,"Excellent product, highly recommend!",2025-08-05
9436,29395,155,5,"Excellent product, highly recommend!",2022-01-10
9437,29403,1012,5,"Excellent product, highly recommend!",2021-07-03
9438,29408,533,5,"Excellent product, highly recommend!",2024-03-16
9439,29418,479,4,Good value for money!,2024-11-12
9440,29427,310,5,"Excellent product, highly recommend!",2023-05-02
9441,29427,938,5,"Excellent product, highly recommend!",2021-08-08
9442,29427,1162,5,"Excellent product, highly recommend!",2020-11-24
9443,29432,1177,5,"Excellent product, highly recommend!",2025-03-11
9444,29432,1127,2,Not great quality.,2024-08-08
9445,29432,1188,3,Okay overall.,2023-11-15
9446,29437,521,4,Good value for money!,2020-01-08
9447,29437,228,4,Good value for money!,2025-04-12
9448,29437,951,4,Good value for money!,2025-04-26
9449,29444,401,5,"Excellent product, highly recommend!",2021-05-08
9450,29445,748,3,Okay overall.,2024-01-04
9451,29445,726,5,"Excellent product, highly recommend!",2024-02-01
9452,29445,689,4,Good value for money!,2021-10-06
9453,29454,409,5,"Excellent product, highly recommend!",2024-06-12
9454,29459,181,5,"Excellent product, highly recommend!",2020-02-02
9455,29460,890,5,"Excellent product, highly recommend!",2020-03-20
9456,29460,712,5,"Excellent product, highly recommend!",2024-06-16
9457,29460,1055,4,Good value for money!,2021-11-05
9458,29467,475,5,"Excellent product, highly recommend!",2025-06-26
9459,29467,664,5,"Excellent product, highly recommend!",2024-04-03
9460,29467,169,5,"Excellent product, highly recommend!",2021-04-24
9461,29483,1051,3,Okay overall.,2021-03-18
9462,29483,964,5,"Excellent product, highly recommend!",2022-07-13
9463,29484,790,5,"Excellent product, highly recommend!",2022-12-27
9464,29485,296,4,Good value for money!,2022-02-18
9465,29485,256,5,"Excellent product, highly recommend!",2025-08-16
9466,29485,275,2,Not great quality.,2025-07-03
9467,29488,857,5,"Excellent product, highly recommend!",2022-12-11
9468,29492,670,4,Good value for money!,2020-12-06
9469,29497,396,5,"Excellent product, highly recommend!",2024-01-24
9470,29497,467,4,Good value for money!,2021-09-18
9471,29497,333,4,Good value for money!,2025-07-02
9472,29497,1084,4,Good value for money!,2024-01-18
9473,29503,1147,2,Not great quality.,2024-08-22
9474,29503,1049,4,Good value for money!,2023-01-03
9475,29503,1127,5,"Excellent product, highly recommend!",2020-04-02
9476,29519,263,3,Okay overall.,2022-03-27
9477,29519,990,3,Okay overall.,2021-12-01
9478,29519,1120,5,"Excellent product, highly recommend!",2023-01-21
9479,29524,573,4,Good value for money!,2021-11-13
9480,29524,632,5,"Excellent product, highly recommend!",2020-10-13
9481,29544,1107,5,"Excellent product, highly recommend!",2023-05-27
9482,29545,280,5,"Excellent product, highly recommend!",2020-10-28
9483,29558,248,4,Good value for money!,2024-03-12
9484,29558,482,3,Okay overall.,2025-08-05
9485,29559,943,5,"Excellent product, highly recommend!",2021-04-05
9486,29559,1109,5,"Excellent product, highly recommend!",2020-11-03
9487,29560,620,5,"Excellent product, highly recommend!",2020-02-13
9488,29568,607,3,Okay overall.,2025-04-16
9489,29568,636,5,"Excellent product, highly recommend!",2021-10-22
9490,29568,532,5,"Excellent product, highly recommend!",2024-09-23
9491,29571,716,5,"Excellent product, highly recommend!",2022-02-14
9492,29583,254,4,Good value for money!,2022-07-19
9493,29593,376,3,Okay overall.,2024-10-08
9494,29600,24,4,Good value for money!,2024-07-10
9495,29600,101,4,Good value for money!,2021-11-11
9496,29600,1101,4,Good value for money!,2023-06-16
9497,29607,969,2,Not great quality.,2021-06-25
9498,29609,620,4,Good value for money!,2021-11-29
9499,29609,735,1,"Very disappointed, would not buy again.",2024-10-31
9500,29611,1005,5,"Excellent product, highly recommend!",2020-10-11
9501,29625,376,5,"Excellent product, highly recommend!",2024-04-01
9502,29632,459,4,Good value for money!,2023-11-07
9503,29637,909,4,Good value for money!,2020-12-14
9504,29637,1013,4,Good value for money!,2020-01-19
9505,29638,295,5,"Excellent product, highly recommend!",2023-06-15
9506,29638,36,4,Good value for money!,2023-02-22
9507,29639,932,4,Good value for money!,2024-08-26
9508,29639,1120,5,"Excellent product, highly recommend!",2024-11-13
9509,29646,453,4,Good value for money!,2021-05-29
9510,29646,974,2,Not great quality.,2022-07-09
9511,29646,1018,3,Okay overall.,2023-01-07
9512,29648,89,2,Not great quality.,2024-06-14
9513,29650,937,3,Okay overall.,2023-05-19
9514,29650,1000,2,Not great quality.,2021-08-01
9515,29651,538,1,"Very disappointed, would not buy again.",2024-04-30
9516,29651,669,3,Okay overall.,2024-11-13
9517,29654,391,4,Good value for money!,2023-08-13
9518,29666,940,5,"Excellent product, highly recommend!",2021-08-19
9519,29666,975,4,Good value for money!,2022-12-25
9520,29667,686,4,Good value for money!,2021-10-22
9521,29667,500,4,Good value for money!,2025-10-29
9522,29670,133,4,Good value for money!,2024-05-04
9523,29671,382,5,"Excellent product, highly recommend!",2022-01-10
9524,29679,807,5,"Excellent product, highly recommend!",2024-09-03
9525,29679,946,4,Good value for money!,2022-11-09
9526,29679,499,1,"Very disappointed, would not buy again.",2022-04-15
9527,29682,945,5,"Excellent product, highly recommend!",2022-06-16
9528,29682,107,4,Good value for money!,2021-05-03
9529,29686,1046,4,Good value for money!,2023-03-10
9530,29686,1060,4,Good value for money!,2023-05-20
9531,29687,327,3,Okay overall.,2024-08-10
9532,29689,412,5,"Excellent product, highly recommend!",2021-10-30
9533,29693,247,1,"Very disappointed, would not buy again.",2020-08-08
9534,29699,481,1,"Very disappointed, would not buy again.",2021-10-30
9535,29699,565,4,Good value for money!,2025-01-20
9536,29699,636,4,Good value for money!,2021-11-28
9537,29701,744,4,Good value for money!,2023-05-17
9538,29701,480,2,Not great quality.,2025-09-10
9539,29710,494,5,"Excellent product, highly recommend!",2021-07-28
9540,29710,477,4,Good value for money!,2022-03-28
9541,29710,438,5,"Excellent product, highly recommend!",2023-07-09
9542,29715,487,5,"Excellent product, highly recommend!",2020-04-01
9543,29735,970,5,"Excellent product, highly recommend!",2024-04-13
9544,29735,797,5,"Excellent product, highly recommend!",2025-06-24
9545,29737,858,4,Good value for money!,2020-08-03
9546,29742,1083,5,"Excellent product, highly recommend!",2022-09-23
9547,29744,381,5,"Excellent product, highly recommend!",2020-06-03
9548,29746,1182,5,"Excellent product, highly recommend!",2024-06-29
9549,29749,1020,4,Good value for money!,2023-07-31
9550,29749,1012,3,Okay overall.,2020-03-06
9551,29749,973,5,"Excellent product, highly recommend!",2020-11-28
9552,29755,694,3,Okay overall.,2025-09-01
9553,29755,23,5,"Excellent product, highly recommend!",2023-08-19
9554,29756,979,1,"Very disappointed, would not buy again.",2020-03-31
9555,29756,926,3,Okay overall.,2022-02-25
9556,29759,368,5,"Excellent product, highly recommend!",2025-10-05
9557,29765,913,4,Good value for money!,2021-01-24
9558,29765,921,3,Okay overall.,2025-10-12
9559,29766,540,5,"Excellent product, highly recommend!",2024-01-18
9560,29766,323,5,"Excellent product, highly recommend!",2020-02-12
9561,29766,255,2,Not great quality.,2025-01-08
9562,29769,9,4,Good value for money!,2020-03-15
9563,29780,1099,4,Good value for money!,2025-06-30
9564,29780,850,4,Good value for money!,2021-02-18
9565,29780,454,3,Okay overall.,2021-09-02
9566,29785,213,5,"Excellent product, highly recommend!",2024-03-27
9567,29785,435,5,"Excellent product, highly recommend!",2023-07-04
9568,29792,176,3,Okay overall.,2023-06-03
9569,29798,817,4,Good value for money!,2022-03-23
9570,29798,1136,3,Okay overall.,2021-06-13
9571,29798,1055,3,Okay overall.,2020-04-03
9572,29800,634,5,"Excellent product, highly recommend!",2025-01-05
9573,29814,496,4,Good value for money!,2025-09-27
9574,29814,1077,4,Good value for money!,2024-01-25
9575,29815,932,5,"Excellent product, highly recommend!",2023-10-04
9576,29815,922,5,"Excellent product, highly recommend!",2025-05-15
9577,29815,874,5,"Excellent product, highly recommend!",2021-07-27
9578,29817,544,3,Okay overall.,2021-04-20
9579,29820,500,3,Okay overall.,2022-08-03
9580,29821,38,5,"Excellent product, highly recommend!",2025-08-02
9581,29824,857,3,Okay overall.,2020-08-03
9582,29825,114,5,"Excellent product, highly recommend!",2020-08-22
9583,29833,973,3,Okay overall.,2020-08-10
9584,29835,628,3,Okay overall.,2023-04-22
9585,29835,97,4,Good value for money!,2022-09-12
9586,29835,352,3,Okay overall.,2021-10-29
9587,29837,322,4,Good value for money!,2024-09-07
9588,29838,795,5,"Excellent product, highly recommend!",2023-08-21
9589,29840,669,3,Okay overall.,2022-01-26
9590,29840,566,5,"Excellent product, highly recommend!",2021-07-20
9591,29848,731,5,"Excellent product, highly recommend!",2020-10-05
9592,29851,522,2,Not great quality.,2024-07-20
9593,29851,538,2,Not great quality.,2022-09-15
9594,29856,1035,5,"Excellent product, highly recommend!",2025-05-05
9595,29858,1060,5,"Excellent product, highly recommend!",2022-03-17
9596,29864,543,5,"Excellent product, highly recommend!",2025-05-11
9597,29864,610,3,Okay overall.,2025-08-23
9598,29865,248,2,Not great quality.,2022-11-23
9599,29865,607,4,Good value for money!,2023-11-21
9600,29874,507,5,"Excellent product, highly recommend!",2025-01-27
9601,29874,732,5,"Excellent product, highly recommend!",2022-03-09
9602,29875,83,1,"Very disappointed, would not buy again.",2022-06-10
9603,29875,778,4,Good value for money!,2020-04-25
9604,29876,438,5,"Excellent product, highly recommend!",2021-01-24
9605,29878,474,3,Okay overall.,2023-10-21
9606,29880,315,5,"Excellent product, highly recommend!",2021-06-30
9607,29880,327,5,"Excellent product, highly recommend!",2021-11-16
9608,29886,451,3,Okay overall.,2023-10-25
9609,29891,958,3,Okay overall.,2023-11-24
9610,29891,897,4,Good value for money!,2020-06-20
9611,29895,1047,3,Okay overall.,2021-12-22
9612,29895,1190,4,Good value for money!,2021-04-21
9613,29903,871,5,"Excellent product, highly recommend!",2022-01-31
9614,29903,989,4,Good value for money!,2025-03-07
9615,29903,382,3,Okay overall.,2022-07-23
9616,29906,420,2,Not great quality.,2025-09-11
9617,29908,1186,5,"Excellent product, highly recommend!",2024-12-07
9618,29908,1097,4,Good value for money!,2020-03-28
9619,29908,1160,5,"Excellent product, highly recommend!",2024-08-04
9620,29913,438,3,Okay overall.,2025-06-25
9621,29920,1165,5,"Excellent product, highly recommend!",2022-05-24
9622,29932,330,4,Good value for money!,2023-12-02
9623,29952,278,5,"Excellent product, highly recommend!",2023-06-29
9624,29962,103,3,Okay overall.,2024-11-06
9625,29972,652,5,"Excellent product, highly recommend!",2024-06-10
9626,29972,584,4,Good value for money!,2025-08-24
9627,29978,392,5,"Excellent product, highly recommend!",2023-01-14
9628,29987,381,4,Good value for money!,2024-06-11
9629,29987,1003,4,Good value for money!,2023-11-08
9630,29987,278,4,Good value for money!,2025-08-26
9631,29987,320,4,Good value for money!,2024-07-31
9632,30006,944,4,Good value for money!,2020-03-26
9633,30006,970,5,"Excellent product, highly recommend!",2021-08-04
9634,30023,665,5,"Excellent product, highly recommend!",2022-09-17
9635,30027,691,3,Okay overall.,2020-10-19
9636,30027,170,4,Good value for money!,2024-06-06
9637,30031,960,4,Good value for money!,2024-03-13
9638,30035,565,4,Good value for money!,2022-01-16
9639,30037,532,4,Good value for money!,2024-12-29
9640,30041,716,5,"Excellent product, highly recommend!",2021-09-09
9641,30044,1144,4,Good value for money!,2023-04-10
9642,30044,154,1,"Very disappointed, would not buy again.",2023-06-29
9643,30046,754,3,Okay overall.,2024-12-04
9644,30046,783,4,Good value for money!,2024-11-05
9645,30050,898,4,Good value for money!,2021-10-05
9646,30050,930,3,Okay overall.,2021-10-01
9647,30050,1005,2,Not great quality.,2025-05-10
9648,30052,908,5,"Excellent product, highly recommend!",2024-02-14
9649,30058,725,5,"Excellent product, highly recommend!",2022-03-05
9650,30058,396,3,Okay overall.,2023-06-17
9651,30061,349,4,Good value for money!,2020-12-26
9652,30062,683,3,Okay overall.,2025-02-08
9653,30062,890,2,Not great quality.,2020-11-17
9654,30062,828,5,"Excellent product, highly recommend!",2021-06-07
9655,30062,786,5,"Excellent product, highly recommend!",2023-05-09
9656,30068,1007,5,"Excellent product, highly recommend!",2023-05-07
9657,30069,263,3,Okay overall.,2020-11-20
9658,30070,701,4,Good value for money!,2021-07-12
9659,30073,401,4,Good value for money!,2021-05-14
9660,30079,142,4,Good value for money!,2021-02-23
9661,30081,387,1,"Very disappointed, would not buy again.",2021-03-18
9662,30097,866,4,Good value for money!,2024-06-24
9663,30099,1195,1,"Very disappointed, would not buy again.",2021-03-03
9664,30112,994,2,Not great quality.,2022-01-10
9665,30112,1070,3,Okay overall.,2022-05-31
9666,30113,1007,3,Okay overall.,2024-05-10
9667,30113,1018,4,Good value for money!,2021-07-28
9668,30113,1099,4,Good value for money!,2024-10-06
9669,30113,358,3,Okay overall.,2022-01-03
9670,30115,959,2,Not great quality.,2020-03-01
9671,30116,953,4,Good value for money!,2025-05-04
9672,30116,979,5,"Excellent product, highly recommend!",2020-08-01
9673,30118,920,5,"Excellent product, highly recommend!",2025-04-21
9674,30125,1051,4,Good value for money!,2020-09-25
9675,30125,937,3,Okay overall.,2023-03-30
9676,30126,736,5,"Excellent product, highly recommend!",2022-08-05
9677,30126,832,3,Okay overall.,2023-08-05
9678,30127,1064,3,Okay overall.,2023-12-12
9679,30127,445,2,Not great quality.,2025-04-26
9680,30134,725,3,Okay overall.,2025-01-09
9681,30134,510,4,Good value for money!,2024-09-10
9682,30134,1163,4,Good value for money!,2024-07-31
9683,30144,275,4,Good value for money!,2024-12-04
9684,30144,255,5,"Excellent product, highly recommend!",2021-09-07
9685,30144,247,4,Good value for money!,2020-09-01
9686,30150,216,4,Good value for money!,2024-03-20
9687,30161,260,3,Okay overall.,2020-09-15
9688,30163,735,4,Good value for money!,2024-09-06
9689,30168,1153,3,Okay overall.,2023-01-22
9690,30168,145,4,Good value for money!,2022-06-11
9691,30168,468,4,Good value for money!,2025-03-18
9692,30173,402,4,Good value for money!,2025-10-02
9693,30173,996,2,Not great quality.,2022-05-26
9694,30174,714,3,Okay overall.,2020-12-30
9695,30182,1013,2,Not great quality.,2023-02-23
9696,30182,885,4,Good value for money!,2025-06-05
9697,30184,1051,5,"Excellent product, highly recommend!",2021-08-14
9698,30188,634,2,Not great quality.,2022-12-29
9699,30188,866,5,"Excellent product, highly recommend!",2021-03-11
9700,30196,1181,4,Good value for money!,2022-06-15
9701,30196,1175,5,"Excellent product, highly recommend!",2025-04-16
9702,30196,1098,5,"Excellent product, highly recommend!",2020-03-10
9703,30200,783,5,"Excellent product, highly recommend!",2020-12-20
9704,30208,662,3,Okay overall.,2023-11-19
9705,30220,731,5,"Excellent product, highly recommend!",2024-10-14
9706,30244,1008,4,Good value for money!,2023-11-05
9707,30244,404,3,Okay overall.,2023-02-24
9708,30244,816,5,"Excellent product, highly recommend!",2023-12-30
9709,30245,841,4,Good value for money!,2021-05-03
9710,30254,328,3,Okay overall.,2022-11-17
9711,30258,1125,5,"Excellent product, highly recommend!",2024-08-01
9712,30258,900,5,"Excellent product, highly recommend!",2020-03-08
9713,30268,1095,5,"Excellent product, highly recommend!",2023-08-11
9714,30270,1089,3,Okay overall.,2021-09-09
9715,30282,1143,5,"Excellent product, highly recommend!",2025-07-03
9716,30296,747,3,Okay overall.,2024-07-28
9717,30298,256,3,Okay overall.,2021-12-17
9718,30300,369,5,"Excellent product, highly recommend!",2021-12-17
9719,30306,974,5,"Excellent product, highly recommend!",2025-02-07
9720,30341,387,5,"Excellent product, highly recommend!",2020-02-06
9721,30346,782,3,Okay overall.,2020-05-26
9722,30348,123,4,Good value for money!,2024-03-22
9723,30355,370,1,"Very disappointed, would not buy again.",2024-07-24
9724,30355,896,4,Good value for money!,2024-09-30
9725,30358,384,2,Not great quality.,2021-08-08
9726,30358,476,5,"Excellent product, highly recommend!",2020-02-16
9727,30363,926,5,"Excellent product, highly recommend!",2020-06-04
9728,30365,489,4,Good value for money!,2020-06-15
9729,30365,954,4,Good value for money!,2024-02-12
9730,30367,1067,5,"Excellent product, highly recommend!",2024-12-18
9731,30379,608,5,"Excellent product, highly recommend!",2020-07-28
9732,30383,451,5,"Excellent product, highly recommend!",2024-12-17
9733,30390,599,4,Good value for money!,2024-03-15
9734,30394,280,4,Good value for money!,2025-04-09
9735,30394,731,3,Okay overall.,2023-04-20
9736,30394,485,4,Good value for money!,2024-02-09
9737,30402,822,5,"Excellent product, highly recommend!",2020-06-10
9738,30403,860,4,Good value for money!,2022-09-18
9739,30405,827,2,Not great quality.,2020-02-22
9740,30405,1071,2,Not great quality.,2021-01-12
9741,30409,1187,5,"Excellent product, highly recommend!",2022-10-04
9742,30409,1065,4,Good value for money!,2025-05-13
9743,30412,799,4,Good value for money!,2023-08-28
9744,30412,695,5,"Excellent product, highly recommend!",2020-01-28
9745,30418,1098,4,Good value for money!,2022-12-26
9746,30418,583,4,Good value for money!,2020-04-13
9747,30431,446,5,"Excellent product, highly recommend!",2020-09-12
9748,30431,957,5,"Excellent product, highly recommend!",2021-05-15
9749,30445,205,4,Good value for money!,2021-04-29
9750,30445,491,5,"Excellent product, highly recommend!",2025-09-27
9751,30445,1190,3,Okay overall.,2024-11-23
9752,30453,347,4,Good value for money!,2022-02-02
9753,30453,368,5,"Excellent product, highly recommend!",2021-11-09
9754,30463,693,5,"Excellent product, highly recommend!",2024-07-05
9755,30473,383,3,Okay overall.,2020-05-21
9756,30475,817,5,"Excellent product, highly recommend!",2024-02-02
9757,30475,826,3,Okay overall.,2024-11-02
9758,30475,814,5,"Excellent product, highly recommend!",2024-02-16
9759,30475,924,5,"Excellent product, highly recommend!",2025-08-11
9760,30482,414,5,"Excellent product, highly recommend!",2020-01-25
9761,30482,506,4,Good value for money!,2023-12-19
9762,30486,1099,4,Good value for money!,2024-02-15
9763,30486,1195,3,Okay overall.,2022-01-18
9764,30488,444,4,Good value for money!,2023-10-06
9765,30488,662,5,"Excellent product, highly recommend!",2023-08-01
9766,30488,335,2,Not great quality.,2021-11-22
9767,30493,1041,5,"Excellent product, highly recommend!",2022-11-23
9768,30493,503,3,Okay overall.,2025-01-26
9769,30495,903,5,"Excellent product, highly recommend!",2020-01-17
9770,30495,444,5,"Excellent product, highly recommend!",2025-03-26
9771,30502,462,3,Okay overall.,2024-09-27
9772,30502,766,4,Good value for money!,2024-12-22
9773,30504,424,3,Okay overall.,2020-10-30
9774,30515,410,5,"Excellent product, highly recommend!",2023-05-08
9775,30529,217,4,Good value for money!,2021-02-15
9776,30529,895,2,Not great quality.,2023-11-20
9777,30535,51,4,Good value for money!,2025-02-01
9778,30538,1016,4,Good value for money!,2025-01-02
9779,30538,722,5,"Excellent product, highly recommend!",2024-07-24
9780,30547,1030,3,Okay overall.,2022-05-25
9781,30549,602,4,Good value for money!,2022-07-28
9782,30552,925,5,"Excellent product, highly recommend!",2023-11-30
9783,30553,538,1,"Very disappointed, would not buy again.",2022-06-17
9784,30554,219,2,Not great quality.,2021-02-19
9785,30554,714,4,Good value for money!,2022-06-18
9786,30554,965,5,"Excellent product, highly recommend!",2021-12-15
9787,30558,438,5,"Excellent product, highly recommend!",2020-06-20
9788,30558,432,4,Good value for money!,2022-04-08
9789,30558,487,2,Not great quality.,2021-03-08
9790,30559,239,3,Okay overall.,2021-11-09
9791,30559,1010,3,Okay overall.,2022-04-18
9792,30559,1063,4,Good value for money!,2020-07-25
9793,30561,1058,4,Good value for money!,2021-07-27
9794,30561,623,5,"Excellent product, highly recommend!",2022-03-18
9795,30561,952,3,Okay overall.,2022-06-07
9796,30561,713,5,"Excellent product, highly recommend!",2024-09-25
9797,30561,984,5,"Excellent product, highly recommend!",2022-05-06
9798,30568,719,4,Good value for money!,2022-01-15
9799,30568,783,1,"Very disappointed, would not buy again.",2022-11-30
9800,30568,770,3,Okay overall.,2023-11-08
9801,30568,796,4,Good value for money!,2020-05-17
9802,30577,986,5,"Excellent product, highly recommend!",2025-08-09
9803,30585,462,4,Good value for money!,2025-08-02
9804,30585,368,4,Good value for money!,2024-09-25
9805,30585,445,5,"Excellent product, highly recommend!",2025-07-14
9806,30590,83,4,Good value for money!,2025-02-10
9807,30590,608,5,"Excellent product, highly recommend!",2021-05-31
9808,30594,934,5,"Excellent product, highly recommend!",2025-09-09
9809,30594,941,5,"Excellent product, highly recommend!",2025-10-24
9810,30613,37,5,"Excellent product, highly recommend!",2024-07-06
9811,30613,38,3,Okay overall.,2023-03-12
9812,30615,259,4,Good value for money!,2024-03-16
9813,30622,820,4,Good value for money!,2020-06-20
9814,30632,783,4,Good value for money!,2024-08-17
9815,30632,962,4,Good value for money!,2023-05-25
9816,30632,671,4,Good value for money!,2023-11-17
9817,30633,338,1,"Very disappointed, would not buy again.",2023-01-12
9818,30633,217,5,"Excellent product, highly recommend!",2021-01-08
9819,30633,698,3,Okay overall.,2021-05-31
9820,30633,284,4,Good value for money!,2021-08-18
9821,30645,883,5,"Excellent product, highly recommend!",2022-05-08
9822,30653,966,1,"Very disappointed, would not buy again.",2021-06-09
9823,30653,1127,5,"Excellent product, highly recommend!",2024-08-08
9824,30657,1186,4,Good value for money!,2025-04-21
9825,30670,520,4,Good value for money!,2024-07-22
9826,30677,445,5,"Excellent product, highly recommend!",2022-01-02
9827,30677,601,4,Good value for money!,2022-12-14
9828,30682,1065,3,Okay overall.,2024-07-14
9829,30692,970,5,"Excellent product, highly recommend!",2025-01-19
9830,30701,875,3,Okay overall.,2023-01-16
9831,30702,676,5,"Excellent product, highly recommend!",2023-05-19
9832,30705,417,2,Not great quality.,2020-12-17
9833,30710,678,5,"Excellent product, highly recommend!",2024-12-13
9834,30712,900,4,Good value for money!,2023-11-11
9835,30716,265,3,Okay overall.,2024-03-20
9836,30716,267,5,"Excellent product, highly recommend!",2025-04-12
9837,30716,332,3,Okay overall.,2020-03-02
9838,30722,5,5,"Excellent product, highly recommend!",2023-11-02
9839,30730,1004,3,Okay overall.,2022-07-12
9840,30731,1142,4,Good value for money!,2024-06-17
9841,30731,894,4,Good value for money!,2021-11-01
9842,30742,1159,3,Okay overall.,2024-08-04
9843,30742,338,5,"Excellent product, highly recommend!",2023-11-14
9844,30744,1036,4,Good value for money!,2024-07-13
9845,30746,1147,5,"Excellent product, highly recommend!",2021-02-25
9846,30751,38,4,Good value for money!,2023-12-31
9847,30755,1151,3,Okay overall.,2021-07-10
9848,30755,420,3,Okay overall.,2021-12-21
9849,30779,256,2,Not great quality.,2023-02-08
9850,30779,189,5,"Excellent product, highly recommend!",2025-06-07
9851,30779,219,2,Not great quality.,2023-01-13
9852,30779,182,2,Not great quality.,2023-03-12
9853,30782,657,5,"Excellent product, highly recommend!",2023-11-22
9854,30783,238,5,"Excellent product, highly recommend!",2020-03-08
9855,30784,988,3,Okay overall.,2022-01-10
9856,30785,905,4,Good value for money!,2025-02-12
9857,30785,503,4,Good value for money!,2021-03-11
9858,30785,996,5,"Excellent product, highly recommend!",2020-09-11
9859,30785,271,3,Okay overall.,2021-01-20
9860,30788,268,5,"Excellent product, highly recommend!",2023-07-18
9861,30800,504,3,Okay overall.,2025-10-01
9862,30808,5,5,"Excellent product, highly recommend!",2022-07-04
9863,30808,912,5,"Excellent product, highly recommend!",2024-11-28
9864,30808,701,5,"Excellent product, highly recommend!",2024-03-18
9865,30811,1173,4,Good value for money!,2023-01-22
9866,30832,962,5,"Excellent product, highly recommend!",2023-06-21
9867,30837,262,4,Good value for money!,2024-06-20
9868,30841,1154,4,Good value for money!,2021-03-20
9869,30843,1011,5,"Excellent product, highly recommend!",2021-05-09
9870,30843,1020,3,Okay overall.,2020-07-03
9871,30854,241,4,Good value for money!,2021-04-20
9872,30854,1197,4,Good value for money!,2025-10-08
9873,30857,186,2,Not great quality.,2025-10-22
9874,30857,336,5,"Excellent product, highly recommend!",2024-10-22
9875,30860,231,4,Good value for money!,2022-04-14
9876,30867,978,4,Good value for money!,2022-07-14
9877,30867,45,5,"Excellent product, highly recommend!",2021-02-01
9878,30873,1106,5,"Excellent product, highly recommend!",2020-04-24
9879,30873,1091,5,"Excellent product, highly recommend!",2021-09-04
9880,30873,20,5,"Excellent product, highly recommend!",2024-06-28
9881,30874,367,5,"Excellent product, highly recommend!",2020-09-28
9882,30879,426,5,"Excellent product, highly recommend!",2020-05-03
9883,30880,918,3,Okay overall.,2021-10-17
9884,30880,886,4,Good value for money!,2021-07-25
9885,30900,1142,4,Good value for money!,2024-08-05
9886,30900,1048,3,Okay overall.,2021-09-26
9887,30902,1165,5,"Excellent product, highly recommend!",2021-11-21
9888,30908,860,4,Good value for money!,2025-07-30
9889,30911,160,1,"Very disappointed, would not buy again.",2025-10-04
9890,30916,123,5,"Excellent product, highly recommend!",2021-07-12
9891,30916,5,4,Good value for money!,2023-04-05
9892,30931,809,4,Good value for money!,2025-01-03
9893,30933,486,3,Okay overall.,2025-01-03
9894,30933,762,5,"Excellent product, highly recommend!",2021-02-19
9895,30933,421,4,Good value for money!,2021-02-26
9896,30943,74,5,"Excellent product, highly recommend!",2024-11-15
9897,30943,933,4,Good value for money!,2021-05-18
9898,30943,906,5,"Excellent product, highly recommend!",2025-10-17
9899,30943,455,5,"Excellent product, highly recommend!",2023-04-04
9900,30945,1054,4,Good value for money!,2023-05-25
9901,30966,471,4,Good value for money!,2024-05-22
9902,30968,926,3,Okay overall.,2024-02-20
9903,30968,712,3,Okay overall.,2021-09-10
9904,30969,995,5,"Excellent product, highly recommend!",2022-10-09
9905,30969,968,5,"Excellent product, highly recommend!",2022-07-06
9906,30984,989,4,Good value for money!,2020-07-31
9907,30990,1088,5,"Excellent product, highly recommend!",2022-12-10
9908,30991,971,4,Good value for money!,2021-04-02
9909,30993,531,2,Not great quality.,2022-06-27
9910,30994,303,4,Good value for money!,2020-07-19
9911,30994,342,4,Good value for money!,2023-06-29
9912,30994,290,3,Okay overall.,2023-10-08
9913,30998,282,2,Not great quality.,2025-09-09
9914,31007,707,3,Okay overall.,2024-09-16
9915,31011,697,4,Good value for money!,2024-10-28
9916,31021,402,5,"Excellent product, highly recommend!",2020-01-30
9917,31022,687,5,"Excellent product, highly recommend!",2020-07-20
9918,31025,1087,5,"Excellent product, highly recommend!",2022-12-27
9919,31025,686,3,Okay overall.,2023-07-29
9920,31032,675,5,"Excellent product, highly recommend!",2020-07-08
9921,31032,469,3,Okay overall.,2022-05-04
9922,31032,1084,4,Good value for money!,2021-05-01
9923,31033,757,3,Okay overall.,2023-03-21
9924,31033,378,5,"Excellent product, highly recommend!",2020-07-28
9925,31041,975,4,Good value for money!,2024-12-26
9926,31047,327,5,"Excellent product, highly recommend!",2023-03-10
9927,31047,330,3,Okay overall.,2022-02-27
9928,31052,37,5,"Excellent product, highly recommend!",2024-07-08
9929,31052,704,5,"Excellent product, highly recommend!",2022-12-30
9930,31060,578,5,"Excellent product, highly recommend!",2023-03-01
9931,31062,1077,5,"Excellent product, highly recommend!",2025-01-20
9932,31065,439,5,"Excellent product, highly recommend!",2024-12-16
9933,31065,796,5,"Excellent product, highly recommend!",2022-11-05
9934,31069,1144,4,Good value for money!,2025-08-22
9935,31069,453,5,"Excellent product, highly recommend!",2025-10-11
9936,31075,748,5,"Excellent product, highly recommend!",2024-12-05
9937,31075,845,5,"Excellent product, highly recommend!",2025-05-22
9938,31075,336,4,Good value for money!,2022-11-12
9939,31075,762,4,Good value for money!,2022-03-30
9940,31085,1154,4,Good value for money!,2024-08-12
9941,31085,967,1,"Very disappointed, would not buy again.",2022-12-07
9942,31085,896,5,"Excellent product, highly recommend!",2025-05-12
9943,31085,938,4,Good value for money!,2024-09-20
9944,31086,894,5,"Excellent product, highly recommend!",2025-04-09
9945,31087,653,5,"Excellent product, highly recommend!",2025-05-19
9946,31091,36,5,"Excellent product, highly recommend!",2022-05-21
9947,31102,263,3,Okay overall.,2023-11-03
9948,31102,183,5,"Excellent product, highly recommend!",2020-12-03
9949,31102,323,3,Okay overall.,2020-06-20
9950,31102,181,4,Good value for money!,2024-01-11
9951,31103,670,3,Okay overall.,2025-05-13
9952,31112,362,3,Okay overall.,2023-11-25
9953,31124,342,4,Good value for money!,2021-12-22
9954,31129,1122,5,"Excellent product, highly recommend!",2023-04-16
9955,31129,960,4,Good value for money!,2023-02-26
9956,31129,882,5,"Excellent product, highly recommend!",2021-05-03
9957,31133,892,3,Okay overall.,2021-07-24
9958,31133,548,4,Good value for money!,2020-10-19
9959,31133,343,4,Good value for money!,2022-09-15
9960,31136,621,5,"Excellent product, highly recommend!",2021-02-02
9961,31136,201,5,"Excellent product, highly recommend!",2023-11-23
9962,31140,945,4,Good value for money!,2021-12-10
9963,31140,767,3,Okay overall.,2020-07-14
9964,31140,1134,4,Good value for money!,2020-09-17
9965,31141,686,4,Good value for money!,2025-05-24
9966,31141,313,5,"Excellent product, highly recommend!",2025-06-14
9967,31141,342,5,"Excellent product, highly recommend!",2024-08-13
9968,31141,177,5,"Excellent product, highly recommend!",2024-07-03
9969,31144,623,3,Okay overall.,2022-04-29
9970,31145,418,2,Not great quality.,2024-06-07
9971,31145,1174,5,"Excellent product, highly recommend!",2020-06-08
9972,31151,966,3,Okay overall.,2022-12-01
9973,31152,557,1,"Very disappointed, would not buy again.",2024-03-11
9974,31152,38,4,Good value for money!,2020-03-29
9975,31155,404,3,Okay overall.,2024-04-27
9976,31166,925,5,"Excellent product, highly recommend!",2021-01-16
9977,31175,892,4,Good value for money!,2025-02-15
9978,31181,1109,4,Good value for money!,2024-03-05
9979,31190,88,4,Good value for money!,2023-02-20
9980,31190,174,4,Good value for money!,2020-09-11
9981,31195,14,4,Good value for money!,2023-08-27
9982,31195,780,3,Okay overall.,2022-10-30
9983,31196,541,4,Good value for money!,2023-05-30
9984,31204,1196,5,"Excellent product, highly recommend!",2024-10-20
9985,31207,1126,3,Okay overall.,2024-12-10
9986,31216,871,4,Good value for money!,2023-07-13
9987,31231,55,4,Good value for money!,2022-10-03
9988,31235,827,4,Good value for money!,2023-06-11
9989,31236,498,5,"Excellent product, highly recommend!",2020-08-25
9990,31251,1067,4,Good value for money!,2022-10-01
9991,31264,1133,5,"Excellent product, highly recommend!",2024-02-05
9992,31264,437,3,Okay overall.,2024-04-06
9993,31266,200,3,Okay overall.,2021-08-31
9994,31270,869,5,"Excellent product, highly recommend!",2020-03-17
9995,31274,250,5,"Excellent product, highly recommend!",2021-05-15
9996,31277,930,3,Okay overall.,2024-08-30
9997,31278,909,4,Good value for money!,2024-01-21
9998,31278,915,4,Good value for money!,2024-08-29
9999,31279,1124,3,Okay overall.,2020-05-08
10000,31279,988,5,"Excellent product, highly recommend!",2024-02-25
10001,31281,731,5,"Excellent product, highly recommend!",2022-05-29
10002,31285,114,2,Not great quality.,2022-08-30
10003,31318,233,2,Not great quality.,2025-08-05
10004,31318,216,4,Good value for money!,2021-04-14
10005,31324,409,5,"Excellent product, highly recommend!",2020-10-25
10006,31324,442,3,Okay overall.,2025-02-15
10007,31324,886,4,Good value for money!,2023-12-05
10008,31326,995,5,"Excellent product, highly recommend!",2025-03-03
10009,31329,848,4,Good value for money!,2023-05-24
10010,31353,1155,4,Good value for money!,2020-01-01
10011,31359,101,4,Good value for money!,2022-03-05
10012,31360,692,5,"Excellent product, highly recommend!",2024-04-08
10013,31362,310,4,Good value for money!,2024-12-01
10014,31362,886,5,"Excellent product, highly recommend!",2022-04-06
10015,31363,661,5,"Excellent product, highly recommend!",2025-03-24
10016,31371,500,4,Good value for money!,2025-07-31
10017,31385,1109,2,Not great quality.,2025-07-03
10018,31385,670,3,Okay overall.,2025-06-16
10019,31385,365,3,Okay overall.,2021-08-31
10020,31388,1020,4,Good value for money!,2021-05-26
10021,31388,303,5,"Excellent product, highly recommend!",2022-07-28
10022,31388,195,5,"Excellent product, highly recommend!",2023-07-20
10023,31391,20,5,"Excellent product, highly recommend!",2020-04-20
10024,31397,661,4,Good value for money!,2021-05-17
10025,31397,971,3,Okay overall.,2024-06-07
10026,31417,190,5,"Excellent product, highly recommend!",2022-06-04
10027,31420,533,4,Good value for money!,2020-03-13
10028,31420,884,2,Not great quality.,2021-01-21
10029,31420,891,4,Good value for money!,2021-11-06
10030,31420,642,2,Not great quality.,2023-02-14
10031,31420,465,4,Good value for money!,2024-02-12
10032,31422,1101,5,"Excellent product, highly recommend!",2024-07-11
10033,31425,900,5,"Excellent product, highly recommend!",2022-08-13
10034,31425,932,5,"Excellent product, highly recommend!",2023-08-31
10035,31426,1039,3,Okay overall.,2024-08-04
10036,31428,138,1,"Very disappointed, would not buy again.",2020-03-13
10037,31431,904,5,"Excellent product, highly recommend!",2022-03-12
10038,31431,481,5,"Excellent product, highly recommend!",2022-02-15
10039,31432,1190,3,Okay overall.,2023-03-04
10040,31438,1047,4,Good value for money!,2024-07-07
10041,31438,919,5,"Excellent product, highly recommend!",2020-06-13
10042,31439,819,5,"Excellent product, highly recommend!",2024-08-04
10043,31440,1149,5,"Excellent product, highly recommend!",2022-12-25
10044,31440,363,2,Not great quality.,2021-06-22
10045,31444,848,4,Good value for money!,2020-09-24
10046,31444,506,3,Okay overall.,2024-09-28
10047,31444,354,4,Good value for money!,2020-07-28
10048,31444,552,4,Good value for money!,2024-02-04
10049,31452,1024,3,Okay overall.,2020-06-05
10050,31460,732,4,Good value for money!,2023-07-17
10051,31460,708,1,"Very disappointed, would not buy again.",2023-09-25
10052,31463,771,1,"Very disappointed, would not buy again.",2020-11-05
10053,31467,472,4,Good value for money!,2022-04-26
10054,31467,678,3,Okay overall.,2022-12-06
10055,31467,857,5,"Excellent product, highly recommend!",2023-02-21
10056,31467,741,5,"Excellent product, highly recommend!",2024-07-27
10057,31473,402,2,Not great quality.,2022-09-03
10058,31473,979,4,Good value for money!,2024-07-15
10059,31475,671,5,"Excellent product, highly recommend!",2022-04-22
10060,31479,901,5,"Excellent product, highly recommend!",2020-08-25
10061,31481,525,4,Good value for money!,2023-02-20
10062,31482,934,4,Good value for money!,2023-03-24
10063,31483,1071,3,Okay overall.,2025-07-06
10064,31483,661,5,"Excellent product, highly recommend!",2020-11-08
10065,31483,65,5,"Excellent product, highly recommend!",2021-05-31
10066,31497,288,5,"Excellent product, highly recommend!",2025-09-01
10067,31497,239,5,"Excellent product, highly recommend!",2025-03-30
10068,31497,1071,4,Good value for money!,2024-12-27
10069,31505,1059,4,Good value for money!,2024-01-30
10070,31509,1049,3,Okay overall.,2021-06-19
10071,31509,999,4,Good value for money!,2023-12-31
10072,31513,956,3,Okay overall.,2022-06-02
10073,31516,193,5,"Excellent product, highly recommend!",2020-11-26
10074,31516,964,2,Not great quality.,2025-01-09
10075,31517,1079,4,Good value for money!,2022-01-21
10076,31517,938,5,"Excellent product, highly recommend!",2023-04-27
10077,31517,790,1,"Very disappointed, would not buy again.",2025-04-26
10078,31527,265,4,Good value for money!,2023-04-16
10079,31528,958,3,Okay overall.,2023-07-08
10080,31528,215,4,Good value for money!,2022-07-02
10081,31529,38,3,Okay overall.,2024-02-27
10082,31541,188,3,Okay overall.,2023-12-16
10083,31541,907,5,"Excellent product, highly recommend!",2021-04-02
10084,31551,93,3,Okay overall.,2025-01-03
10085,31551,668,2,Not great quality.,2020-01-20
10086,31561,1138,3,Okay overall.,2025-05-10
10087,31561,330,3,Okay overall.,2022-05-01
10088,31561,336,3,Okay overall.,2021-10-21
10089,31564,653,2,Not great quality.,2021-11-04
10090,31565,905,5,"Excellent product, highly recommend!",2023-05-03
10091,31568,664,5,"Excellent product, highly recommend!",2021-04-07
10092,31568,1060,5,"Excellent product, highly recommend!",2022-05-09
10093,31568,1063,2,Not great quality.,2021-10-27
10094,31576,585,4,Good value for money!,2022-01-14
10095,31577,553,5,"Excellent product, highly recommend!",2020-02-17
10096,31577,1062,5,"Excellent product, highly recommend!",2021-11-23
10097,31577,318,4,Good value for money!,2022-03-02
10098,31578,221,5,"Excellent product, highly recommend!",2021-07-17
10099,31578,698,4,Good value for money!,2022-10-01
10100,31578,792,4,Good value for money!,2024-01-30
10101,31578,1187,2,Not great quality.,2025-08-14
10102,31581,794,5,"Excellent product, highly recommend!",2021-12-18
10103,31585,401,2,Not great quality.,2021-08-06
10104,31594,507,4,Good value for money!,2024-08-02
10105,31597,262,3,Okay overall.,2025-02-20
10106,31601,441,4,Good value for money!,2024-02-27
10107,31601,335,4,Good value for money!,2024-06-04
10108,31601,995,4,Good value for money!,2020-04-25
10109,31603,323,5,"Excellent product, highly recommend!",2024-01-19
10110,31603,1173,1,"Very disappointed, would not buy again.",2020-01-25
10111,31603,421,4,Good value for money!,2022-09-17
10112,31610,1145,3,Okay overall.,2025-06-03
10113,31610,1123,5,"Excellent product, highly recommend!",2024-01-12
10114,31614,1151,3,Okay overall.,2021-04-06
10115,31614,442,3,Okay overall.,2022-08-31
10116,31614,193,4,Good value for money!,2021-04-16
10117,31623,1014,4,Good value for money!,2023-05-01
10118,31630,1194,3,Okay overall.,2023-01-02
10119,31630,873,5,"Excellent product, highly recommend!",2022-01-02
10120,31633,1138,5,"Excellent product, highly recommend!",2020-12-19
10121,31640,1030,5,"Excellent product, highly recommend!",2021-03-11
10122,31641,883,3,Okay overall.,2020-09-23
10123,31651,978,5,"Excellent product, highly recommend!",2022-04-05
10124,31651,1002,4,Good value for money!,2024-01-18
10125,31671,1138,4,Good value for money!,2024-11-14
10126,31671,1186,2,Not great quality.,2023-01-22
10127,31671,948,5,"Excellent product, highly recommend!",2021-12-18
10128,31672,221,5,"Excellent product, highly recommend!",2024-08-29
10129,31672,45,4,Good value for money!,2024-10-01
10130,31676,399,5,"Excellent product, highly recommend!",2025-10-28
10131,31679,442,5,"Excellent product, highly recommend!",2024-09-06
10132,31684,385,5,"Excellent product, highly recommend!",2022-12-30
10133,31684,947,4,Good value for money!,2022-02-14
10134,31685,455,3,Okay overall.,2023-03-01
10135,31689,315,3,Okay overall.,2021-06-17
10136,31689,379,5,"Excellent product, highly recommend!",2022-09-13
10137,31689,461,5,"Excellent product, highly recommend!",2021-12-22
10138,31708,326,3,Okay overall.,2021-12-19
10139,31708,1098,3,Okay overall.,2022-08-30
10140,31717,1028,4,Good value for money!,2024-07-13
10141,31718,638,4,Good value for money!,2024-12-27
10142,31718,148,4,Good value for money!,2023-06-09
10143,31719,972,3,Okay overall.,2021-02-03
10144,31719,367,2,Not great quality.,2021-09-08
10145,31720,747,4,Good value for money!,2025-08-04
10146,31720,992,4,Good value for money!,2024-05-16
10147,31720,1057,3,Okay overall.,2023-06-16
10148,31725,338,5,"Excellent product, highly recommend!",2024-04-26
10149,31728,69,4,Good value for money!,2025-10-07
10150,31728,116,4,Good value for money!,2022-09-08
10151,31731,945,5,"Excellent product, highly recommend!",2024-09-08
10152,31734,1171,4,Good value for money!,2022-05-20
10153,31760,955,5,"Excellent product, highly recommend!",2022-12-10
10154,31764,507,3,Okay overall.,2024-09-04
10155,31771,552,2,Not great quality.,2024-04-20
10156,31771,275,5,"Excellent product, highly recommend!",2023-08-12
10157,31778,244,5,"Excellent product, highly recommend!",2020-01-01
10158,31798,1168,5,"Excellent product, highly recommend!",2022-10-07
10159,31798,1122,5,"Excellent product, highly recommend!",2022-06-21
10160,31798,1193,4,Good value for money!,2022-01-03
10161,31805,702,4,Good value for money!,2024-04-30
10162,31809,1078,5,"Excellent product, highly recommend!",2023-03-26
10163,31814,889,5,"Excellent product, highly recommend!",2025-06-26
10164,31814,1039,5,"Excellent product, highly recommend!",2025-08-04
10165,31825,748,2,Not great quality.,2023-10-26
10166,31825,791,5,"Excellent product, highly recommend!",2021-04-27
10167,31840,487,3,Okay overall.,2023-11-26
10168,31840,1149,5,"Excellent product, highly recommend!",2025-03-03
10169,31841,57,3,Okay overall.,2022-08-22
10170,31847,287,4,Good value for money!,2024-10-09
10171,31847,608,2,Not great quality.,2020-01-21
10172,31848,468,3,Okay overall.,2021-06-18
10173,31848,441,3,Okay overall.,2025-10-10
10174,31848,344,5,"Excellent product, highly recommend!",2022-11-10
10175,31850,673,5,"Excellent product, highly recommend!",2024-03-24
10176,31853,362,1,"Very disappointed, would not buy again.",2023-06-27
10177,31853,485,4,Good value for money!,2022-12-17
10178,31853,412,4,Good value for money!,2023-04-24
10179,31853,408,2,Not great quality.,2025-10-31
10180,31853,388,4,Good value for money!,2021-04-11
10181,31865,1099,5,"Excellent product, highly recommend!",2022-05-04
10182,31867,670,5,"Excellent product, highly recommend!",2024-03-17
10183,31868,579,3,Okay overall.,2024-01-09
10184,31868,651,3,Okay overall.,2022-10-14
10185,31868,543,4,Good value for money!,2025-10-08
10186,31871,390,4,Good value for money!,2023-04-14
10187,31875,1193,4,Good value for money!,2020-06-06
10188,31875,358,5,"Excellent product, highly recommend!",2025-07-15
10189,31876,294,3,Okay overall.,2022-03-30
10190,31876,767,5,"Excellent product, highly recommend!",2022-01-22
10191,31879,965,5,"Excellent product, highly recommend!",2023-04-02
10192,31879,1169,3,Okay overall.,2025-01-31
10193,31879,875,4,Good value for money!,2021-11-26
10194,31886,1031,3,Okay overall.,2020-11-28
10195,31897,273,4,Good value for money!,2025-06-03
10196,31897,291,5,"Excellent product, highly recommend!",2025-10-01
10197,31914,330,5,"Excellent product, highly recommend!",2020-01-07
10198,31915,538,3,Okay overall.,2021-09-03
10199,31916,107,4,Good value for money!,2022-02-12
10200,31916,1146,5,"Excellent product, highly recommend!",2023-07-24
10201,31916,310,4,Good value for money!,2025-10-22
10202,31922,101,5,"Excellent product, highly recommend!",2020-03-19
10203,31928,479,5,"Excellent product, highly recommend!",2023-04-02
10204,31928,484,5,"Excellent product, highly recommend!",2022-04-10
10205,31935,766,4,Good value for money!,2023-03-21
10206,31938,620,5,"Excellent product, highly recommend!",2025-07-13
10207,31939,1012,5,"Excellent product, highly recommend!",2021-09-14
10208,31942,1151,4,Good value for money!,2022-08-22
10209,31942,285,5,"Excellent product, highly recommend!",2025-09-27
10210,31945,458,4,Good value for money!,2021-04-12
10211,31945,963,5,"Excellent product, highly recommend!",2022-06-15
10212,31945,1149,4,Good value for money!,2023-03-09
10213,31947,29,2,Not great quality.,2023-02-03
10214,31955,934,5,"Excellent product, highly recommend!",2020-03-02
10215,31965,471,4,Good value for money!,2020-07-31
10216,31968,1108,4,Good value for money!,2020-12-06
10217,31974,1077,4,Good value for money!,2025-09-08
10218,31977,939,5,"Excellent product, highly recommend!",2022-02-05
10219,31977,484,2,Not great quality.,2023-05-02
10220,31979,491,4,Good value for money!,2021-07-14
10221,31979,477,5,"Excellent product, highly recommend!",2024-07-22
10222,31980,1171,4,Good value for money!,2023-12-06
10223,31986,1059,2,Not great quality.,2023-10-12
10224,31986,567,5,"Excellent product, highly recommend!",2024-09-10
10225,31988,885,4,Good value for money!,2022-09-09
10226,31993,925,5,"Excellent product, highly recommend!",2024-10-29
10227,31994,368,4,Good value for money!,2020-02-17
10228,31999,978,3,Okay overall.,2024-01-08
10229,32008,721,5,"Excellent product, highly recommend!",2021-06-28
10230,32017,1148,5,"Excellent product, highly recommend!",2025-10-19
10231,32019,1177,4,Good value for money!,2022-06-07
10232,32035,296,5,"Excellent product, highly recommend!",2023-08-21
10233,32035,567,3,Okay overall.,2021-07-11
10234,32044,1044,5,"Excellent product, highly recommend!",2022-11-24
10235,32044,981,5,"Excellent product, highly recommend!",2023-01-25
10236,32047,759,5,"Excellent product, highly recommend!",2020-09-17
10237,32047,972,4,Good value for money!,2024-11-20
10238,32047,276,4,Good value for money!,2020-05-29
10239,32047,962,5,"Excellent product, highly recommend!",2020-04-23
10240,32050,867,5,"Excellent product, highly recommend!",2021-01-28
10241,32056,908,4,Good value for money!,2021-08-20
10242,32056,571,1,"Very disappointed, would not buy again.",2024-10-27
10243,32057,914,5,"Excellent product, highly recommend!",2020-05-01
10244,32057,452,4,Good value for money!,2021-12-29
10245,32061,384,4,Good value for money!,2023-03-13
10246,32061,580,4,Good value for money!,2023-01-01
10247,32061,507,4,Good value for money!,2020-11-07
10248,32075,213,4,Good value for money!,2023-01-23
10249,32075,1129,5,"Excellent product, highly recommend!",2022-03-26
10250,32076,509,3,Okay overall.,2020-07-29
10251,32076,409,4,Good value for money!,2021-08-19
10252,32078,191,4,Good value for money!,2021-01-24
10253,32081,244,4,Good value for money!,2021-11-27
10254,32081,433,4,Good value for money!,2021-05-27
10255,32082,1185,4,Good value for money!,2023-02-04
10256,32098,859,3,Okay overall.,2025-04-22
10257,32102,538,5,"Excellent product, highly recommend!",2020-10-17
10258,32102,623,3,Okay overall.,2024-11-24
10259,32106,472,5,"Excellent product, highly recommend!",2021-04-17
10260,32109,782,5,"Excellent product, highly recommend!",2024-12-14
10261,32110,342,1,"Very disappointed, would not buy again.",2023-01-18
10262,32110,1058,3,Okay overall.,2020-10-07
10263,32116,795,2,Not great quality.,2021-01-08
10264,32117,910,5,"Excellent product, highly recommend!",2025-03-01
10265,32117,498,5,"Excellent product, highly recommend!",2024-01-08
10266,32121,416,4,Good value for money!,2024-07-11
10267,32121,248,2,Not great quality.,2020-03-06
10268,32121,909,5,"Excellent product, highly recommend!",2024-04-17
10269,32131,486,3,Okay overall.,2022-06-20
10270,32131,678,5,"Excellent product, highly recommend!",2025-04-09
10271,32143,378,5,"Excellent product, highly recommend!",2023-04-04
10272,32152,556,2,Not great quality.,2023-02-28
10273,32153,749,4,Good value for money!,2022-07-09
10274,32153,1137,3,Okay overall.,2025-06-27
10275,32153,952,3,Okay overall.,2021-11-23
10276,32162,1154,4,Good value for money!,2021-04-16
10277,32170,984,5,"Excellent product, highly recommend!",2025-10-06
10278,32170,880,2,Not great quality.,2025-08-30
10279,32170,173,3,Okay overall.,2020-04-22
10280,32172,183,2,Not great quality.,2023-04-08
10281,32173,985,1,"Very disappointed, would not buy again.",2020-08-12
10282,32178,1028,5,"Excellent product, highly recommend!",2024-03-31
10283,32178,972,5,"Excellent product, highly recommend!",2025-08-18
10284,32178,820,5,"Excellent product, highly recommend!",2024-12-27
10285,32189,562,4,Good value for money!,2021-03-27
10286,32194,531,4,Good value for money!,2024-04-21
10287,32199,971,3,Okay overall.,2024-11-22
10288,32201,965,4,Good value for money!,2021-04-28
10289,32201,982,3,Okay overall.,2024-09-22
10290,32201,870,4,Good value for money!,2023-10-11
10291,32202,846,3,Okay overall.,2021-12-14
10292,32204,1061,1,"Very disappointed, would not buy again.",2020-06-07
10293,32206,608,4,Good value for money!,2020-11-20
10294,32208,322,3,Okay overall.,2021-04-24
10295,32209,865,2,Not great quality.,2023-08-15
10296,32214,1074,5,"Excellent product, highly recommend!",2024-02-29
10297,32223,176,4,Good value for money!,2023-09-18
10298,32225,1004,4,Good value for money!,2024-02-24
10299,32225,1098,5,"Excellent product, highly recommend!",2023-09-18
10300,32236,1165,3,Okay overall.,2024-08-18
10301,32247,1059,4,Good value for money!,2020-04-05
10302,32248,1091,5,"Excellent product, highly recommend!",2023-10-07
10303,32248,1078,3,Okay overall.,2022-10-05
10304,32255,94,1,"Very disappointed, would not buy again.",2025-01-01
10305,32255,447,3,Okay overall.,2023-04-09
10306,32257,846,1,"Very disappointed, would not buy again.",2025-03-01
10307,32257,668,3,Okay overall.,2021-07-12
10308,32257,275,5,"Excellent product, highly recommend!",2024-05-05
10309,32258,1098,5,"Excellent product, highly recommend!",2020-09-28
10310,32258,1072,4,Good value for money!,2020-08-03
10311,32263,500,3,Okay overall.,2025-10-10
10312,32264,634,4,Good value for money!,2020-12-24
10313,32269,290,4,Good value for money!,2020-04-11
10314,32269,261,5,"Excellent product, highly recommend!",2021-09-01
10315,32270,263,5,"Excellent product, highly recommend!",2023-10-10
10316,32270,855,2,Not great quality.,2020-07-14
10317,32272,218,4,Good value for money!,2024-09-17
10318,32272,961,5,"Excellent product, highly recommend!",2023-05-04
10319,32274,337,5,"Excellent product, highly recommend!",2024-05-26
10320,32276,428,5,"Excellent product, highly recommend!",2021-04-13
10321,32276,438,2,Not great quality.,2023-05-31
10322,32280,769,2,Not great quality.,2024-02-17
10323,32291,277,4,Good value for money!,2020-01-11
10324,32291,288,3,Okay overall.,2020-02-13
10325,32291,298,4,Good value for money!,2020-09-11
10326,32291,395,5,"Excellent product, highly recommend!",2023-05-03
10327,32291,338,3,Okay overall.,2021-02-03
10328,32297,424,4,Good value for money!,2022-04-17
10329,32297,393,3,Okay overall.,2024-11-22
10330,32314,434,4,Good value for money!,2025-02-18
10331,32314,373,1,"Very disappointed, would not buy again.",2025-08-27
10332,32315,393,3,Okay overall.,2022-05-04
10333,32329,362,3,Okay overall.,2025-04-09
10334,32336,950,4,Good value for money!,2021-05-30
10335,32336,983,2,Not great quality.,2021-03-09
10336,32337,1039,4,Good value for money!,2022-06-01
10337,32337,330,4,Good value for money!,2021-05-02
10338,32337,762,5,"Excellent product, highly recommend!",2022-03-29
10339,32337,877,5,"Excellent product, highly recommend!",2024-04-21
10340,32360,334,2,Not great quality.,2022-05-27
10341,32364,1097,2,Not great quality.,2023-12-18
10342,32371,1138,3,Okay overall.,2025-10-06
10343,32371,260,5,"Excellent product, highly recommend!",2022-04-09
10344,32371,196,1,"Very disappointed, would not buy again.",2024-06-04
10345,32371,1077,2,Not great quality.,2025-07-20
10346,32372,910,3,Okay overall.,2024-11-25
10347,32381,426,2,Not great quality.,2021-12-08
10348,32381,897,3,Okay overall.,2024-08-23
10349,32381,451,5,"Excellent product, highly recommend!",2024-04-28
10350,32390,1100,4,Good value for money!,2022-02-23
10351,32400,771,2,Not great quality.,2024-04-28
10352,32400,995,4,Good value for money!,2020-10-27
10353,32400,499,4,Good value for money!,2021-08-02
10354,32400,287,4,Good value for money!,2021-11-20
10355,32406,1013,4,Good value for money!,2022-03-27
10356,32406,36,5,"Excellent product, highly recommend!",2021-03-28
10357,32407,278,3,Okay overall.,2022-04-01
10358,32417,62,5,"Excellent product, highly recommend!",2025-07-06
10359,32419,176,5,"Excellent product, highly recommend!",2023-04-30
10360,32420,1010,4,Good value for money!,2024-07-02
10361,32428,954,3,Okay overall.,2022-06-08
10362,32433,938,4,Good value for money!,2023-05-10
10363,32436,937,1,"Very disappointed, would not buy again.",2020-04-14
10364,32441,173,5,"Excellent product, highly recommend!",2020-03-20
10365,32448,148,5,"Excellent product, highly recommend!",2024-12-25
10366,32459,474,4,Good value for money!,2020-03-22
10367,32459,460,3,Okay overall.,2024-06-09
10368,32459,330,4,Good value for money!,2020-07-25
10369,32464,670,5,"Excellent product, highly recommend!",2024-02-23
10370,32464,1151,5,"Excellent product, highly recommend!",2022-09-29
10371,32470,525,5,"Excellent product, highly recommend!",2023-03-21
10372,32470,69,3,Okay overall.,2022-08-29
10373,32478,156,5,"Excellent product, highly recommend!",2025-09-27
10374,32484,142,3,Okay overall.,2025-06-16
10375,32489,579,5,"Excellent product, highly recommend!",2024-09-04
10376,32498,986,3,Okay overall.,2024-08-28
10377,32506,206,1,"Very disappointed, would not buy again.",2022-02-10
10378,32506,896,3,Okay overall.,2020-01-14
10379,32509,1025,2,Not great quality.,2022-03-04
10380,32509,667,5,"Excellent product, highly recommend!",2025-08-25
10381,32511,548,4,Good value for money!,2021-06-14
10382,32511,1150,5,"Excellent product, highly recommend!",2023-04-13
10383,32541,1086,4,Good value for money!,2025-05-22
10384,32547,303,5,"Excellent product, highly recommend!",2023-09-01
10385,32551,231,5,"Excellent product, highly recommend!",2020-02-15
10386,32553,344,5,"Excellent product, highly recommend!",2021-04-11
10387,32570,452,5,"Excellent product, highly recommend!",2020-02-24
10388,32570,809,5,"Excellent product, highly recommend!",2022-08-08
10389,32577,360,4,Good value for money!,2022-10-26
10390,32577,487,5,"Excellent product, highly recommend!",2022-07-19
10391,32577,381,5,"Excellent product, highly recommend!",2025-07-27
10392,32579,797,4,Good value for money!,2023-12-20
10393,32579,930,5,"Excellent product, highly recommend!",2024-06-28
10394,32579,1108,5,"Excellent product, highly recommend!",2021-11-19
10395,32579,293,1,"Very disappointed, would not buy again.",2023-04-19
10396,32588,926,5,"Excellent product, highly recommend!",2021-02-11
10397,32588,1174,4,Good value for money!,2021-05-22
10398,32588,991,3,Okay overall.,2021-09-11
10399,32588,915,5,"Excellent product, highly recommend!",2025-10-26
10400,32594,900,2,Not great quality.,2023-09-07
10401,32595,373,4,Good value for money!,2022-04-19
10402,32595,297,4,Good value for money!,2024-09-30
10403,32596,1029,4,Good value for money!,2021-11-01
10404,32607,219,4,Good value for money!,2020-02-04
10405,32607,450,5,"Excellent product, highly recommend!",2020-07-15
10406,32610,827,5,"Excellent product, highly recommend!",2020-11-16
10407,32610,683,3,Okay overall.,2024-11-15
10408,32618,60,5,"Excellent product, highly recommend!",2024-03-12
10409,32619,503,3,Okay overall.,2023-03-03
10410,32623,1132,5,"Excellent product, highly recommend!",2023-10-02
10411,32626,912,4,Good value for money!,2023-04-01
10412,32633,1142,1,"Very disappointed, would not buy again.",2024-06-13
10413,32637,249,3,Okay overall.,2025-09-06
10414,32643,746,4,Good value for money!,2020-10-22
10415,32643,1064,5,"Excellent product, highly recommend!",2022-09-16
10416,32652,207,3,Okay overall.,2021-07-24
10417,32652,447,5,"Excellent product, highly recommend!",2024-06-08
10418,32670,929,2,Not great quality.,2022-12-05
10419,32670,284,2,Not great quality.,2021-08-16
10420,32672,1104,4,Good value for money!,2024-11-20
10421,32672,767,4,Good value for money!,2022-06-22
10422,32675,943,5,"Excellent product, highly recommend!",2022-07-07
10423,32679,941,3,Okay overall.,2021-02-02
10424,32679,121,5,"Excellent product, highly recommend!",2022-01-14
10425,32680,588,4,Good value for money!,2022-05-10
10426,32680,916,1,"Very disappointed, would not buy again.",2023-02-12
10427,32680,534,4,Good value for money!,2021-10-13
10428,32683,365,2,Not great quality.,2024-05-08
10429,32684,1156,5,"Excellent product, highly recommend!",2024-03-06
10430,32684,1016,3,Okay overall.,2025-03-01
10431,32703,642,3,Okay overall.,2023-03-19
10432,32703,1023,3,Okay overall.,2020-05-19
10433,32705,442,5,"Excellent product, highly recommend!",2021-10-04
10434,32705,509,4,Good value for money!,2021-09-13
10435,32705,481,5,"Excellent product, highly recommend!",2020-10-21
10436,32711,1074,4,Good value for money!,2024-10-31
10437,32711,1027,5,"Excellent product, highly recommend!",2025-08-24
10438,32714,1043,4,Good value for money!,2020-04-13
10439,32714,1187,4,Good value for money!,2020-11-20
10440,32714,1164,4,Good value for money!,2022-10-27
10441,32717,451,4,Good value for money!,2023-04-25
10442,32718,381,4,Good value for money!,2021-08-18
10443,32724,676,5,"Excellent product, highly recommend!",2020-06-04
10444,32727,717,4,Good value for money!,2023-05-06
10445,32728,412,5,"Excellent product, highly recommend!",2020-03-12
10446,32729,906,4,Good value for money!,2024-03-21
10447,32729,985,4,Good value for money!,2023-09-09
10448,32729,923,5,"Excellent product, highly recommend!",2022-11-16
10449,32733,839,4,Good value for money!,2020-07-23
10450,32733,814,5,"Excellent product, highly recommend!",2021-02-28
10451,32735,228,5,"Excellent product, highly recommend!",2020-04-24
10452,32735,1051,4,Good value for money!,2020-12-15
10453,32736,548,4,Good value for money!,2020-02-11
10454,32745,741,4,Good value for money!,2020-11-14
10455,32757,411,5,"Excellent product, highly recommend!",2023-02-12
10456,32770,507,4,Good value for money!,2023-08-01
10457,32770,468,4,Good value for money!,2023-07-15
10458,32774,704,3,Okay overall.,2022-02-05
10459,32774,934,3,Okay overall.,2023-11-12
10460,32777,213,3,Okay overall.,2022-04-26
10461,32780,277,4,Good value for money!,2022-04-17
10462,32780,898,4,Good value for money!,2024-08-15
10463,32785,1111,5,"Excellent product, highly recommend!",2023-07-05
10464,32785,947,4,Good value for money!,2024-02-05
10465,32789,311,5,"Excellent product, highly recommend!",2024-03-31
10466,32789,358,4,Good value for money!,2023-02-26
10467,32791,822,4,Good value for money!,2021-10-15
10468,32791,1150,5,"Excellent product, highly recommend!",2020-10-27
10469,32805,956,2,Not great quality.,2024-09-11
10470,32805,1148,3,Okay overall.,2025-10-20
10471,32805,1177,4,Good value for money!,2021-08-06
10472,32805,1090,5,"Excellent product, highly recommend!",2020-11-02
10473,32810,459,4,Good value for money!,2024-06-23
10474,32810,708,5,"Excellent product, highly recommend!",2021-09-15
10475,32810,1047,5,"Excellent product, highly recommend!",2021-08-20
10476,32810,1193,2,Not great quality.,2023-10-31
10477,32810,846,4,Good value for money!,2022-12-26
10478,32812,469,5,"Excellent product, highly recommend!",2021-01-06
10479,32819,731,1,"Very disappointed, would not buy again.",2024-05-26
10480,32829,1145,5,"Excellent product, highly recommend!",2021-04-14
10481,32832,244,5,"Excellent product, highly recommend!",2025-02-06
10482,32839,862,5,"Excellent product, highly recommend!",2021-08-11
10483,32839,1023,5,"Excellent product, highly recommend!",2020-07-09
10484,32842,27,2,Not great quality.,2020-02-13
10485,32842,797,5,"Excellent product, highly recommend!",2023-11-09
10486,32844,196,5,"Excellent product, highly recommend!",2022-06-08
10487,32844,585,4,Good value for money!,2025-07-09
10488,32851,919,5,"Excellent product, highly recommend!",2020-03-25
10489,32854,896,4,Good value for money!,2021-01-17
10490,32854,100,5,"Excellent product, highly recommend!",2020-02-20
10491,32867,1126,5,"Excellent product, highly recommend!",2022-08-05
10492,32868,625,5,"Excellent product, highly recommend!",2023-03-06
10493,32868,289,4,Good value for money!,2024-12-30
10494,32868,959,5,"Excellent product, highly recommend!",2025-01-08
10495,32869,531,4,Good value for money!,2025-04-04
10496,32869,772,4,Good value for money!,2022-12-06
10497,32873,621,5,"Excellent product, highly recommend!",2021-01-02
10498,32876,383,5,"Excellent product, highly recommend!",2023-05-02
10499,32880,922,4,Good value for money!,2021-02-03
10500,32883,508,5,"Excellent product, highly recommend!",2022-09-02
10501,32898,964,3,Okay overall.,2025-03-15
10502,32899,1110,4,Good value for money!,2024-07-11
10503,32906,379,4,Good value for money!,2025-09-24
10504,32906,419,5,"Excellent product, highly recommend!",2024-08-26
10505,32906,349,5,"Excellent product, highly recommend!",2022-11-22
10506,32913,404,3,Okay overall.,2024-01-21
10507,32913,1059,2,Not great quality.,2023-05-21
10508,32916,618,3,Okay overall.,2021-02-11
10509,32916,45,4,Good value for money!,2020-02-13
10510,32916,132,4,Good value for money!,2022-10-24
10511,32916,36,5,"Excellent product, highly recommend!",2023-09-11
10512,32918,1124,4,Good value for money!,2024-08-17
10513,32940,1095,3,Okay overall.,2024-03-14
10514,32954,155,5,"Excellent product, highly recommend!",2022-11-09
10515,32964,1001,2,Not great quality.,2022-05-23
10516,32964,1142,3,Okay overall.,2025-01-05
10517,32964,984,5,"Excellent product, highly recommend!",2024-12-19
10518,32964,877,5,"Excellent product, highly recommend!",2020-11-25
10519,32964,10,5,"Excellent product, highly recommend!",2025-02-07
10520,32967,928,2,Not great quality.,2021-11-06
10521,32970,303,3,Okay overall.,2022-02-09
10522,32978,698,2,Not great quality.,2024-09-25
10523,32980,1123,2,Not great quality.,2022-07-02
10524,32981,481,4,Good value for money!,2020-07-10
10525,32982,861,5,"Excellent product, highly recommend!",2021-07-21
10526,32987,782,5,"Excellent product, highly recommend!",2023-03-12
10527,32987,698,3,Okay overall.,2021-09-16
10528,32988,635,5,"Excellent product, highly recommend!",2022-02-20
10529,32988,617,4,Good value for money!,2024-12-12
10530,32989,846,4,Good value for money!,2022-09-07
10531,32989,730,4,Good value for money!,2025-06-20
10532,32997,358,3,Okay overall.,2020-07-06
10533,32997,381,1,"Very disappointed, would not buy again.",2024-01-28
10534,32997,412,3,Okay overall.,2023-12-06
10535,32997,392,4,Good value for money!,2021-08-26
10536,32999,435,4,Good value for money!,2023-11-14
10537,32999,1096,4,Good value for money!,2024-07-06
10538,33002,241,4,Good value for money!,2024-02-17
10539,33003,934,5,"Excellent product, highly recommend!",2020-07-08
10540,33003,914,5,"Excellent product, highly recommend!",2025-05-17
10541,33003,686,4,Good value for money!,2024-11-19
10542,33004,971,4,Good value for money!,2022-05-02
10543,33006,801,5,"Excellent product, highly recommend!",2020-03-20
10544,33006,1045,5,"Excellent product, highly recommend!",2024-01-10
10545,33009,1193,5,"Excellent product, highly recommend!",2022-09-04
10546,33009,328,3,Okay overall.,2025-08-01
10547,33014,1012,3,Okay overall.,2024-01-25
10548,33014,895,3,Okay overall.,2024-10-18
10549,33016,672,4,Good value for money!,2024-05-07
10550,33016,601,5,"Excellent product, highly recommend!",2021-09-06
10551,33016,670,5,"Excellent product, highly recommend!",2024-08-29
10552,33024,787,2,Not great quality.,2020-08-30
10553,33028,1092,2,Not great quality.,2021-02-04
10554,33036,567,2,Not great quality.,2020-03-06
10555,33037,293,4,Good value for money!,2021-12-31
10556,33037,1051,5,"Excellent product, highly recommend!",2025-10-05
10557,33040,719,5,"Excellent product, highly recommend!",2024-11-19
10558,33040,1041,5,"Excellent product, highly recommend!",2021-06-22
10559,33042,961,4,Good value for money!,2022-09-19
10560,33042,60,4,Good value for money!,2023-09-13
10561,33044,561,4,Good value for money!,2024-07-01
10562,33051,878,1,"Very disappointed, would not buy again.",2025-03-02
10563,33058,726,5,"Excellent product, highly recommend!",2022-07-23
10564,33058,873,4,Good value for money!,2022-07-04
10565,33058,886,4,Good value for money!,2020-11-12
10566,33058,579,3,Okay overall.,2025-02-16
10567,33065,358,5,"Excellent product, highly recommend!",2025-07-03
10568,33065,387,5,"Excellent product, highly recommend!",2024-09-09
10569,33065,387,5,"Excellent product, highly recommend!",2023-11-14
10570,33065,385,3,Okay overall.,2024-07-19
10571,33077,504,4,Good value for money!,2024-05-21
10572,33077,484,4,Good value for money!,2023-09-05
10573,33077,509,5,"Excellent product, highly recommend!",2020-03-16
10574,33079,1169,5,"Excellent product, highly recommend!",2025-04-06
10575,33079,1140,5,"Excellent product, highly recommend!",2020-06-01
10576,33082,1011,3,Okay overall.,2020-01-27
10577,33086,804,4,Good value for money!,2022-12-01
10578,33094,976,5,"Excellent product, highly recommend!",2024-10-26
10579,33104,351,3,Okay overall.,2023-02-07
10580,33107,115,4,Good value for money!,2022-02-15
10581,33108,1010,5,"Excellent product, highly recommend!",2024-06-15
10582,33108,1176,4,Good value for money!,2022-08-24
10583,33116,1070,5,"Excellent product, highly recommend!",2023-09-30
10584,33117,801,5,"Excellent product, highly recommend!",2023-09-21
10585,33119,1154,4,Good value for money!,2022-09-13
10586,33133,511,2,Not great quality.,2020-11-27
10587,33145,206,5,"Excellent product, highly recommend!",2022-10-17
10588,33145,747,5,"Excellent product, highly recommend!",2020-02-03
10589,33145,819,4,Good value for money!,2023-12-21
10590,33154,629,2,Not great quality.,2021-07-30
10591,33158,1126,1,"Very disappointed, would not buy again.",2025-10-23
10592,33158,1175,4,Good value for money!,2024-08-21
10593,33158,1095,2,Not great quality.,2021-10-31
10594,33158,1067,3,Okay overall.,2022-02-15
10595,33159,1053,5,"Excellent product, highly recommend!",2025-09-06
10596,33159,676,5,"Excellent product, highly recommend!",2021-01-29
10597,33159,633,5,"Excellent product, highly recommend!",2024-08-09
10598,33165,803,5,"Excellent product, highly recommend!",2025-10-25
10599,33165,991,3,Okay overall.,2020-01-13
10600,33165,558,5,"Excellent product, highly recommend!",2025-07-23
10601,33174,970,5,"Excellent product, highly recommend!",2023-08-19
10602,33174,328,2,Not great quality.,2024-07-12
10603,33174,169,2,Not great quality.,2021-12-14
10604,33174,457,4,Good value for money!,2021-03-02
10605,33174,1118,5,"Excellent product, highly recommend!",2021-07-04
10606,33175,476,5,"Excellent product, highly recommend!",2025-05-13
10607,33180,911,4,Good value for money!,2021-09-14
10608,33184,457,4,Good value for money!,2023-03-25
10609,33185,565,5,"Excellent product, highly recommend!",2021-02-05
10610,33185,1098,4,Good value for money!,2021-11-07
10611,33185,982,5,"Excellent product, highly recommend!",2020-01-08
10612,33187,583,5,"Excellent product, highly recommend!",2023-04-07
10613,33187,669,5,"Excellent product, highly recommend!",2024-08-07
10614,33189,912,5,"Excellent product, highly recommend!",2021-12-13
10615,33199,289,5,"Excellent product, highly recommend!",2020-12-27
10616,33199,1140,5,"Excellent product, highly recommend!",2020-03-06
10617,33202,311,5,"Excellent product, highly recommend!",2020-06-30
10618,33205,1126,5,"Excellent product, highly recommend!",2025-08-26
10619,33206,364,3,Okay overall.,2020-06-21
10620,33206,971,5,"Excellent product, highly recommend!",2024-07-07
10621,33208,262,5,"Excellent product, highly recommend!",2020-03-13
10622,33208,899,4,Good value for money!,2020-02-25
10623,33211,490,4,Good value for money!,2023-03-03
10624,33214,83,5,"Excellent product, highly recommend!",2021-08-20
10625,33214,10,5,"Excellent product, highly recommend!",2024-01-16
10626,33214,187,3,Okay overall.,2025-06-22
10627,33216,427,4,Good value for money!,2022-04-19
10628,33216,715,1,"Very disappointed, would not buy again.",2024-10-08
10629,33218,646,4,Good value for money!,2020-04-09
10630,33220,57,2,Not great quality.,2022-05-29
10631,33220,175,5,"Excellent product, highly recommend!",2021-12-20
10632,33220,596,5,"Excellent product, highly recommend!",2022-07-05
10633,33220,340,5,"Excellent product, highly recommend!",2022-06-14
10634,33240,743,4,Good value for money!,2023-05-24
10635,33240,357,4,Good value for money!,2024-09-21
10636,33240,608,5,"Excellent product, highly recommend!",2025-05-15
10637,33241,1170,4,Good value for money!,2023-06-13
10638,33241,1194,4,Good value for money!,2024-12-11
10639,33241,1077,4,Good value for money!,2020-08-19
10640,33254,707,4,Good value for money!,2023-01-09
10641,33254,827,3,Okay overall.,2024-07-14
10642,33258,943,5,"Excellent product, highly recommend!",2025-06-06
10643,33258,36,2,Not great quality.,2023-08-12
10644,33261,909,4,Good value for money!,2020-07-10
10645,33261,1000,5,"Excellent product, highly recommend!",2022-07-09
10646,33261,272,3,Okay overall.,2024-05-29
10647,33267,906,5,"Excellent product, highly recommend!",2020-04-08
10648,33268,1097,2,Not great quality.,2021-12-26
10649,33268,1185,5,"Excellent product, highly recommend!",2023-07-05
10650,33269,221,4,Good value for money!,2022-02-23
10651,33269,959,5,"Excellent product, highly recommend!",2020-08-17
10652,33269,262,4,Good value for money!,2025-09-12
10653,33272,694,2,Not great quality.,2021-09-18
10654,33277,238,3,Okay overall.,2021-03-31
10655,33279,1093,5,"Excellent product, highly recommend!",2023-03-06
10656,33279,1095,3,Okay overall.,2021-10-06
10657,33279,1086,2,Not great quality.,2020-01-11
10658,33280,964,4,Good value for money!,2024-06-28
10659,33280,50,5,"Excellent product, highly recommend!",2025-10-24
10660,33280,91,3,Okay overall.,2023-10-10
10661,33280,793,2,Not great quality.,2023-11-14
10662,33280,358,4,Good value for money!,2020-08-15
10663,33288,1021,5,"Excellent product, highly recommend!",2021-08-10
10664,33288,487,4,Good value for money!,2024-07-06
10665,33289,933,4,Good value for money!,2025-02-21
10666,33292,981,4,Good value for money!,2023-03-28
10667,33292,727,5,"Excellent product, highly recommend!",2025-05-31
10668,33292,741,3,Okay overall.,2024-06-19
10669,33305,709,3,Okay overall.,2023-09-15
10670,33305,172,5,"Excellent product, highly recommend!",2025-06-21
10671,33305,757,5,"Excellent product, highly recommend!",2023-09-28
10672,33305,1044,4,Good value for money!,2023-11-23
10673,33305,180,5,"Excellent product, highly recommend!",2020-02-20
10674,33305,287,4,Good value for money!,2022-09-04
10675,33308,967,2,Not great quality.,2021-08-22
10676,33321,403,5,"Excellent product, highly recommend!",2024-12-02
10677,33327,327,5,"Excellent product, highly recommend!",2021-10-01
10678,33340,584,3,Okay overall.,2021-06-23
10679,33345,877,5,"Excellent product, highly recommend!",2021-03-01
10680,33349,1028,4,Good value for money!,2021-09-21
10681,33349,200,4,Good value for money!,2023-09-24
10682,33351,1172,5,"Excellent product, highly recommend!",2025-07-21
10683,33355,348,4,Good value for money!,2020-05-25
10684,33355,415,3,Okay overall.,2024-02-02
10685,33355,291,5,"Excellent product, highly recommend!",2020-07-03
10686,33355,366,5,"Excellent product, highly recommend!",2020-01-19
10687,33356,951,4,Good value for money!,2021-09-10
10688,33356,824,3,Okay overall.,2022-05-13
10689,33378,1108,4,Good value for money!,2024-01-08
10690,33378,874,5,"Excellent product, highly recommend!",2023-07-31
10691,33382,612,5,"Excellent product, highly recommend!",2023-04-23
10692,33388,5,5,"Excellent product, highly recommend!",2022-06-12
10693,33393,271,4,Good value for money!,2024-12-01
10694,33393,975,5,"Excellent product, highly recommend!",2021-12-24
10695,33393,409,3,Okay overall.,2025-04-30
10696,33393,866,3,Okay overall.,2020-10-15
10697,33395,896,1,"Very disappointed, would not buy again.",2025-08-30
10698,33395,864,5,"Excellent product, highly recommend!",2025-02-06
10699,33395,121,2,Not great quality.,2024-11-18
10700,33399,427,5,"Excellent product, highly recommend!",2022-07-17
10701,33403,552,4,Good value for money!,2020-02-16
10702,33407,762,5,"Excellent product, highly recommend!",2021-03-11
10703,33417,953,2,Not great quality.,2025-03-06
10704,33417,936,5,"Excellent product, highly recommend!",2022-10-09
10705,33422,426,3,Okay overall.,2025-02-25
10706,33426,403,2,Not great quality.,2024-11-06
10707,33426,1155,3,Okay overall.,2023-02-01
10708,33426,862,4,Good value for money!,2022-11-24
10709,33427,690,3,Okay overall.,2021-02-25
10710,33430,628,5,"Excellent product, highly recommend!",2025-10-13
10711,33430,846,5,"Excellent product, highly recommend!",2023-12-17
10712,33433,307,5,"Excellent product, highly recommend!",2024-03-30
10713,33434,255,4,Good value for money!,2025-03-30
10714,33434,226,5,"Excellent product, highly recommend!",2021-01-26
10715,33434,786,3,Okay overall.,2020-02-07
10716,33437,177,5,"Excellent product, highly recommend!",2025-07-30
10717,33442,845,4,Good value for money!,2023-08-08
10718,33442,686,4,Good value for money!,2025-05-26
10719,33442,393,4,Good value for money!,2023-09-13
10720,33445,424,3,Okay overall.,2022-04-02
10721,33445,362,5,"Excellent product, highly recommend!",2021-08-28
10722,33446,861,5,"Excellent product, highly recommend!",2023-03-12
10723,33449,907,3,Okay overall.,2020-05-07
10724,33452,741,3,Okay overall.,2023-01-28
10725,33452,1141,5,"Excellent product, highly recommend!",2022-06-28
10726,33455,228,4,Good value for money!,2024-03-23
10727,33455,540,5,"Excellent product, highly recommend!",2025-07-12
10728,33458,501,2,Not great quality.,2023-11-11
10729,33468,343,2,Not great quality.,2024-04-08
10730,33468,416,5,"Excellent product, highly recommend!",2020-02-04
10731,33468,36,4,Good value for money!,2023-05-24
10732,33468,479,5,"Excellent product, highly recommend!",2023-06-23
10733,33473,281,1,"Very disappointed, would not buy again.",2023-01-28
10734,33473,1172,5,"Excellent product, highly recommend!",2021-07-07
10735,33474,891,5,"Excellent product, highly recommend!",2022-05-24
10736,33478,942,3,Okay overall.,2024-10-29
10737,33478,360,4,Good value for money!,2023-12-28
10738,33483,951,5,"Excellent product, highly recommend!",2024-06-11
10739,33483,1018,2,Not great quality.,2025-09-16
10740,33483,241,3,Okay overall.,2024-12-22
10741,33483,936,4,Good value for money!,2021-08-26
10742,33486,386,4,Good value for money!,2024-10-08
10743,33486,564,5,"Excellent product, highly recommend!",2024-05-01
10744,33499,208,3,Okay overall.,2022-07-13
10745,33504,981,1,"Very disappointed, would not buy again.",2023-09-03
10746,33507,837,3,Okay overall.,2025-04-30
10747,33510,1001,5,"Excellent product, highly recommend!",2024-08-04
10748,33510,1005,3,Okay overall.,2022-05-03
10749,33510,929,5,"Excellent product, highly recommend!",2022-04-24
10750,33510,905,3,Okay overall.,2022-03-05
10751,33516,1173,2,Not great quality.,2020-06-21
10752,33516,1191,5,"Excellent product, highly recommend!",2020-10-21
10753,33518,802,1,"Very disappointed, would not buy again.",2022-02-23
10754,33518,708,2,Not great quality.,2021-01-10
10755,33518,754,5,"Excellent product, highly recommend!",2023-05-05
10756,33518,725,5,"Excellent product, highly recommend!",2020-10-14
10757,33519,354,5,"Excellent product, highly recommend!",2021-01-24
10758,33521,377,5,"Excellent product, highly recommend!",2021-09-03
10759,33522,382,3,Okay overall.,2022-11-11
10760,33523,1084,3,Okay overall.,2025-06-06
10761,33523,391,5,"Excellent product, highly recommend!",2020-02-10
10762,33528,502,3,Okay overall.,2025-09-30
10763,33528,795,3,Okay overall.,2020-08-21
10764,33528,381,1,"Very disappointed, would not buy again.",2024-03-20
10765,33530,304,5,"Excellent product, highly recommend!",2023-02-20
10766,33540,1059,5,"Excellent product, highly recommend!",2025-05-15
10767,33540,1180,3,Okay overall.,2020-09-25
10768,33540,1184,4,Good value for money!,2020-07-01
10769,33541,894,4,Good value for money!,2020-03-06
10770,33543,1190,1,"Very disappointed, would not buy again.",2025-10-04
10771,33550,505,4,Good value for money!,2022-05-13
10772,33563,881,5,"Excellent product, highly recommend!",2020-05-30
10773,33563,975,3,Okay overall.,2025-05-15
10774,33566,856,4,Good value for money!,2024-12-01
10775,33566,622,5,"Excellent product, highly recommend!",2022-10-13
10776,33567,459,1,"Very disappointed, would not buy again.",2023-06-15
10777,33567,404,4,Good value for money!,2023-10-03
10778,33573,388,5,"Excellent product, highly recommend!",2023-10-02
10779,33575,963,5,"Excellent product, highly recommend!",2021-06-08
10780,33575,937,4,Good value for money!,2020-06-09
